Subject,Sender,Message
wkshp   early   e    uralic interaction,jacobsk@ere,
job announcement  academium sinica,hscyt@ccvax,
knowledge language bibliography,trwa1@le,
service update,N/A,due sgnfcnt rpd polcy chnge recently mplement mny mjor serch engne  updte our publcton evlute ste s exposure rsk opportunty  http    www  stestrteges98  com unsubscrbe  plese clck lnk below enter eml ddress  http    www  stestrteges98  com  unsubscrbe  html
job announcement,cptsaus@cc,
hypermedium den geisteswissenschaften,N/A,lle nteressentnnen und nteressenten von hypermedum  nwendungen und entwcklungen  der rbetskre hypermedum der gesellschft fuer lngustsche dtenverrbetung  gldv   letern de ks  dr  ngelk storrer  ds mnnhem  wrd sen nechst rbetstreffen 20  junus 1997 nsttut fuer kommunktonsforschung und phonetk der unverstet bonn bhlten  der workshop wrd unter dem them gesteswssenschftlche hypermedum  nwendungen stehen  ds progrmm koennen se unter http    www  dsmnnhem  de  grmm  bonn  html ensehen  nteresserte telnehmernnen und telnehmer us hrem berech snd herzu herzlch engelden  ueber zusgen b fretg  dem 13  6  1997  wuerde ch mch sehr freuen  mt freundlchen gruessen  bernhrd schroeder nsttut fuer kommunktonsforschung und phonetk unverstet bonn poppelsdorfer llee 47 d53115 bonn t    49 228 735621 f    49 228 735639 web  sete de kp  http    www  kp  unbonn  de web  sete der gldv  http    www  kp  unbonn  de  gldv web  sete de ks  http   www  dsmnnhem  de  grmm  k  html
season greeting santa ,N/A,snt onlnenow wsh hppy holdy  merry chrstms hppy  prosperous  onlnenow world wde drectory http    onlnenow  net  frme
re  6  823  qs  german  nostratic  romanization  chinese error ,N/A,shoebox content  length  298 s  fct query need post sk nostrtc prove pont group us long go lst need publc  lngustc generl  llow nformton work lngustcs  whether gree
hokan  penutian conference,delancey@darkw,
futuresignal,fsremove@do-it,
did work   calsvxtn,N/A,hello thnk stop   mny pc hot vdeo  most erotc  stop our guest oodles free fun  clck here enter thnk busness pst  hven
re  5  1470 open letter  language ,N/A,der collegue  wsh request lest revew work  opyt srvnenj nostrtcheskx jzykov  lte v  m  llch  svtych  rght folks much nterest de  nostrtc hypothess   one those  dr  jcob cflsch  sr  theoretcl lngustc  slvc sometme drector  polsh progrm unv  south flord tmp 33620
genderless lg,N/A,content  length  2009 h gender  mss somethng lst  understnd rght clm lnguge totlly lck gender system somethng scence fcton  response show  defntely cse ndo  europen lne nturl conceptul  grmmtcl   ctegory  lbert ortmnn  mong  pont e  g  urlc lnguge generlly lck gender  pont cse fnnsh  lnguge grmmtcl gender mrker  prncple  rtcle   dvson mle  femle pronoun system  prtculr  spek fnnsh dstncton between nmte  nnmte  person  nml  object  de refer pronoun  se   yet slght comment ortmnn s theory cse  gender  pont cse relze once np seem concevble  lest fnnsh pont vew  ttrbute  s  hed must concord cse  hope nterest  pont urlc fennc scholr ntve spek lngust  best regrds  jn lndstrom dept  scndnvn lg unversty helsnkus
zero down internet opportunity ,N/A,0 down nternet opportunty  complete computer system  e  com web ste pckge  tutorl   ll tech  ern bg whle lern nfo  520615  3253
advertise million million free     1958 ,N/A,kck web ste u  p notch    5  0  web ste  free dvertse   fnlly  esy dvertse web ste product  s  pen 18 month gther nformton web ste free lmost free dvertse  whle py  25   10  0 per  dvertsement  dvertse product  servce ste  wthout py nythng  ren  92t ctch  requrement  ble plce lnk ste one smple keystroke  why compny llow put lnk pge free  t  ht  web ste  receve  mo  re web pge worth dvertser  dvertser py  10  0  0 d run one month  dvertser  ste  serch d  mens t  ste ht  therefore worth dvertser  s  putt d lnk free  beneft web ste   92ve probbly surf web few ste llow yo  u plce lnk pge  mll  5  0 ste llow  even fre  e ste  ech ste  one  try plce  lnk  our soft  wre llow plce lnk ste one smple keystroke  our softwre sve thousnd  hour ten thousnd dollr  hundred our softwre sell product  servce  s  sme  thousnd ht per dy web ste  remember  ht web ste  ste  worth dvertser  lnk 5  0  web ste  busness sky rocket overnght  here few rel lfe exmple our softwre   fter receus  vng softwre  mmedtely plce lnk 5  240 web ste  wthn 2 hour  receve hundred ht web pge  web counter hgh 12  362 ht one dy    progrm soluton  don  92t  much computer  softwre everythng  bou  t fve mnute type requre nformton  next dy lredy over 100 nqury product    spend thousnd dollr try dvertse compny  product  lttle success  fter progrm  s  w mmedte result  receve nqury  sell product  7 dy  14 month  better yet  ddn  92t s  pend nythng    fter softwre  receve over 8  0 nqury  ly 10 dy  try month progrm help mrket  product   92ve  couldn  92t put prce tg softwr  e   92 mze   progrm worth  put lnk 5  0  web ste  free  ten thousnd dollr worth free dvertse  smple keystroke  hssle serchus  ng over nternet free ste dvertse product  servce   web pge  let softwre work  put dus  sk follow smple drecton  don  92t even compute  r lterte softwre  softwre sell much  295  vlble lmt  99  0  prce   92t  fford  much one d cost wtho  ut softwre  py nywhere  25   10  0 one d   order wt  hn next 3 dy     buy our softwre 5  0 free ste  39  0  s rght order wthn next 3 dy  39  0  order softwre  plese fll follow nformton sheet  send check   plese llow 7 10 dy check clernce  plese form below   feldco 7620 mckellp rod pmb  450 scottsdle  z 85257 rush  fx check 760 7799571 nclude eml  ddress   ye order wthn 72 hour  softwre pckge 5  0  ste order send v eml mmedte downlod shp expense   nme                                                     ddress                                                   phone number                                              e  ml ddress                                                                                                                       84472
cable decsrambler  6  99 ,N/A,relly cool  premum chnnels py per vew events     free       test throughout europe    esy ssemble pln  6  99 usd  send pln dy receve order  wtchng hbo  showtme  move chnnel  py per vew event  dult stton  scrmble sgnl next week  esly ssemble cble descrmbler less 30 mnute  probbly mny dvertsment smlr pln     ours better  compre ctully mproved qulty smplfed desgn      even nclude photos    our plns re better   esy red  esy ssemble pln  6  99 usd  dvertse much  49  0 usd wt week receve  others s true  prt vlble locl electroncs store  cll sk before order  does ndeed work  need prt  s 270235 2711325 278212 rg59 coxl cble   12 copper wre  vrble cpctor    prt descrbe nme nstructon      specl order vrble cpctor     why wt specl order       secure supply cpctor drectly mnufcturer  nclude one pln ddtonl  10  0 usd  legl  provde course pln eductonl purpose   s fun   re sure  ll enjoy  our fmles sure   need one descrmbler ech tv  monthly blls   6  99 usd pln  10  0 usd vrble cpctor  16  99 usd esy ssemble pln one vrble cpctor   1  50 usd shp hndle nterntnl orders  py check money order pyble  hobby pro 336 bon r center  254 greenbr  c  94904 us plese provde self ddress envelope prorty delvery  py postge  rush order  nt 1
re  3  375 gent conference,N/A,s nyone deprtment blngul educton unv  tex  ustn nformton vlblty work school system  type certfcton requre  etc    certnly pprecte help clue  brett rosenberg unv  rzon dept  spnsh  portuguese
precoling 92  symposium computational semantic,uszkoreit@coli,
sorry delay  fqtfsqvb,N/A,hello thnk stop   mny pc hot vdeo  most erotc  stop our guest oodles free fun  clck here enter thnk busness pst  hven
call paper,dvillum@nmsu,
here send own bulk email,N/A,webste tech bulk eml product  servce  busness opportunty successfully    trget eml product servce locl  specfc re fct  whle mny try bulk eml  few successfully  why   mny buy bulk eml softwre long mllon ddress  stll supply necessry nformton must successfully bulk eml  here rest nformton bulk eml progrm lst seller never must  begnner  ste tech 1st grde  complete stepby  step nstructons  softwre  ddress strt effectve bulk eml mmedtely  speed 250  0 eml per hour  fster   nt py someone else send bulk eml    never relly s  yourself  nclude  trget eml product servce locl  specfc re plus   complete nstructons send bulk eml   nformton smtp server   bulk frendly  sps  sure eml delver  red heder nformton  put  clck here  lnk bulk eml  send bulk eml color  nformton nternet why bulk eml  much  much    free 8 mllon eml ddresses vlble downlod rght   free eml lst mngement softwre  sort  count  flter  combne  etc  lghtn spee    stelth mssmler softwre regster sve 50        free softwre demo utomtclly keep sgn ol ndefntely   serch engne submsson softwre demo  much      note  whle softwre obtnble ste vluble  secondry vluble nformton obtn regrd send bulk eml  cost membershp  99  0     lmt offer  cll ccess   352315  6069 provde professonl bulk eml servce  cll detl
sunshine ,365@-856777947,
t,sophium@ling,
book  pragmatic,groefsema@hert,
policy,linguist@tamvm1,
american dialect society,aallan@aol,
germanenglish automatic translator,santo@igd,
wow  college degree internet   ,N/A,college busness degree month    s rght   ern  bchelor  mster doctorte degree  prestgous unversty months nsted completely legtmte    enroll one mny nontrdtonl degree progrm offer mny country top ccredt school  school mercn unversty  brghm young  colordo stte unversty  drtmouth  drke  george wshngton 100 s currently offer nontrdtonl degree progrm lmost every feld study  busness  ccount  medcl  lw etc     cse  ern month nsted mny through correspondence nternet study  never leve home here s best prt   one ever ern unless   tell     competton techncl trde school force mn strem unversty offer lterntve degree progrm   beneft   comple pcket lst over 700 ccredt nonccredt unversty offer progrm smll fee  29  95 send  here s  270 pge document contn  1  comprehensve lst over 700 us foregn school  over 500 stte otherwse ccredt  offer trdtonl  nontrdtonl degree progrm bchelor doctorte lmost every feld study  2  nformton ech school lst nclude degree offer  pply  contct fee lon  grnt nformton  3  lst over 50 stte gency govern unversty educton progrm  therefore nvestgte concern legtmcy yourself ech ndvdul school  4  fnlly  fun  nclude lst over 200 unversty  commonly  dplom mll  sell degree dplom wsh  prce rnge  5   100   s doctor house   smply send  29  95 us fund  check money order   john wllce db wllce sle grp  341 bttersweet henderson ky 42420   don  t forget e ml ddress   eml wthn 48 hr  fter receve order  thnk  further queston  drop lne ddress bove    reson vld e  ml ddress ttch offer due fct dsble severl occson llegl prctce cll  ml bomb      physcl ddress  bove wllce sle grp  home offce s ownershp  scm lmost lwy p  o  box  ddress verfy through code 502 nformton  sk  wllce  bttersweet ln   henderson ky   customer vld eddress upon order    exclude offer  plese respond ddress bove  confrmton letter removl send refund stmp  honor requests removl
q  gogo  speaker,N/A,m try work nonsegmentl phonology gogo  g11  phd  lttle dtum collect untl fr cler pcture tone  ccent noun  hence beg help  s nyone nyone ntve speker lnguge  provde ddtonl dtum  rlf grosserhode
affirmative d o ,raj@beattie,
offer close march 31  1999,N/A,offer close mrch 31  1999 nnouncement offer sell nor solctton offer buy securty  offer prospectus  net world mrket  nc  10  0  0 common shre                      prce  0  10 per shre                      copy prospectus obtn drectly compny  copy prospectus obtn stte where offer leglly dstrbute  net world mrket  nc  400 n  woodlwn  sute 18 wcht  ks 67208 tel   800  9926616 fx   316  6880998
inquiry re  slang rock music,caroza@aol,
sociolinguistic  dialect list,listserv@uga,
personal message     ,dkg@daltek,
please read wont regret  22043,N/A,our reserch ndcte follow mterl nterest  prefer lern esy much need ncome  plese  smply delete letter  further nsure eml nture  severl unversl  remove  lst subscrbe nternet  flter eml ddress send gnst  remove  lst over 2  0  0 subscrber  plese ccept pology send error                                                                  50  0  less 90 dy red enclose progrm    red gn                                                                 letter ttenton  red  m sure gree gret pln  der frend  enclose nformton somethng lmost let slp through fnger  fortuntely  sometme lter rered everythng study  plese sme  s smple  wn leve cold fgure yourself  further down letter nformton receve bot mrket  10  0 fresh eml ddress locton best softwre  free softwre  send lrge quntty eml   normlly knd softwre severl hundr dollr  even esy understnd  prove  step step nstructon success progrm  fct  help strt  m thnkful  s hrd beleve smple  relly smple  even support vum eml nytme need  wn knd help progrm nture  dfference world  nme nne bowmn  31  yerold grdute student despertely try fnsh degree begn work choose feld  lucky enough job crowd mrket  most dy ge  hrd end meet  student help stuton  ever buy one box mcron cheese screm   return school fter work severl lttle potentl cheve expect lfe  fgure return school receve ph  d severl opportunty cheve gol  fter fellow grdute student receve degree  depressngly  respectble poston choose feld begn   oh gn   four extr school extr  20  0 student lon top frst  18  0  sme hppen   begn doubt ptence long term nvestment school  decde enough enough   why cnt rel money nsted wt grdute gurntee lucrtve return effort   wrte shre experence hopeful student  nyone opportunty fnncl stuton own hnd  hope consder opportunty serously chnge lfe forever    fnnclly    once strt lttle  md october 97 receve progrm  nt send  sk  nme off ml lst  took sgn    fter red severl  sure red correctly  perfect sense  here moneymkng phenomenon  nvest much wnt strt  much cost pzz    wthout put further debt  fter pencl pper fgure  lest money bck  fter determne progrm legl chn letter  decde  nothng lose   ntlly send 15  0 eml   wthout cost  couple hour onlne  gret thng eml nt need money prnt send progrm  fulfl order  vst onlne mrket vlble everyone own computer  follow dvce person whom receve letter  tell  hope nt turn off  promse myself  rpoff  nyone  mtter much money cost  fter receve report expln everythng  generl queston  however  fter send report  1  plese feel free contct dvce need  one week  strt receve order report  1  md november  receve 40 order report  1  red gurntee progrm  must receve 15 20 orders report  1 wthn 2 weeks don  t send progrms untl   frst step  50  0 20 90 dy  begn december  receve 174 order report  2  bck gurntee   must receve 100 orders report  2 wthn two weeks  send progrms untl  once 100 orders  rest s esy  relx   50  0 gol    174 order report  2  74 need  st bck relx  jnury 20th  eml 15  0  receve  54  0 ever dy  gret thng progrm begn process over over gn wthout lmt potentl ncome  py off student lon  together everythng lern school  sve order open own busness relte feld soon grdute  plese red ttch progrm  chnge lfe forever  remember  wn work nt try  progrm work  must follow exctly  especlly rule try plce nme dfferent plce lst  nt work   ll lose lot money  report  2 expln  lwys follow gurntee  15 20 order report  1 100 order report  2  50  0 20 90 dy  m lvng proof works   choose prtcpte progrm   m sorry  relly gret opportunty lttle cost rsk  choose prtcpte  follow progrm fnncl securty  fellow grdute student  luck sympthse  person fnncl trouble consder letter sgn plese dvntge opportunty  won  t dspponted  sncerely  nne bowmn follow testmonl bottom letter too leve down move here  exctly feel frst feel   frst week fter strt progrm torture  nt wt relly work fter ml frst btch letter  chuckle every dy wlk post offce envelope  esy  stll cnt beleve s hppen   don msterson  troy  ny                                                                 here down nstructon porton letter    legl  moneymkng phenomenon  prnt letter  red drecton  red gn    embrk most proftble unque progrm ever  mny over  demonstrte prove blty generte lrge mount csh  progrm show fntstc ppel huge evergrow onlne populton desrous ddtonl ncome  legtmte  legl  moneymke opportunty  requre contct  hrd work  best  never leve house  except ml bnk  truly lucky brek  ve wt  smply follow esy nstructon letter  fnncl drem true  follow correctly  electronc  multlevel mrket progrm work perfectly    100  every  thousnd progrm   rse cptl strt own busness  py off debt  buy home  cr  etc    even retre  chnce  nt pss                                                                                    overvew extrordnry electronc multlevel mrketng progrm                                                                                   bsclly   send thousnd product  5  0 cost next nothng produce eml  multlevel busness  buld our busness recrut prtner sell our product  every stte u  s  llow recrut multus  level busness onlne  vum computer   product progrm seres four busness fnncl report cost  5  0 ech  ech order receve vum  snl ml  nclude    5  0 csh  nme number report order  eml ddress where eml report order  fll ech order  smply eml product buyer   5  0 yours  most esest electronc multlevel mrket busness nywhere  follow nstructons letter prepred rep stggerng benefts         n s t r u c t o n s        must  1  order 4 report show lst below  cnt sell nt order    ech report  send  5  0 csh  nme  number report re orderng  eml ddress  return postl ddress  cse problem  person whose nme pper lst next report   plce order  sure order ech four report  need four report sve computer resell   wthn few dy receve  vum eml  ech four report  sve computer ccessble send 1  0 s order  2  mportnt   lter nme lst next ech report  sequence lst  nstruct below step   through  d  lose mjorty proft  once understnd works  understnd why doesn  t work chnge  remember  method test  lter  work   below lst vlble report  b  fter  ve order four report  replce nme ddress under report  1 nme ddress  move one down report  2  c  move nme ddress under report  2 down report  3  d  move nme ddress under report  3 down report  4  e  nme ddress under report  4 remove lst doubt collect 50 grnd  plese sure copy everyone s nme ddress ccurtely    3  entre letter  nclude modfy lst nme  sve computer  chnge nstructon porton letter  4   re redy strt dvertse cmpgn nternet  dvertse nternet  nexpensve  hundreds free plce dvertse  eml  fr  prove tself best medum progrm  emler best frend eml lst  buy lst under  20  20  0 ddress py someone mnml chrge cre ml  sure strt d cmpgn mmedtely  ech dy pss whle dy wthout proft  5  every  5  0 receve  must eml report order   s  lwys provde smedy servce orders  gurntee eml send  nme ddress  prompt cnt dvertse untl receve report                                            vlble reports                                              order ech report number nme    note   lwys send  5 csh ech report  lwys send order v frst clss ml  sure csh concel wrp lest two sheet pper  one those sheet pper  nclude    number  nme report order   b  eml ddress   c  postl ddress   prnter best                                                                   report  1   250  0 through multlevel sles  order report  1  b  k  19785 w  12 mle rod  871 southfeld  m 48076 us      mportnt note       us dollr currency plese  once gn  sure csh concel wrp lest  two  sheet pper                                                                  report  2  mjor corportons multlevel sles  order report  2  n  k  l serngoon centrl post offce po box 750 sngpore 915509                                                                  report  3  sources best mlng lsts  order report  3  chrstn s po box 1092  jkb 11010 ndones                                                                  report  4  evlutng multlevel sles plns  order report  4  j  f  j p  o  box 342 mccormck  sc 298350342 us      mportnt note      personl success due send eml prospectve prtcpnt  hppy help strt 10  0 free current eml ddress locton severl free progrm llow send lrge quntty eml esly  eml fresh ddress softwre nformton sme dy receve report request  jot down  free help plese  report request send  5  mny cse cre ml chrge  receve rel eml ddress send report contct queston   progrm prtcpnt  leve offer nme move down lst  honor durton progrm  move down  nme  next poston send frst mlng                                                                                                                                                here  s mzng pln  money                                                                              let s decde strt smll work  ssume gol 10 prtcpte frst level   plce lot free d nternet esly lrger response   ssume everyone else orgnzton 10 down lne member  follow exmple cheve stggerng result below  1st level   10 member  5                                     50 2nd level   10 member those 10   5 x 100                     500 3rd level   10 member those 100   5 x 1  0             5  0 4th level   10 member those 1  0   5 x 10  0      50  0 totls              55  550 remember frend  ssume prtcpte recrut 10 ech  moment hppen 20 prtcpte  most 100 s prtcpnt   cost prtcpte prctclly nothng  surely fford  20 chnce  55  0   obvously lredy nternet connecton eml free    report  3 show most productve method bulk eml purchse eml lst  lst  bulk eml vendor even work trde  50  0 onlne every month         tps success         tret busness  prompt  professonl  follow drecton ccurtely   send four report mmedtely order strt  receve  5 order  must send request product  report comply u  s  postl  lottery lw  ttle 18  secton 1302 1341 ttle 18  secton 3005 u  s  code  code federl reg  vol   16  secton 255 436  stte  product servce must exchnge money receve    lwys provde smedy servce orders receve   ptent persstent progrm  follow nstructon exctly  result undoubtedly successful   bove  fth yourself succeed         success gudelne        follow gudelne gurntee success   t stress enough mportnt next secton s     nt receve 10 20 order report  1 wthn two week  contnue dvertse untl   couple week lter receve lest 100 order report  2  nt  contnue dvertse untl  once receve 100 order report  2  relx  system lredy work  csh contnue roll  s mportnt remember  every nme move down lst  plce front dfferent report  keep trck progress wtch report order  wnt generte ncome  send nother btch eml strt whole process gn  lmt ncome generte busness  note  need help strt busness  regster busness nme  ncome tx hndle  etc   contct locl offce smll busness dmnstrton  federl gency  free help nswer queston   nternl revenue servce offer free help vum telephone free semnr busness tx         t e s t m o n l s        frst week fter strt progrm torture  nt wt relly work fter ml frst btch letter  chuckle every dy wlk post offce envelope  esy  stll cnt beleve s hppen  don msterson  troy  ny progrm work  must follow exctly  especlly rule try plce nme dfferent poston  wn work  ll lose lot potentl ncome   m lve proof work  relly gret opportunty reltvely esy money  lttle cost  choose prtcpte  follow progrm exctly   ll fnncl securty  sen mclughln  jckson  ms nme frnk  wfe  dor  lve bel  r  md  cost ccountnt mjor u  s  corporton pretty money  receve progrm grumble dor receve  junk ml   fun whole thng  spout knowledge populton percentge nvolve    nt work  dor totlly gnore suppose ntellgence jump both foot  mercless fun  redy ly old  tell  thng nt work     lugh  wthn two week receve over 50 response  wthn 45 dy receve over  147  200  5 bll  shock  sure fgure nt work  m belever  jon dor  hobby   seven untl retrement   rt rce  s  owe mlm  frnk t   bel  r  md wnt pss long best wsh encourgement  doubt vnsh frst order  even check u  s  post offce verfy pln legl  defntely  works    pul johnson  rlegh  nc mn reson letter convnce system honest  lwful  extremely proftble  lrge mount money short  pproch severl before check  jon one expect return mnml effort money requre  stonshment  receve  36  470  0 frst 14 week  money stll  sncerely yours  phllp  brown  esq  gmble type  severl week mnd prtcpte pln  conservtve  decde ntl nvestment lttle nt enough order lest money bck  boy  surprse medumsze post offce box crm order  whle  overlod strt pck ml wndow   ll money 10 lfe before  nce thng del nt mtter where u  s  lve  smply nt better nvestment fster return  mry rocklnd  lnse  m receve progrm before  delete  lter wonder nt try  course  de contct nother copy  wt untl eml nother progrm  11 month pss    nt delete one      41  0 frst try   wlburn  munce  thrd prtcpte pln  qut our job  soon buy home bech lve off nterest our money  erth pln work  ske  fmly s ske nt pss golden opportunty  luck hppy spend  chrle frchld  spokne  w order reports tody strted rod fnncl freedom
dependency grammar  correction  reaction  reformat,2276@compuserve,
sum  linguistic imperialism,N/A,two wek go post queston whether lngustcs s orgn mperlstc efford  pont cse rbc grmmr  ltn snskrt   snskrt cse qute obvously ft  o  k   put provoktve fshon  formulte shrply relly mnd  recton vvd  cse ndum  snskrt   pont snskrt cse concern preserve  correct  lnguge dnger bee lose otherwse relgous text unredble   mchel newmn  krl v  teeter  mechthld reh  europen cse  generlly  ntenton emncpton ltn  own country sttus respectble romn empre   mchel newmn  mechthld reh  spnsh  frst grmmr publsh 1492  before concest merc  fll kngdom grnd   mchel newmn  nynorsk  rse concepton nynorsk  lndsml  norwy 1800 prt ntonlst recton dnsh rule  mperlsm   s long story  nynorsk never succeed domnte norwy   m frd   jon hrede rbkke  lngustc emncptory efford   mechthld reh  gupt below   term  mperlstc    npproprte term   mperlst  sense once conquest  subjugton  perhp somewht unethcl   one spek   term nchronstc   mchel newmn  re lngust mperlst  severl sk whether drecton  certnly nt   lngustc help nswer lot queston  greek sophstc trdton   queston lngustc ttempt suddenly bee successful ntonl level  thus  de refer lngustcs bee  m  bee evl   ctully   m lngust   generl ggreement   grmmr book englsh  18th century  together erly dctonry   most nsecurty  mddleclss englsh speker fce lnguge  ltnse  nterestngly   brtsh venture ndum north merc  concde perod    m frd nt  relly ctul dte   m  memory    peter tn however  nthe frser gupt pont   spenny  18c orthoepst  mllenrn erly soclst  beleve  everyone pronounce correctly  socl dscrmnton bse ccent  dspper everyone equl  mllenum   etc   seem generl  condton fvor mperlsm  socety fvor growth knd study  socety   socety fford work expnson  fford support functon ntellectul    s nturl socety through mperlstc  phse  knd resource exst socety bend  purpose support mperlst expnson  mron kee  d her theory prescrptonst grmmr rse unte  stte reclm dmnsh boundry between  socl clss  dolect tody certnly reflect socl clss   curous erly work  erly englsh  grmmr much reference relgon pst glory  lnguge  englsh guess  1700 s   pper justfcton wellconstruct lnguge  lnguge  1  hommge god  snce most erly  grmmrn  pprently beleve lnguge dvne gft  seprte mn best   2  erler de ltn  greek nerperfectly construct lnguge shft over  englsh  beleve proper cre englsh succeed nerly  perfect  effort must contnue  tom mcclve  scence  develop  stte lwy wnt mperlstc   orgn  per se  scence mp  frst   oldest stll observe  lest   stte  mrc  belnger tp further red  pennycook  lstr  1989  concept method  nterest knowledge  poltc lnguge tech  tesol qurterly 23  589  trnscton phlologcl socety 1974  3364  under nme nthe frser shelds  unversty chcgo press   poltc lngustc
latvian language policy,mittonm@carleton,
 purchase uncollect judgment  ,gardernst67@yahoo,
50  position japan  o  hayo senseus  11 available,issue@ohayosenseus,
100,cmv@fll,
cuba,cmstg@ceniaus,
 sycopahnt   sign fig ,bgbus@musicb,
20 asian girl day  ,N/A,plese note one ml receve further nvtton us  over ge 18 hottest dult entertnment nternet tody  clck here somethng  ve never seen before  http    member  xoom  com  xq36tst  door  html
submit 600 is definitely,N/A,spm  receve messge member sfeml lst  wsh prt lstclck here                                                                  wnt ste found submt 600 s defntely web ste lttle unless those nterest  submt web ste 600 dfferent serch engne drectory  gurnteed submsson mjor serch engne nclude  lt vst ol netfnd excte hotbot nfoseek lyco  mgelln northernlght plnet serch web crwler yhoo  netscpe snp  com sve yourself trouble promote web ste submt600 tody    40 mllon web ste 400 mllon web pge dd every dy  thus  tody chllenge ever ste esly  wnt ste found clck here trouble log our url plese eml us request nformton regrd submt 600 clck here
nlp job summary,ln@frmop11,
ijb web site correction,N/A,web ddress nterntonl journl blngulsm  nclude content pge  2 vol  1   http    www  ncl  c  uk   nspeech  resjb  htm  wrong puctuton nclude erler post
free y2k fix        adv    ,y2kfreetest@popmail,
conf  salsa iii,salsa@utxvm,
 1000 day within 3 month ,mmfbiz2@hotmail,
 free   400 bulk mail software  explodes business ,N/A,eml ddress person nterest busness opportunty    s correct  plese  20 ccept pology  contct gn                                                           provde  400 bulk eml softwre low cost long dstnce  plus own home busness free  dvntge offer  need become dstrbutor downlne  free dstrbutorshp chnge long dstnce  20 servce our low rte pln  once obtn d   20 send everythng promse letter   provde free web pge  free  20 mrket pckge nclude d  letter  softwre  much  let expln  strtup cost   20 sgn fee   20 mnmum volume   20 meetng   20  20 nt wonder buld busness   20 follow prove pln  s smple  serous fnncl future  reply messge put freedom subject   20 fnncl future wthn grsp  nswer busness growth problem   free    20 red    sk spend money  nt wnt trsh one    bsolutely  free   softwre cll  freedom   sell  400  sk  money  freedom softwre llow extrct eml ddress  newsgroup  ol subscrber  etc  freedom mny feture  nclude esy extrcton ddress  need flg removl  extrct  btch  few hundr    ctgory  thousnd  busness  explode    20 bet  hs     become prt  downlne entre world   20 hs cpblty  long  freedom   provde  gret    free busness   promote nternet off   20 freedom busness provde   freedom   20 current busness  need strt onlne bz tody even free web pge become dstrbutor downlne   20 quck free detl  ht reply  freedom  subject lne receve nformton excte opportunty rght wy  forwrd response
workshop computationallyintensive methods quantitative linguistics,cimql@stats,
sociolinguistic symposium 12 update,freeland@port,
thief  proof car,N/A,thef  proof cr perpherl connecton prove done perpherl connecton  otcbb  pepo  world sfer plce  lest cr own one  pepc s whollyown subsdry skynet 2001 test prove ledngedge technology semlessly mrry globl poston gsm dgtl cellulr proprety vect nvehcle motor  mngement control system  totlly thefproof vulnerble truck  hgh rsk vn  cr  skynet 2001 tomorrow s technology tody  wrp vehcle nvsble  net  rdo  electrcl  electronc  mechncl  ultrsonc  telemtc  everwtch stellte protecton spn contnent  lone drver ttck solte spot nywhere protect wthn 25 seconds  utomtclly skynet    her  drver  vehcle  lod under ttck  crsh  lert emergency servce  stel key frutless  system remotely mmoblze motor  operte stellte moble phone    thef  hjcker  crsh cton  control center tlk thef ct  through vehcle s telephone   wtch  report  event ccdent  tell trp drver pssenger help whle sfely mmoblze vehcle s electrc fuel supply  mny pplcton  trckmontor chld  precous tem  hevy duty plnt mchnery  vluble crgo  even movement prsoner   46or nformton both skynet product perpherl connecton s excte specultve growth opportunty eml ht reply  sky  subject lne fx follow nformton free report  ye  plese send nformton skynet 2001 perpherl connecton  nme                                    phone                     ddress                                                                        e  ml ddress                          fx  619839  3687
visit us tropic,N/A,flord  bhms  cncun fmly holdy               select enter lmted  fmly getwy 2 dults 3 chldren 4 dults  offer vlble world wde lmt  selected enjoy  1  4 dy 3 nght mgcl orlndo flord  home dsney world where enjoy hosptlty ether comfort sute holdy nn  blst free fmly pss wtermn wter prk orlndo  receve orlndo  mgc crd  enttle hundreds dollrs worth dscounts orlndo re       2  enjoy 3 dy 3 ngh sunny coco bech flord  lve hlton overlook tlntc ocen    put kd bed erly       enjoy 2 complmentry dult csno cruse tckets      3  complmentry lmo rentl cr unlmt mlege sty flord  must crry mjor credt crd cr rentl depost  regster dvntge once lfetme holdy qulfy enjoy         specl onlne offer    reply wthn 48 hour recept receve  2 bonus mnus vcton  4 dys  3 nghts beutful cncun  mexco prmde cncun bech resort    4 dys  3 nghts nssu  grnd bhm mrrott crystl plce resort  csno  678 2 dult 3 chld  4 dult        qulfy need secure promotonl fee mjor credt crd gurntee trvel dte  regster  http    trvelk  tzo  com contest  lottery sweepstkes  qulfy bse demogrphc ge  re lve  etc  qulfy entrnt contct one our experence trvel representtve full detl  one phone cll per household   feld must fll completely order vld entry  nfo remn completely confdentl   cover fee except ncdentls phone  food  grtuty  hotel tx py drectly hotel
search,N/A,doe nyone wherebout dr peter hwkn  phonetcn  lte ednburgh  queen elzbeth college    scotlnd  seek collborte one selfnstructonl computer course french phonetc notton  mcro move long need one bm pcs  help ether serch
re  6  199 ipa,N/A,why must knd stuff decde vote  snce obvously p membershp equl nterest mtter never  cheve us jon p force ssue   pck   never representtve  why let nvsble hnd  mrket  de operte freely nsted  fewer fewer p s mdeup symbol  ether orgnzton become completely rrelevnt  own mnd respond  mrket force   perhp group step propose system mnfestly better nyone else s  cheve stndrdzton  relly few top nme phonetcs together edtor few journl  probbly somethng  smply nywhere else  someone publsh truly superor system strt  fnlly  relty  seem certn trend occur nywy prtculr resstnce hchek correspond p symbol wne  put nconsstency mercn v  cndn v  brtsh spell  probbly here  gonn worry somethng  worry those cse where te sme symbol dfferent commonly menng  j   y   lexs mr
linguistic journal  syntaxis,montse@uhu,
made bold strides natural health,N/A,herbl energy regenerton mde bold strdes nturl helth most mportnt  progrm  blty control own helth    nturl s   nvte enjoy frst mny gft erth perfect formulte over mny dr  nellum ford morgn  rn  nd  bt nturopthc physcn  mde helth every one dr  morgn s product crefully  reserch  test purest herbl product  sdeeffects    vst our webste clck here nformton clck here cll 619423  8342 herbl energy regenerton 2222 corondo ve  sute e  442 sn dego  c 921542037                                                     nterested bulk mlng  clck here under bll s  1618 ttle  pss 105th u  s  congress letter consder spm long nclude  contct nformton  remove lnk clck here removed mlng http    www  globlremove  com prevent bulk emler ml future
re  word own opposite,morpurgo@vax,
re  5  1240 internet  accessible linguistic datasource,romary@lorium,
rid debt     ,N/A,py off 30 mortgge much less py off credt crd debt py off debt wthout bnkruptcy py off student lon py off busness lon py off judgment py off chld support py off rs len py off property tx len py rent lese py off phone  utlty  etc   bll    ll py debt   100  0  nt py us bck  ever  relze sound unrelstc   too true   smple strghtforwrd  fx nformton 10 mnute phone converston  dscover  wthout ever hvng py us bck  here s need  complete follow form  fx  425  2352206  together ddress verfcton  drver s lcense  utlty bll  depost slp  etc   debt mngement speclst cll fter receve nformton expln progrm  plese cut dot lne fx lower porton                                                          nvte jon debt mngement club sm t member  2170 undersgn hereby gree dsclose nformton  regrd debt mngement club nyone  further gree compete dmc u  s    nywhere world  nme                                          dte           ddress                                                                                                              cty                                  stte                   phone                                zp                      sgnture                                                   nvte jon debt mngement club sm t member  2170  nt forget ttch vld form ddress verfcton before fx form 425235  2206   debt mngement club 5318 lurel cnyon blvd    104 vlley vllge  c 91607 ph  818763  1000  ext  2101 fx  818769  7358
web site internet gold mine   ,N/A,remove nstructon below  vst our web ste  http    www  nterwse  cc web ste nternet gold mne    unlmt toll free tech support our product mc lrgest nternet softwre compny country crry nternet softwre progrm vlble gurntee bet prce  cll 808876  1550 cut edge eml technology   express ml server  mc  275 lmt  best eml progrm  try  red messge  prove work nywhere less downlod demo free our full servce web ste  complete step step nstructonl tutorl  try before buy  love  s bulk emler drem true   sme softwre  695  0   495  0 l  s  enterprse cll  808876  1550 nformton order copy tody  275  lmt   fx order  nfo request   808  8786869  nclude nme  phone number  eml ddress  vst our web ste  http    www  nterwse  cc  cnt log ste cll us  sometme ste overlod ht  60 mllon eml ddress excellent  remove lst  servce vlble  99  ccept mjor credt crd  vs  mster crd  mercn express  dscover crd ccept check fx  smply fx check  808878  6869 nt hestte  cll tody offer lmt  express ml server  express ml server  ems  bulk eml softwre thng work  ems trnsform computer personl ml server  ddtonl hrdwre  ems softwre complete control mlng  ml send orgnte computer delver drectly mlbox recpent  snce ml orgnte computer  longer necessry nternet servce provder s ml server  prevous generton stelth clok type progrm  work uplod ml provder s ml server  progrm send ml through provder ml server wthout uthorzton  consder theft servce   problem  prevous generton stelth type progrm uplod messge fster ml server process  mny cuse provder s ml server bog down crsh  obvously  provder furous  furthermore  send hundred thousnd messge  unfortuntely  most smply flter delete ml server  lucky 10   20  ml delver  ems softwre computer emulte ml server ctully control wtch ml delver pece pece  100  delvery rte progrm nywhere nternet  100  delvery rte nternet eml ddress  bold clm true  ltest techncl dvnce bulk eml snce dvent stelth type progrm  progrm verfy domn vldty eml ddress before send ml  drmtclly reduce bounce bck undelverble  bounce bck undelverble sure bog down server  control where wnt bounce bck ml  eml ddress wnt ems  ems work dl nternet ccount   ol consder dl nternet ccount  sdn lne t  1 t  3  run wndow 95 nt  her person lose dl ccount softwre  one reson bulk eml frown upon numerous sp s  nternet servce provder  try send much ml  quck crsh ml server sp  wn hppen ems softwre snce nt snce nt ml server sp send ml  progrm ctully send ml drectly computer   bon fde ml server  recpent ml server vod potentl block prevent rech those ml lst   forge  heder rndomze nythng 100  ml delver  lthough progrm llow rndomzton customze heder  send ml omt      reply  porton heder  wnt send messge color  problem ems  select font color mouse  clck bckground color  wnt font bold put tlc  pont clck  wnt messge center shft leve rght  once gn pont clck  unlke   sme  dfferent nme  softwre strghtforwrd esy  log ol  lredy computer d need ems  provde techncl support phone nswer queston  ems work wndow 95 nt computer  requre ddtonl hrdwre softwre  ems softwre send speed 80  0 messge per hour delvered modest pentum 28  8 modem  rte drmtclly ncrese sdn cble modem course t  1 even fster  wnt dvntge brekthrough bulk eml technology us cll number below  nt pln repet mlng product dvntge opportunty  cost  275  0  money spend consder buy stelth  mny    operte sme   400  hppy stelth nt mnd frequent loss dlup ccount  lot complnt  lot ml delver due block crsh ml server delete ml  long result low response rte mlng  defet purpose eml frst plce  few wre technology  lredy lep bound hed competton  usng  sell nythng wsh  over over   consder decde offer ml servce   ve probbly eml clm send dvertsement eml cost  200 per 100  0  most nt relze 20 30 ml py send ctully delver  ml servce proftble  softwre  dvertse servce mllons free  cd roms 60 mllon ddress help strt  purchse  vst our web ste  http    www  nterwse  cc  cnt log ste cll us  sometme ste overlod ht  cll  m  c  phone   808  8761550 fx   808  8786869 plce order tody whle supples  ll hppy send demo copy nswer queston  cll us our full servce web ste ddress                                                                  remove our ml lst dd our  globl remove lst  smply  http    www  ctct  com remove request respectfully process mmedtely
egift certificate  2126587900  82936699,off221@excite,
snow    ,N/A,remove ml lst clck here congrtultons  select enter lmted  fmly holdy 2 dults 3 chldren 4 dults  selected enjoy     4 dy 3 nght mgcl orlndo flord  home dsney world where enjoy hosptlty ether comfort sute holdy nn  blst free fmly pss wtermn wter prk orlndo  receve orlndo  mgc crd  enttle hundreds dollrs worth dscounts orlndo re           enjoy 3 dy 3 ngh sunny coco bech flord  lve hlton overlook tlntc ocen    put kd bed erly       enjoy 2 complmentry dult csno cruse tckets          complmentry lmo rentl cr unlmt mlege sty flord  must crry mjor credt crd cr rentl depost   regster dvntge once lfetme holdy qulfy enjoy         specl onlne offer    2 bonus mnus vcton  4 dys  3 nghts beutful cncun  mexco prmde cncun bech resort    4 dys  3 nghts nssu  grnd bhm mrrott crystl plce resort  csno  678 2 dult 3 chld  4 dult        qulfy need secure promotonl fee mjor credt crd gurntee trvel dte   regster    clck here regster  contest  lottery  sweepstkes  qulfy bse demogrphc ge  re lve  etc  qulfy entrnt contct one our experence trvel representtve full detl  one phone cll per household   feld must fll completely order vld entry  nfo remn completely confdentl   cover fee except ncdentls phone  food  grtuty  hotel tx py drectly hotel
brazilian international conference cognitive science  iii ebicc ,eliane@cle,
conf maritime terminology,campenhoudt@euronet,
re  american  english australium,jmar2@mfs01,
money stuff envelope,N/A,der future ssocte  work home  set own hours  strt ern bg money short newspper dvertse  job stuff ml envelope our compny  receve  2  0 ech every envelope stuff ml  follow our smple nstructon money esy 1 2 3 exmple stuff ml 200 envelope receve  400  0  stuff ml 400 receve  800  0  stuff ml 500 receve  1  0 never before eser money home  our compny s home ml progrm desgn lttle experence provde smple  step step nstructon  pror experence specl skll necessry prt  stuff envelope  need help honest relble home worker  overlod work our stff hndle  expnd our ml progrm expect rech mllon our offer throughout us cnd  our system stuff ml envelope smple esy  requre buy envelope postge stmp  gldly furnsh crculr cost  ssure prtcpnt our progrm never ml nythng objectve offensve  quot meet  contrct sgn  work much  lttle wnt  pyment ech envelope send gurnteed  here receve frst pckge  nsde 100 envelope  100 lbel 100 sle letter redy stuff ml soon stuff ml frst letter  pyment rrve shortly  therefter  order free supples stuff ml envelope money  our sle lterture stuff ml contn nformton outlne our hghly nformtve mnul dvertse ntonwde  free gft receve specl mnul vlue  24  95  bsolutely free  jon our home mler progrm  plus own specl code number  much py  reorder envelope  our compny supples smple  free bonus wnt confdent our compny ensure busness long  beneft job  1  qut present job  ern money home 2  between  2  500  4  500 month depend mount spend stuff ml envelope 3  gret opportunty student  mother  dsble person those home body  secure poston show us serous ern extr ncome home requre onetme regstrton fee  35  0  fee cover cost ntl strt pckge  nclude 100 envelope  100 lbel 100 sle letter mnul  regstrton fee refund bck shortly therefter  money bck gurntee  gurntee soon stuff ml frst 300 envelope py  600  0 regstrton fee refund  mny wonder why necessry py depost job  serously wnt work home   3  0 tell us wnt strt work home send 3  0 pckge free every one  hlf decde work  potentl loss  60  0 supply s shp send nt wnt work nsttute polcy sure relly wnt work lest fnsh frst pckge  strt tody plese enclose regstrton fee  35 check  csh money order fll pplcton below ml  hmc co 11054 ventur blvd  265 studo cty  c 91604 nme                                                      ddress                                                    cty                                     stte               zp code                 telephone number  s                                           e  ml ddress                                               order  plese llow seven  7  dy delvery 10 dy
,mitpress-order@mit,
hi ,N/A,s spm     nme mtthew  hbt delete ml yet red   m sure  plese red one though  nterest  recently lose hgh py job mjor computer corporton due loss mjor contrct  mess  whole dep  t 15 nclude myself hng dry  corporte merc s fnest  luck yet nother job  skll specfc compny relly worth nythng nother compny  dure work  buy sell rel estte those guy tv   yes  work too  key work  frly successful untl  nghtmre plesnt st   frend cll    lose most money one bd del longer fnnclly secure rely hevly ncome former job   ve lredy her  lose too strt thng money help bck foot   strt red junk ml  let tell  cnt beleve thng    wste  untl  hold    redy stop red rght here  mplore    noneducte fool  much money myself rel estte  esy busness  rther competent busness mn  lest fnsh red untl end    better stll  prnt letter red comfort over  over here     need  20 extr dollr try  money lese try lttle  why too  desprton  send four 5 dollr bll report  lwy  mde work too  much effort lern eml  gret free tool    send lot   19 dy fter frst ml  receve roughly 8  450 response   trust  fnce  8  450 5 dollr bll ktchen tble  longer lugh try  wrte report own show step step sme free help hnd contnue success  show every step cut  pst  edt letter nclude nme ddress  etc  here specl offer help     long ddress  bsqut evnston po box lst below send stepby  step nstructon 100  0 eml ddress nyone order report  expense put lst together sk dd nother  5 hndle ddress  nstructons e  mlng re free   txt formt  tech nstructon  ve put together  less 2  duplcte  lst ddress report  frst 160 order report receve dfferent set ddress  gft help strt     promse  follow drecton eml prepre eventully set sde hour ech dy follow  count money    lest much money  nt need whz computer   ll bet lredy  open envelope  remove money  send eml messge   re bnk  red  ll understnd esy    dd eml  fvorte plces  drggng hert upper rght corner wndow hert  folder pcture next fle cbnet   copy future    mtthew follow copy eml red                                                                   legl  moneymkng phenomenon  prnt letter  red drecton  red gn    embrk most proftble unque progrm ever  mny over  demonstrte prove blty generte lrge mount csh  progrm show fntstc ppel huge evergrow onlne populton desrous ddtonl ncome  legtmte  legl  moneymke opportunty  requre contct  hrd work  best  never leve house  except ml bnk  truly lucky brek  ve wt  smply follow esy nstructon letter  fnncl drem true  follow correctly  electronc  multlevel mrket progrm work perfectly    100  every  thousnd progrm   rse cptl strt own busness  py off debt  buy home  cr  etc    even retre  chnce  nt pss                                                                                    overvew extrordnry electronc multlevel mrketng progrm                                                                                   bsclly   send thousnd product  5  0 cost next nothng produce eml  multlevel busness  buld our busness recrut prtner sell our product  every stte u  s  llow recrut busness onlne  vum computer   product progrm seres four busness fnncl report cost  5  0 ech  ech order receve vum  snl ml  nclude    5  0 csh  nme number report order  eml ddress where eml report order  fll ech order  smply eml product buyer   s   5  0 yours  esest electronc busness nywhere  follow nstructons letter prepred rep stggerng benefts         n s t r u c t o n s        must  1  order 4 report show lst below  cnt sell nt order    ech report  send  5  0 csh  nme  number report re orderng  eml ddress  return postl ddress  cse problem  person whose nme pper lst next report   plce order  sure order ech four report  need four report sve computer resell   wthn few dy receve  vum eml  ech four sve computer ccessble send report 1  0 s order 2  mportnt   lter nme lst next ech report  sequence lst  nstruct below step   through  d  lose mjorty proft  once understnd work   ll nt work chnge  remember  method test  lter  work   below lst vlble report  b  fter  ve order four report  replce nme ddress under report  1 nme ddress  move one down report  2  c  move nme ddress under report  2 down report  3  d  move nme ddress under report  3 down report  4  e  nme ddress under report  4 remove lst doubt collect 50 grnd  plese sure copy everyone s nme ddress ccurtely    3  entre letter  nclude modfy lst nme  sve computer  chnge nstructon porton letter  4   re redy strt dvertse cmpgn worldwde web  dvertse web  nexpensve  hundreds free plce dvertse  nother venue dvertse eml lst  buy lst under  20  2  0 ddress py someone mnml chrge cre  sure strt d cmpgn mmedtely  5  every  5  0 receve  must eml report order   s  lwys provde smedy servce orders  gurntee eml send  nme ddress  prompt cnt dvertse untl receve report                                            vlble reports                                              order ech report number nme    note   lwys send  5 csh ech report  lwys send order v frst clss ml  sure csh concel wrp lest two sheet pper  one those sheet pper  nclude    number  nme report order   b  eml ddress   c  postl ddress                                                                   report  1  reorgnze ccommodte home bsed busness  order report  1  g  p enterprse po box 3544 lubbock  tx 79452                                                                  report  2  mjor corportons eml  order report  2  j dvertse p  o  box 16057 st  pul  mn 551160057                                                                  report  3  sources best mlng lsts  order report  3  bsqut po box 1963 evnston  l 60204  dd ddtonl  5  cover hndle 100  0 e  ml ddress send order report  note wnt e  ml nstructon  free  send  move ddress down move offer   help us                                                                   report  4  evlutng multlevel sles plns  order report  4  bsket ffr 4505 hmptonshre drve rlegh  nc 27613                                                                                                                                                                    here  s mzng pln  money                                                                                                    let s decde strt smll work  ssume gol 10 prtcpte frst level   plce lot free d nternet esly lrger response   ssume everyone else orgnzton 10 downlne member  follow exmple cheve stggerng result below  1st level   10 member  5                                             50 2nd level   10 member those 10   5 x 100                     500 3rd level   10 member those 100   5 x 1  0             5  0 4th level   10 member those 1  0   5 x 10  0      50  0 totls              55  550 remember frend  ssume prtcpte recrut 10 ech  moment hppen 20 prtcpte  most 100 s prtcpnt   cost prtcpte prctclly nothng  surely fford  20   obvously lredy nternet connecton eml free    report  3 show most productve method bulk eml purchse eml lst  lst  bulk eml vendor even work trde  50  0 onlne every month         tps success         tret busness  prompt  professonl  follow drecton ccurtely   send four report mmedtely order strt  receve  5 order  must send request product  report comply u  s  postl  lottery lw  ttle 18  secton 1302 1341 ttle 18  secton 3005 u  s  code  code federl reg  vol  16  secton 255 436  stte  product servce must exchnge money receve    lwys provde smedy servce orders receve   ptent persstent progrm  follow nstructon exctly  result undoubtedly successful   bove  fth yourself succeed         success gudelne        follow gudelne gurntee success  nt receve 10 20 order report  1 wthn two week  contnue dvertse untl   couple week lter receve lest 100 order report  2  nt  contnue dvertse untl  once receve 100 order report  2  relx  system lredy work  csh contnue roll  s mportnt remember  every nme move down lst  plce front dfferent report  keep trck progress wtch report order  wnt generte ncome  send nother btch eml strt whole process gn  lmt ncome generte busness  note  need help strt busness  regster busness nme  ncome tx hndle  etc   contct locl offce smll busness dmnstrton  federl gency  free help nswer queston   nternl revenue servce offer free help vum telephone free semnr busness tx         t e s t m o n l s        progrm work  must follow exctly  especlly rule try plce nme dfferent poston  wn work  ll lose lot potentl ncome   m lve proof work  relly gret opportunty reltvely esy money  lttle cost  choose prtcpte  follow progrm exctly   ll fnncl securty  sen mclughln  jckson  ms nme frnk  wfe  dor  lve bel  r  md  cost ccountnt mjor u  s  corporton pretty money  receve progrm grumble dor receve  junk ml   fun whole thng  spout knowledge populton percentge nvolve    nt work  dor totlly gnore suppose ntellgence jump both foot  mercless fun  redy ly old  tell  thng nt work     lugh  wthn two week receve over 50 response  wthn 45 dy receve over  147  200  5 bll  shock  sure fgure nt work  m belever  jon dor  hobby   seven untl retrement   rt rce  s  owe mlm  frnk t   bel  r  md mn reson letter convnce system honest  lwful  extremely proftble  lrge mount money short  pproch severl before check  jon one expect return mnml effort money requre  stonshment  receve  36  470  0 frst 14 week  money stll  sncerely yours  phllp  brown  esq  gmble type  severl week mnd prtcpte pln  conservtve  decde ntl nvestment lttle nt enough order lest money bck  boy  surprse medum  sze post offce box crm order  whle  overlod strt pck ml wndow   ll money 10 lfe before  nce thng del nt mtter where u  s  lve  smply nt better nvestment fster return  mry rocklnd  lnse  m receve progrm before  delete  lter wonder nt try  course  de contct nother copy  wt untl eml nother progrm    11 month pss    nt delete one      41  0 frst try   d  wlburn  munce  thrd prtcpte pln  qut our job  soon buy home bech lve off nterest our money  erth pln work  ske  fmly s ske nt pss golden opportunty  luck hppy spend  chrle frchld  spokne  w order reports tody strted rod fnncl freedom
hello,N/A,unversty degree progrms     ncrese personl prestge money ern power through dvnce unversty degree  emnent  nonccredt unversty wrd degree  200  degree grnt bse present knowledge experence  further effort necessry prt  short phone cll requre b  m  mb  phd dplom feld choce  detl  cll 713866  4087
host adult site here,N/A,dult webste host  29  95 per month  cll 407599  5253 everyone dult webste generte revenue nternet busness  s hrd host  whether strt ste better servce exst ste sve money  plce  our strter ccount   29  95 per month  cll 407599  5253 www  mydultwebste  com 1 gb trffc 10mb dsk spce full ftp ccess full cg  ltest compler  unlmt pop eml ccount  eml ls forwrd full onlne mngement ccount  cll 407599  5253 nformton our hgher volume ccount ssst merchnt ccount rel credt crd process rght over net                                                                                   wnt receve further messge us  plese cll 1  800  4098312 spell eml ddress necessry  thnk
uci dissertation linguistic,ilsa@orion,
linguist,N/A,der subscrber  nnounce number feture lngust request help estblsh webserchble drectory lngust  ntte ltter  set submsson form our webste  http    lngustlst  org  cgbn  per  cgus sk ccess form submt nformton request fflton  ddress  reserch tech nterest  form ccessble drectory pge  http    lngustlst  org  persop  html dtum collect shortly keyword  feldserchble  ble drectory  e  g   lngust sweden tech dscourse  mercn lngust psychology deprtment  nformton specfc lngust  lngust submt nformton sk choose pssword updte nformton perodclly  lngust lst dtcollecton effort  however  success drectory depend cooperton  mny lngust submt nformton  useful resource  plese enter nformton professonl nterest  spred word mong collegue  cll ttenton lngust servce webste mprovement  1  sk   lngust servce operton   ve plese publc response  receve queston even before nnounce offclly  qulty pnel s nswer mpressve   revew pst queston nswer  url http    lngustlst  org  sk  html yourself  2  month bck put plce homepge  contn lnk lngust lst dtsource  tell us s useful lnk everythng sngle pge  helpful nformton lnk  wrte  ndex pge  ech subctegory  e  g   professon  reserch reserch support  publcton  pedgogy  clck one heder lngust homepge  ccess ndex pge offer fuller descrpton lnk resource ech ctegory  crosslstng ctegory  plese ndex pge currently vlble  us  http    lngustlst  org  http    www  emch  edu   lngust  http    lngust  tmu  edu  lngust  western europe  http    www  sf  nphl  untuebngen  de  lngust  russum  http    www  phlol  msu  ru  lngust  pprecte comment suggeston mprovement  3  yerby  ndex job nnouncement post lngust  ccess vum our homepge drectly  http    lngustlst  org  jobsndex  html http    www  emch  edu   lngust  jobsndex  html http    lngust  tmu  edu  lngust  jobsndex  html http    www  sf  nphl  untuebngen  de  lngust  jobsndex  html http    www  phlol  msu  ru  lngust  jobsndex  html job lstng dsply ether chronologcl reverse chronologcl order  4   fnlly  set topc pge ltc   http    www  emch  edu   lngust  topc  ltc  http    lngustlst  org  topc  ltc  http    lngust  tmu  edu  lngust  topc  ltc  http    www  sf  nphl  untuebngen  de  lngust  topc  ltc http    www  phlol  msu  ru  lngust  topc  ltc suggeston mterl enhnce usefulness pge  e  g   bblogrphy reference lst  short rtcle ltc  mp   grteful  hope nnovton lngust useful   helen  nthony  dnel lngust modertor
discover instant publisher cdrom  unlimited profit    ,N/A,h                                      dscover nstnt publsher cdrom  unlmted proft   gurnteed low ntl cost                                      hghly recommended vst            http    member  forfree    bestbus  sncerely  joe krky
great  line casino ,N/A,don  ted  guess owe guy lunch  lon bet tmp by   rghh  snce guy clever pck wnner mybe check onlne sportsbook csno  check  clck here bet weekend s college nfl gme ply blckjck  poker  crp  slot bccrt csno  guy  wesome  s softwre downlod plce bet telephone over nternet   try   ll set onlne  http    www  roseschlkslnd  com cll mn   slnd bud   1800  2484115 dn p  s  cll crzy guy  ctully bet lon over  120  0  thnk tp   u e
sum  signsinge,edward@cogscus,
view hollander collection,N/A,vew hollnder collecton t h e h o l l n d e r c o l l e c t o n f v e r t s t s  o n e f m l y gno hollnder  pnt jm hollnder  photogrphy srus hollnder  sculpture vew  http    www  hollnderrt  com scott hollnder  photogrphy brbr hollnder  wrte
 t stand       ,N/A,der nternet user  der nternet user  sound fmlr   92re relx front tv  enjoy f  vorte progrm sudden cut scremng voce  boomng musc commercl hr stnd end  y  ou scrmble remote lower volume  progrm returns  brely her tlk  grb  remote redjust volume once gn  nnoyng sn  92t   92re chnge chnnel stton stton   progrm loud  hrdly her   92re const  ntly djust volume  96  down   down   down  utomtc televson sound regultor trde    mnufcture sony tm wouldn  92t gret volume lwy sty exctly whe  re wnt  news  utomtus  c televson sound regultor trde    tvsr   solve problem  technology brekthrough  96  tvsr ptent computerze devce ft plm  hnd  esy nstll  smply plug tvsr jck bck tv set  ttch vcr  stellte dsh  cble box  surround sound s  ystem  combnton  four smultneously  smple set  96 once nstll   ht volume button remote control level  92  rght   92s  tvsr over  even whle c  hnnel surf  progrm sound level vry chnnel chnne  l  tvsr utomtclly nstntly rse lower udo level  preset level  sophstcte  dfference betwee  n whsper shout  wn  92t nterfere drmtc moment  progrm  never djust tv volum  e ever gn  even turn tv set off  tvsr  smrt remember prevous set  turn tv bc  k  volume remns exctly where put  course  eve  r wnt chnge set  ht volume button  down   remote tvsr nstntneously djust set    92s nothng lose  96 th  e tvsr one  mnufcturer  92 wrrnty  try tvsr 60 dy  rsk free  r  e completely stsfy  smply return    queston sk   full refund purchse prce   order clck heregt  http    www  tvsr  com  own technology tvsr ptent devce knd worldwde  dd exst televson set uxlry equpment    e   vcr  stellte dsh  cble  surround sound  etc  mnufcturer lus  ke rc tm   sony tm  zenth tm  shrp tm  pnsonc tm  nme few  cu  rrently utlze our ptent technology  why spend  600  1  0  televson set ncorporte our technology nternlly   frcton cost own tvsr  promotonl offer  sorry  currently tvsr vlble unte stte cnd r  esdent  order tvsr  59  80 plus smp  h  lmted offer    order tvsr wthus  n next 48 hour tvs  r  44  85 plus smp  h    92 25  sve  order two unt receve tvsr   39  95 ech plus s  mp  h  plus extr wrrnty servce free ec  h tvsr order   92 ddtonl  6  0 vlue per unt  once y  ou experence tvsr  92ll never wnt wtch tv wthout    remember  bsolutely nothng lose  96 60 d  y uncondtonl money bck gurntee  clck here gt  http    www  tvsr  com   der tvsr vum our secure onlne shop web ste  nbsp  mportnt pont  those dmx systems multp  le cd plyer  tvsr  v udo nput  output jcks  works gret  own worldwde ptent rghts   92 why  fer resonble prce  tvsr vlble store   92ve develop technology  sony trde  provde mnufctu  rng  thousnd thousnd tvsrs sell stsfy customer  s  ntonwde  sle tvsrs ncrese drmtclly everydy  lmted nventory our tvsrs vlble  promotonl prce  plese o  rder tody    order  vst our secure lus  ne shop web ste clck heregt  http     www  tvsr  com order cll us 1800  2352154 t  o plce order fx ml  plese prnt form end o  f letter   mjor credt crd ccept   tvsr      steven tylor  prvte nvestgtor  frmngton  ny quot  upon nspecton  surprse tv ndeed  vdeo l  r udo  connect per mnul  betwe  en cble box tv   tvsr work dvertse  96 n  cely  gret devce  quot  dr  frnk psno  clerwter  fl quot  televson sound regultor work beutful  prompt servce  96  gret pr  compny stnd behnd product  quot  crl lttmer  pssc  nj quot  frst red tvsr technology updte  bee prod  uct desgn engneer  frst doubt nformton present  rtcle technclly ccurte  bee orgnlly form mssourus  t  show stte  myself  order one  esy t  o connect  beleve  don  92t ph  d  engneer t  o nstll  lot chnnel surf perfect person  test    surprse result  s  y quot  tvsr nstntly ncrese decrese sound output  preset levelquot   kd  even sophstcte t  mng equpment  ntervl sound level djust  short humn er  92t even regster  stll  92t defus  ne tvsr functon  cre  long work  negtve thng tvsr ddn  92t nvent  quot   kthy kurts  psden  c quot  wrte our newest second fvorte rr  vl  our frst our brnd son  kevn  sx week  s old soon  our second newest fvorte tv sound regultor  s  ee  kevn  newborn senstve nose  especlly nus  ght  92 quet her pn drop  before tv s  ound regultor couldn  92t wtch televson whle nurse  woul  d fll sleep one those loud commercl wke h  m  forever before fll sleep gn  b  e st rock sleep  lthough love son  leve  nothng   tv sound regultor  turn th  e volume soft enough lull sleep  ctch  wtch fvorte progrm too  vcr even record progrm wus  thout wful volume jump ech commercl ply  quot  quot  ps  9  wnt thnk techncl support deprtment   queston connect  nce frendl  y  wlk through entre nstllton process few  mnute   quot  ls russo  monroe  ct quot   92d wrte short letter let jus  t plese utomtc tv sound regultor  husbnd  nd threeyer  old boy  beleve extremely ctve en  ergetc  even  fter put our son sleep   truly relx front our tv  pst  before purchse pr  oduct  extremely nnoy wtch televson  commerc  l loud hrdly her ourselve   lwy turn televson down durng commercl  gn our show  product relly work  quot  robert pelkn  phoenx  z quot  excellent product  customrly wrte  letter  less ten mnute nstll  tv sound regultor  tv  vcr  stellte dsh   thng c  tully work  mze   thnk replce dmge unt s  o quckly  customer servce gret  hrold j  c  ferrer  ph  d   glendle  c quot  busy psychologst  dy  often twelvehour dy   spend lsten emoton fll voce  speclz  ed work  mjorty ptent emotonlly psychologc  lly overwhelm  lfe control  often lose  job  home  mrrge  nundte lfe shtter  stress  needless  end dy  need relx  need  pece quet  usully chnnel surf whle  untl settle t  o wtch cnn   untl buy tvsr  myself scrmble fo  r remote control ech commercl   couldn  92t rech ncrese commercl volume lterlly m  de jump  relx  worse stress  stress  lwy  stress cnnot control   tvs  r  set volume control level wnt  th  t whenever dvertser decde sh      ttenton  rest ssure lterlly upper hnd   longer feel mercy those blre commercl   lest control televson  thnk tvsr  quot  dve defer  bedford  oh quot  wnt pss comment  televson sound re  gultor gret devce her mpr  quot  revew  nbsp  tvsr ncrese decrese televson sound level nstntneou  sly preset level  vod ncrese decrese sound leve  l durng commercl  progrm vew  whle chnge chnnel  tvsr esy nstll  even electronclly chllenge   nyone nstll mnute  tvsr computerze unt utomtclly control sound  level tv set one  combnton  uxlry equpment   tv  vcr  cble  stellte remote    92  tvsr over   tvsr sophstcte understnd dfference between  whsper shout utomtclly djust tself ccordngly  tvsr ft plm hnd  tvsr work gret multple dsc plyer  dmx syste  m  tvsr construct qulty component lfet  me  unt  c dpter  cble nclude unt  fl p  erform durng frst  durng promotus  onl offer  wrrnty servce perod ncrese tow p  urchse two unt  dte purchse  replce repr free chrge  plese offer tvsr reduce prce  thnk  gret dy  sncerely yours  nbsp  nelson crespo executve vce presdent nterntonl control system  llc nbsp  mjor credt crds ccepted  order tvsr tody  vst our web ste  96 clck heregt  http    www  tvsr  com order vum our secure onlne shop ste   currently   tvsr s vlble unted sttes cndn resdents   order    9    9  phone  1800  2352154   9    9  mportnt note  menton promoton code  tvsr2848   9    9  fx ml  plese prnt order form bottom  eml   9    9    9    9  complete necessry blnk    9    9   credt crd    9    9  fx  1800  4989203   9    9   check    9    9  ml    9    9    9    9  tv sound regultor   9    9    9    9  po box 2894   9    9    9    9  mple ple  mn 555922894 note  receve promotonl prce  order  ml  m  ust postmrk wthn 48 hour dte receve  eml                                                   unted sttes cndn resdents  order form regulr prce  59  80 ech  plus smp  h promotonl prce  order wthn 48 hour lmt promoto  nl offer   44  85 plus s  mp  h  buy two tvsrs wthn promotonl perod p  rce  39  95 ech  plus  smp  h  plus receve extr wrrnty servce ech  tvsr purchse free   92 extr  6  0 vlue per unt  remember   92 nothng lose  60 dy money bck g  urntee  personl nformton  nme  frst mp      9    9    9    9    9    9    9    9    9    9   blle ddress    9    9    9    9    9    9    9    9    9    9   street    9    9    9    9    9    9    9    9    9    9    9    9   cty    9    9    9    9    9  stte    9    9    9    9  zp     9    9    9   country    9    9    9    9    9    9    9    9    9    9    9   ml ddress  dfferent     9    9    9    9    9    9    9    9   street    9    9    9    9    9    9    9    9    9    9    9    9   cty    9    9    9    9    9  stte    9    9    9    9  zp    9    9    9   country    9    9    9    9    9    9    9    9    9    9    9   phone    9    9    9    9    9  fx    9    9    9    9  eml     9    9    9   credt crd nformton    9  vs  9    9  mstercrd  9    9  dscover   9    9  mex nme crd    9    9    9    9    9    9    9    9    9    9   number    9    9    9    9    9  exp  det    9    9    9     9    9  quntty desre    9    9    9     9    9  pre  shp totl    9    9    9     9    9  shp hndle one unt   6  95   9    9  shp hndle two unt   5  95   9    9    9  grnd totl    9    9    9   sgnture    9    9    9    9    9    9  det order    9    9    9     9   nbsp
re  6  189 innateness  language  specy,N/A,those nterest lnguge speces dscusson  menton tech undergrdute semnr qurter topc  cll pe lnguge   cover   humn  lnguge    mercn sgn lnguge    trn pe   evolutonry spect   nyone copy syllbus redng  gld send one  rchel lgunoff ucl
info office 2000 pro,paulpatterson@hotbot,
seee barn red,rar@slavic,
fresh chinese dialect fieldwork conference  call ,yuenren@u,
l   k  needs  advertise today  ,l@@,
summer school behavioral cognitive neuroscience,bureau@bcn,
yan fu s principle,N/A,der sr  der mdme  tln trnsltor  m lnguge chnese russn  nterest theory trnslton  fnyus llun   study yn fu prncple  xn  d  y   where mterl  s nythng yn fu nternet  thnk ttenton  xexe nus de bngzhu polo glvgnus  bologn  tly
book announcement  classics reissued,iulc@indiana,
position announcement,N/A,deprtment ner estern study unversty mchgn nvte pplcton tenuretrck ppontment rbc lnguge culture  ssstnt professor level uthorze  senor cnddte consder  pplcnt must hold ph  d  degree ble tech both undergrdute grdute course rbc lnguge lngustcs tech course tret lnguge socl culturl phenomenon  exmple  lnguge constructon ntonlsm  ethncty  gender  poltcl rhetorc   pplcnt specfclly dentfy reserch nterest wthn lngugend  culture study descrbe lecture course wsh tech  deprtment ner estern study strength both clsscl modern rbc lnguge lterture  slmc relgon  hstory mddle est  seek collegue complement present stff broden our currculr offerng lnguge culture  pplcnt send currculum vt  nclude bblogrphy  three smple scholrly reserch  nme referee need send letter pplcton  send pplcton chr  rbc lnguge culture serch commttee  deprtment ner estern study  3074 freze buld  unversty mchgn  nn rbor  m 481091285  shll begn process pplcton soon possble fter jnury 1  1995  unversty mchgn ffrmtve cton  equl opportunty employer
book  english linguistic,2307@compuserve,
need background      ,N/A,locte nyone nywhere us        old frends lost loved ones dedbet dds moms our fee s  50  0  locte  serch perform  sset crmnl bckground mrrge  dvorce workmn compenston busness credt report drver lcense record non  publsh phone number ntonl rel estte socl securty deth fle bnkruptcy len judgment corporton profle ntonl credt report personl corporte pre  employment bckground pre  trl comprehensve report non  publsh phone  s bnk sset nformton sfe depost serch stock  bond  etc  serch us nformton cll 1888  4645458  sk mr  jenkns  vs  mster  dscovery crds ccepted 24 hour servce
posting,sutton@garnet,
marketing technology  beyond email,N/A,let 1500    cll dy busness    most effectve  htech  stte  ofthe  rt busness system ever       power cllng system 2000  pc bse comprehensve mrket system bsolutely brng busness utomtclly 2000 cll per dy  whether professonl network mrketer  doctor  dentst  reltor  lwyer  nsurnce gent  etc   own busness  corporton smll home bse  busness  mrket system rech  thousnd  potentl customer ech week nform busness servce  our bsc 2 lne mrket system  rech nerly 2000 potentl customer per dy  best mrket system vlble 1  3 1  4 cost less comprble system vlble   lese  rentl opton vlble  result experence system smply stgger rel   wnt ncrese busness revenues rght wy  need cll number below sp    cll   888  2484573  24 hours  smply leve us full nme telephone number nclude re code  one our representtve touch wthn next few dy ddtonl nformton send professonl pckge  thnk
accept credit card watch sale skyrocket ,N/A,ncrese onlne sles 200  http    668920828  ut  merchnt  ndex2  html ccept credt crds over nternet    setup fees credt  bd credt  credt     problem        doe nt mtter  everyone pprove lmt offer dvntge   speclze servce follow   multlevel mrket  ml order  phone sle  home busness  nternet bsed busness  busness  smll busness whtever       everyone s welcome  http    668920828  ut  merchnt  ndex2  html compny         nternet servce secure reltme onlne trnsctons esy possble customer purchse product servce  ssl securty  best net tody   tell nt sound ntrgue  let customer vst webste decde wnt buy product  s  servce  s   smply enter credt crd nformton receve pprovl wthn 5 seconds  s    pont  sle complete money drectly depost busness check ccount wthn 24 48 hour  lqud ssets vlble lmost mmedtly     customer eml recept eml nvoce slp  nstntneously   snce progrm utomte 24 hour dy 7 dy week  receve order mk money sleep       s esy     mkes us specl       process over  4 bllon credt crd trnscton every   over 100  0 merchnt onlne grow   offer secure onlne rel trnscton   offer 24 hour customer servce 7 dy week 17 dfferent lnguge   offer complete trn nstllton through our techncl support group   offer lfe wrrnty unlmt upgrde   help money compny customer  http    668920828  ut  merchnt  ndex2  html                                                           one ml
sum  particle movement,aart@ucl,
book  bantu language,pub@roslin,
query spanish bind,seegmiller@apollo,
evaluation parsing systems  workshop call paper,carroll@cog,
re  epia  97  call participation,ernesto@deus,
web development offer    open immediately,N/A,wnt busness nternet  wnt own personl homepge  brefoot web development compny fufll every need  super secure  resonbly prce unx host  mss ml hrvest softwre  need nternet  brefoot web development compny  s rch pln purcse web ste  menton her us eml  receve  100 off mmedtely  clck here  www  brefootweb  com remove ml lst  plese reply letter word  remove  subject lne  plese prdon ntruson  messge send complnce eml bll secton 301  per secton 301  prgrph    2   c  s  1618
colingacl  98 computerm workshop,db@llus,
judicial judgment  child support  investigator   11116 ,N/A,thnk nterest our trn course   success course offer extensve udo trn course  collect judcl judgment   mny  even sure judcl judgment why process judcl judgment ern substntl ncome  ever sue compny person wn judcl judgment gnst  hppy wn soon shock fct   collect judgment   court requre loser py  court even help  must trce loser down  sset  employment  bnk ccount  rel estte  stock bond  etc  few sset  result mllon judgment st fle forget   79  cse wnner judgment never dme   nonpyment judcl debt grow epdemc proporton  rght unte stte between 200 300 bllon dollr uncollect judcl judgment debt  every judgment py  5 judgment plce  dentfy mssve mrket 4 go ctvely pursue judcl judgment snce  nvent busness  perfect prove sold professon select few trn technque necessry succeed  our frst hnd experence buld course tech strt busness unknown excte feld process judcl judgment  follow step ly our course resonble effort become successful process judcl judgment  ncome potentl substntl professon  ssocte our course work full  96  0  0 over  200  0  0 per  prt ssocte ern between  24  0  0  100  0  0 per  choose operte home work themselve  buld szble orgnzton 15 25 ttrctve busness offce  tody success course our ssocte over 632 mllon dollr judcl judgment currently process  632 mllon  36 mllon form jon venture between our frm our ssocte  jont venture where our money  brek even our course purchse  12  mrgn report supply our ssocte  our report cpblty extensve government gency  polce offcer  ttorney  credt gency etc   us report  mny our ssocte lredy rel estte len force between 5 mllon over 15 mllon dollr  leglly mens property sell refnnce our ssocte must py off  norm 10  nterest compound nnully unpd judcl judgment  nnul nterest 5 mllon 10  trnslte  500  0  0 nnully nterest ncome  count pyment prncpl  our ssocte ern hlf mount  250  0  0 per  nterest  count prncple count compound nterest dd substntl ddtonl ncome  typclly compny sell 10 ernngs  bse smple nterest ssocte 5 mllon rel estte len sell busness pproxmtely 2  5 mllon dollr  92  our ssocte work home  43  womn 36  prt  one beneft work feld under knd frme  decde off month vcton  judgment work return  judgment stll force  dspper  trn nonconfronttonl  computer telephone most process  never confront debtor  debtor nt  collecton gency  smply stte step successful judcl process follow   b7 ml our recommend letter compny ndvdul judcl judgment   trn wrte   b7 8  11  frm wrte cll sk help  cll  nt cll unless wnt   b7 send greement  supply course  sgn splts every dollr collect 50  50   pply mtter judgment  2  0  0  2  0  0  0   b7 onlne our computer debtor sset  offer over 120 powerful report ssst  rnge credt report three credt bureus  bnk ccount locte  employment locte  skp trce locte stock bond  etc  prce our report low  typclly 1  2 1  3 frm chrge  exmple chrge  6  0 ndvdul credt report compny chrge  25  0   b7 once debtor sset fle grnshment len sset locte   stndrd fll blnk form nclude course   b7 receve sset keep 50  send 50  orgnl judgment holder   b7 once judgment fully py ml stsfcton judgment court   nclude course  quote s severl our student  thom re code 516 wrte us   wnt drop short note thnk excellent course  frst week  prt  net 3  700  0 dollr  professonlsm both mnul vdeo open door future  s stop  recently thom stte over  8  500  0 worth judgment work  fter course four month  lrry s  re code 314 stte us    2  0  0 per week expect grow twce mount wthn next  bll  over  250  0 judgment collect   fter our course 7 month lrry s  314 stte   12  0  0 per month pproxmtely  500  0  0 judgment collect  hre someone help  mrshl re code 407 stte us  feel bd  chrge  239  0 course goldmne  dd 3 full help fter course 5 month   bove nformton ctul result why stte follow  our course own own successful busness  busness ern substntl ncome one sell 3  5  py enough retre trvel world  busness extremely nterest  busness every dy excte  none dy humdrum  brn chllenge  busness protect corporte downsze  busness strt prt home lter  desre  work full  busness tcket freedom tell  busness let control own destny  our trn hppen mny lredy  hppen  bove sound nterest tlk rel lve humn  cost oblgton prt  plese cll us 1500  3462083  stndrd tt long dstnce cll dscount 20 cent per mnute stte dy   customer support stff vlble 7  00m 7  00pm  pcfc  mondy through sturdy  close sundy  cll number tlk one our experence customer support personnel  nswer queston  oblgton  sometme run specl prce our course combnton course  cll our customer support lne let specl run  red her our course  customer support person work plce order  low key  merely fct decde wnt work us  thnk nterest                                                                                                               nother nternet d cmpgn produce dstrbute  cyber dvertse system  ny  ny 10011  plese cll cyber dvertse system 1800  4098302 extenson 1284 us desgn dstrbute powerful dvertse compny  success course plese dvertse develop  sold prove product servce proud help compny  remove cyber dvertse system ml lst plese cll toll free 1800  4098302 extenson 1284                                                                                                                      62487
book  historical linguistic,service@benjamin,
conference leuven 2  4  7  1998,desmet@art,
stock market information,N/A,sender  trnty venture  nc  ddress  1911 westmed  2710  houston  tx 7707 cll fx toll free  877393  7237 hours  9 5 pm cst h  receve eml ddress someone nterest stock mrket nformton  eml nformtonl purpose  offer sell solct securty  wsh receve type nformton  plese clck  reply  put  remove  subject  permnently remove ddress our dtbse  news help due dlgence brg  www  yhoo  com clck  stock quote   put brg symbol lookup re clck  quote   hppy nvest   den cs presdent trnty venture  nc  news relese mbr resources group nc   610800 west pender street vncouver  b  c  cnd v6c 2v6 symbol brg  otc  bb  cquston venture ol  gs  nc  mbr resources group nc  dds projects mbr vncouver  brtsh columbum  4  1999 mbr resource group nc   otc bb  brg   cqure 50  ownershp venture ol  gs  nc  mbr become 50  owner property project venture nterest  consderton mbr s purchse 50  cptl stock venture nc  one mllon shres mbr common stock  prt cquston  venture ssgn mbr  50  nterest bstn by feld prospect  stte lese  9800   1  plquemne prsh  lousn  ddtonl project ssgn mbr venture mbr shll rght request ssgnment 50  nterest retn venture vrous project  prmry busness venture nc  cqure ol gs property remedton recompleton work result enhnce recovery rte brng bck commercl producton  current economc condton petroleum ndustry fcltte cquston property lrger produce compny declre surplus property  mbr venture nc  fvorble poston ble cqure property whle nventory offerng hgh level  venture currently negotte cquston multple ol gs project tex  lousn oklhom  prty ntcpte dd sgnfcntly mbr s resource bse productve project  bord drector john m  hckey  presdent contct  mbr resource group nc  nvestor relton  800698  3377 604669  2723 web ste  http    www  mbrresource  com relese nformtonl purpose  offer sell solct securty product knd  relese nclude nformton consttute forwrdlook sttement pursunt sfe hrbor provson prvte securty ltgton reform ct 1995  forwrdlook sttement nvolve rsk uncertnty cuse ctul result dffer mterlly future result encompss wthn forwrdlook sttement  mterl provde mbr resource group nc    bss  mbr resource group nc  expressly dsclm wrrnty  express mply  nclude wthout lmtton  wrrnty merchntblty ftness prtculr purpose  respect servce mterl product  event shll mbr resource group nc  lble drect  ndrect  ncdentl  puntve consequentl dmges knd whtsoever respect servce  mterl product  trnty venture  nc  receve fee  5  0 dstrbute document  permnently remove eml ddress our fle cll fx us toll free 877393  7237  clck  reply  put  remove  subject
toc  intern  journal sociology language  ijsl  128  129  130  1998 ,mouton@degruyter,
re  6  249 dick armey s slip correction,N/A,slur    men  sr  rmey s slp slp  slp sort represent compete pln  one sk  why compete pln  phonologcl smlrty   smlrty  rstoten ctchll    frenk  v   feg   somethng berne br s  unntentonl  pun  clerly ndcte somethng bte rw phonologcl smlrty  nonphonologcl  compete pln noton brng sort nterpretve ssue concern why rmey somethng pnfully busve  mnd  produce  fg    mnd    pont durng onlne speech  nythng typclly voltonl ntentonl  trcky ssue
advertse  legal   offer smtp    ,N/A,gret news dvertsers bulkers     our server send own ml      never loose dl gn    never rely stel servces gn    between 100k 200k hour   our bndwdth    250  0 month  250  0 setup   compny offer servce tody  here  sk our customer     9 spots open       express ml server   specl    150  0   cll 1800  2987863 order demo tody   ml progrms fresh 20 mllon  eml ddress cd  90  0 3 stelth mss mler unlock code  250  0 gold rush  300  0 eml dressee extrctor  100  0 cller d  100  0 bulk met lst mnger  129  0 desk top server 98  300  0 mx lookup  185  0 much bulk frendly web host foregn bckbone  150  0 month  2 pge bulk frendly web host  100  0 month  cll gret rte 8  9 cent long dstnce  even 800  888 number   14  9 cent mnute cll crd  prepy  ern money too    800 voce ml unlmt cll   60  0 month      plese leve nformton tem cll  thnk  need dvertse product servce    lredy py someone  cll us bet bet  our fee usully strt  395  0 1  2 mllon  even lower rte  dvertse products servces     plese cll us rtes      excellnt rtes     worldwde mrket nc  3807 n ok dr tmp  fl 33611 1888  3989866 plese leve messge    7 om
tone grammar summary,rw@research,
released  cd vol  4a,N/A,onlne busness got     frustrted  try  free clssfed   nt work  web ste   close vstor  bnner   expensve ffy  e  zne    re gret  thousnd member  serch engne  esy bury thousnd  e  m l m r k e t n g w o r k s   s fct   re computer generte ncome   re leve money tble  understnd offence messge   ll ml once    re fnnclly ndependent  ht delete wn bother gn  frend  proof pud    50  0  151  200  0 per  messge  follow exmple potentl ernngs product proft  30  remember  nternet  money 7 dy week  24 hour dy    even whle sleep  order over world  order per dy weekly ernng  monthly ernng  yerly ernng 1  210  0  840  0  10  080  0 2  420  0  1  680  0  20  160  0 3  630  0  2  520  0  30  240  0 5  1  40  0  4  200  0  50  400  0 10  2  100  0  8  400  0  100  0  0 15  3  150  0  12  600  0  151  200  0 queston    generte those order  our ltest  gretest s relesed  mllons cd  vol  4 10 mllon best eml ddress vlble nywhere   mllon cd  vol  4  bsolute best product knd nywhere world tody  product nywhere compete qulty cd  fter lmost 2   ve even outdo ourselve volume  mllon cd  vol  4 comprse 10 mllon premum  super clen eml ddress  strt ml soon receve cd     technque descrbe below   ech fle contn exctly 100  0 eml ddress  ol  mxe ddress cd  ol  over 50 fle 100  0 ech ol equl over 5  0  0 ddress  ol ddress verfy 100  delverble producton collect throughout producton schedulethen reverfy delverble  follow domn removed vol  4  bsolutely ncluded  compuserve  com gene  com delphus  com gnn  com  drop ol ctve   edu   gov   ml   org  stte domn end  us nterntonl domn cd  pure  com   net     duplcte  ddress   dupe  flter  here  s clenest eml ddresses vlble nywhere   1  190  mllon lne eml ddress flter duplcte elmnte  process  lone  reduce lst mngeble number  2  nother flter lst 400  word  phrse reduce lst even  ddress profne npproprte word survve  3  specl flter fle elmnte most  web poson  eml ddress lst  most lst purge full bogus ddress  one lst  prtculr  over 90  poson  our exclusve system reduce type ddress zero  4   dly updte  nt bulk eml lst terrorst generl ntnternet dvertse extremst rd our lst those  cowrdly delberte mnner  ttck mrket choose utlze gretest mrket dscovery  drect eml  our dtbse ndvdul lrgest one mntn worldwde keep our lst undesrble extremst element  5  ddton bove  mntn dtbse updte every dy  dtbse contn undelverble ddress  ddress those sk remove ml lst  comprble optout knd lst mntn dm  etc   ownng cd    equvlent buy lsts cds our compettor  plus huge mount resource our tem secure through prvte mens  mjor dfference s     ours thoroughly clen  free  fll    bogus  ddress our competton dd nflte number lst  perform hundred hour producton thousnd dollr order offer clenest purest cd qulty ddress nywhere worldwde  send mrket letter one our 100 lst 100  0  10 mllon  equvlent send 1  0  0  one mllon our compettor ddress equl sme response  sle rto  etc  nt rther send 100  0 nsted 1  0  0 letter  result send 1  0  0 our qulty lst  our lst send less result  our lst result  hgher response rto hgher sle rto receptve prospects  less flme  nonbuyer less contct ntcommerce rdcl wnt net themselve   ll 100 clenest eml fle vlble nywhere  ech our volumes mprove qulty content  compettor even close mtch superor product  must compre yourself  product prove best s knd compre cd term hour money spend brng mrket  compettor ever duplcte effort us produce fnl product  don t compromse qulty  surely wn relese product before pss our  hgh stndrd  test qulty   buy rest buy best   mllons cd  vol  4 s best                                            don t hestte one mss most effectve mrket nywhere    perod  further queston plce order  cll us drect  1412  7341488                                           mllons cd  volume 4       225  0      prce effectve next seven dy  therefter prce  299  0 order  remember  bottomlne lwy py  order our eml pckge  smply prnt ez order form below fx our offce tody  ccept vs  mstercrd  mex  check fx                                            ez order form      ye  order mllons vol  4 eml ddress  225  0   plese select one follow shp       receve pckge overnght   m nclude  15 shp   outsde us dd ddtonl  25 shp      receve pckge 2 dy delvery   m nclude  10 shp   outsde us dd ddtonl  25 shp  dte                                                      nme                                                     compny nme                                            ddress                                                  cty  stte  zp                                            phone numbers                                           fx numbers                                              eml ddress                                            type credt crd        vs      mstercrd credt crd                                            exprton dte                                         nme crd                                            mount                       requre  sgnture  x                         dte  x                   fx order us  1412  2911133 check fx servces  fx check  pste check below fx our offce long form  1412  2911133                                                          24 hour fx servces    plese pste check here fx us 1412  2911133                                                        fx check  need send orgnl check  drft check  exct nformton orgnl check  check hold bnk clernce   710 dy  pyble   ce network
service linguist subscriber,N/A,der subscrber  lngust lst nsttute servce   re cll  notce bord   notce bord  http    lngustlst  org   notce  ntend help lngust professonl contct prctcl nformton   knd nformton fcltte our professonl ctvty drectly relte lngustc reserch  exmple  post notce notce bord    re spend sbbtcl nother cty wnt house rend  need crsh spce roommte lngustcs conference   wnt nformton lve condton regon where  ll feldwork  knd nformtongther one gret dvntge eml dstrbuton lst   beneft ourselve pst  often regret sze lngust s subscrber lst  over 9000  mpossble post nqury lngust ssue  hope  lngust notce bord  world wde web prtly plce postng   course  contnue post query lngustc reserch nnouncement generl nterest  job  fellowshp  conference  etc   lngust  contnue send lst  notce bord desgn personl request nnouncement   lonely lngust seek ttrctve  dventurous nformnt     notce bord wn qute personl      plese let us suggeston mprovement  helen  nthony  dnel lngust modertor remnders  1  lngust dssertton bstrct serchble  nt yet enter dssetton bstrct  plese  http    lngustlst  org  dssop  html  nt web ccess  send us eml messge hppy enter nformton   2  lngust process crete serchble drectory lngust  nt  plese enter nformon yourself  http    lngustlst  org  persop  html thnk
,iulc@indiana,
odd description character,3101@compuserve,
currency name,veturosk@ismal,
saltwater aquarium ,N/A,horzon publsh nvte sltwter qurum hobbyst s webste  feture fsh dctonry  ntonwde shop lstng  mnufcturer s phone number lnk product revew  http    www  cptvese  com thnk
re  3  386 chomsky  mac concordance,N/A,seem whtever reson  fct mny reference chomsky nonlngust  let s gnore lngust  show feld lest recognze legtmte re ntellectul nqury    fter  even oxford decde few go professor lngustc   fter long debte sure  cuse exhltton   snyde remrk comprson stln mo  lngust whtever strpe theoretcl persuson recognze our newly recognze sttus due gret extent dvent genertve grmmr chomsky  vrous reson meet number nobel lurete over ten ffteen  ech one lern lngust sk  nom chomsky   ech remrk pont chomsky one gret ntellect hstory  much better response sk  mny lnguge spek   whle stll lyperson s vew our feld  longer vew mong scentst cdemcn cross bord  vckus fromkn
sum  analogy 1sg,N/A,go post query sk exmple nlogcl development nflectonl system lnguge  preferbly ndo  europen lnguge  whereby 2d 3d person sngulr remke mge 1st sg  possblty development pper deny mportnt rtcle cowgll reflex e lryngel greek  strke bzrre clm  redy counterexmple  thnk robert hobermn  lr born  dn prmsk  george fowler  mgge wnter  mx wheeler respond  closest dentfy wyle browne  polsh present tense verb  et   jem 1sg jesz 2sg je 3sg  jem nhert  two form remke nlogclly  replce expect  jesus   je  c   however  even exmple completely compel snce seem nlogy here nvolve verb endng typcl nother conjugton rther specfclly remodel 2sg 3sg bss 1sg   cowgll rght  1sg never serve bss nlogcl remke 2sg 3sg   re exmple 2sg  re  model 1sg  robert hobermn pont hppen perfect ge  ez  snce dscusson hppen yemenus rbc dlect  3sg ffect cse   lexs mnster rmer
bloomfield,N/A,der fellow lngust  student grdute nsttute tchung  twn  speclly nterest ustronsn lnguge  presently  reserch ymus lnguge orchd slnd  however  develope gret nterest lfe work leonrd bloomfeld  too  lern exmple own study reserch  esy mterl bloomfeld s personlty  contrbuton  bckground  work  doe nyone de proceed mterl relte  thnk much  my wng
animal russian etc ,N/A,jule s pont nmcy grmmr russn expln why russn  kto    sk vrety nml   kto tebj ukusl   lght   bte   where englsh mny lg     problem polsh sme grmmr nmcy respects   nml  fr tell   lexs mr
digital recorder,jihualde@ux1,
available  cd vol  4,N/A,press relese  our ltest  gretest s relesed  mllons cd  vol  4 10 mllon best eml ddress vlble nywhere   mllon cd  vol  4  bsolute best product knd nywhere world tody  product nywhere compete qulty cd  fter lmost 2   ve even outdo ourselve volume  mllon cd  vol  4 comprse 10 mllon premum  super clen eml ddress  strt ml soon receve cd     technque descrbe below   ech fle contn exctly 100  0 eml ddress  ol  mxe ddress cd  ol  over 50 fle 100  0 ech ol equl over 5  0  0 ddress  ol ddress verfy 100  delverble producton collect throughout producton schedulethen reverfy delverble  follow domn removed vol  4  bsolutely ncluded  compuserve  com gene  com delphus  com gnn  com  drop ol ctve   edu   gov   ml   org  stte domn end  us nterntonl domn cd  pure  com   net     duplcte  ddress   dupe  flter  here  s clenest eml ddresses vlble nywhere   1  190  mllon lne eml ddress flter duplcte elmnte  process  lone  reduce lst mngeble number  2  nother flter lst 400  word  phrse reduce lst even  ddress profne npproprte word survve  3  specl flter fle elmnte most  web poson  eml ddress lst  most lst purge full bogus ddress  one lst  prtculr  over 90  poson  our exclusve system reduce type ddress zero  4   dly updte  nt bulk eml lst terrorst generl ntnternet dvertse extremst rd our lst those  cowrdly delberte mnner  ttck mrket choose utlze gretest mrket dscovery  drect eml  our dtbse ndvdul lrgest one mntn worldwde keep our lst undesrble extremst element  5  ddton bove  mntn dtbse updte every dy  dtbse contn undelverble ddress  ddress those sk remove ml lst  comprble optout knd lst mntn dm  etc   ownng cd    equvlent buy lsts cds our compettor  plus huge mount resource our tem secure through prvte mens  mjor dfference s     ours thoroughly clen  free  fll    bogus  ddress our competton dd nflte number lst  perform hundred hour producton thousnd dollr order offer clenest purest cd qulty ddress nywhere worldwde  send mrket letter one our 100 lst 100  0  10 mllon  equvlent send 1  0  0  one mllon our compettor ddress equl sme response  sle rto  etc  nt rther send 100  0 nsted 1  0  0 letter  result send 1  0  0 our qulty lst  our lst send less result  our lst result  hgher response rto hgher sle rto receptve prospects  less flme  nonbuyer less contct ntcommerce rdcl wnt net themselve   ll 100 clenest eml fle vlble nywhere  ech our volumes mprove qulty content  compettor even close mtch superor product  must compre yourself  product prove best s knd compre cd term hour money spend brng mrket  compettor ever duplcte effort us produce fnl product  don t compromse qulty  surely wn relese product before pss our  hgh stndrd  test qulty   buy rest buy best   mllons cd  vol  4 s best                                            here  s  re syng      receve cd frdy  kd toy  mmedtely strt ml eml ddress  cd  100  totlly stsfy purchse    dvd buckley  houston  tx  lst worth s weght gold  send 100  0 eml product receve over 55 order  wow   nne colby  orlen  l                                           don t hestte one mss most effectve mrket nywhere    perod  further queston plce order  cll us drect  1412  7341488                                           mllons cd  volume 4       225  0      prce effectve next seven dy  therefter prce  299  0 order  remember  bottomlne lwy py  order our eml pckge  smply prnt ez order form below fx our offce tody  ccept vs  mstercrd  mex  check fx                                            ez order form      ye  order mllons vol  4 eml ddress  225  0   plese select one follow shp       receve pckge overnght   m nclude  15 shp   outsde us dd ddtonl  25 shp      receve pckge 2 dy delvery   m nclude  10 shp   outsde us dd ddtonl  25 shp  dte                                                      nme                                                     compny nme                                            ddress                                                  cty  stte  zp                                            phone numbers                                           fx numbers                                              eml ddress                                            type credt crd        vs      mstercrd credt crd                                            exprton dte                                         nme crd                                            mount                       requre  sgnture  x                         dte  x                   fx order us  1412  2911133 check fx servces  fx check  pste check below fx our offce long form  1412  2911133                                                          24 hour fx servces    plese pste check here fx us 1412  2911133                                                        fx check  need send orgnl check  drft check  exct nformton orgnl check  check hold bnk clernce   710 dy  pyble   ce network
great business opportunity ,N/A,hello  two month go receve gn  ctchy subject lne  fnlly red  fterwrd    ok    m try  certnly fford nvest  20  hnd  s nothng wrong crete lttle excess csh   promptly ml four  5 bll  fter receve report  py frend mne smll fee send eml dvertsement  fter red report  lern esy bulk eml free  prepre result  every dy sx week  p  o  box overflow  5 bll  mny dy excess fll extr ml bn  ve upgrde corportesze box  stun money keep roll  husbnd sve severl substntl downpyment house   purchse house 40  down   re vence  tly celebrte  promse  follow drecton eml prepre eventully set sde hour ech dy follow  count money    lest much money  open envelope  remove money  send eml messge   re bnk  red  ll understnd esy                                                                                                                 prnt future reference    follow ncome opportunty one nterest  strt lttle nvestmentnd ncome return tremendous                                                                  lest  50  0 less 90 dy  plese red enclose progrm    red gn                                                                  s legtmte  legl  money mkng opportunty  requre contct  hrd work  best  never leve house except ml  beleve somedy  ll bg brek  ve wt  s  smply follow nstructon  drem true  multlevel eml order mrket progrm work perfectly    100  every  e  ml sle tool future  dvntge noncommerclze method dvertse    longer wt  busness eml  pece cton    multlevel mrketng  mlm  fnlly gn respectblty  tech hrvrd busness school  both stnford reserch wll street journl stte between 50  65  goods servce sell through multlevel method md lte 1990 s  multus  bllon dollr ndustry 500  0 mllonre u  s   20   100  0  fortune severl mlm  moreover  sttstcs show 45 become mllonre everydy through multus  level mrket  enclose nformton somethng lmost let slp through fnger  fortuntely  sometme lter rered everythng study  nme chrstopher erckson  two go  corporton work pst twelve downsze poston elmnte  fter unproductve job ntervew  decde open own busness  over pst  ncure mny unforeseen fnncl problem  owe fmly  frend credtor over  35  0  economy toll busness nt seem end meet  refnnce borrow gnst home support fmly struggle busness  moment somethng sgnfcnt hppend lfe wrte shre experence hope chnge lfe forever fnnclly    md december  receve progrm vum eml  sx month s pror receve progrm send wy nformton vrous busness opportunty  progrm receve  opnon  cost effectve  ether too dffcult comprehend ntl nvestment too much rsk work  one clm mllon dollr one    nt tell d wrte book   december 1995 receve progrm  nt send  sk  nme off ml lst  thnk goodness    fter red severl  sure red correctly  nt beleve eye  here money mkng phenomenon  nvest much wnt strt  wthout put further debt  fter pencl pper fgure  lest money bck  fter determne progrm legl chn letter  decde  why   ntlly send 10  0 eml  cost  15  0 onlne  gret thng eml nt need money prnt send progrm  cost fulfll order  tell  hope nt turn off  promse myself  rpoff  nyone  mtter much money cost  less one week  strt receve order report  1  jnury 13  receve 26 order report  1  red gurntee progrm   must receve 1520 orders report  1 wthn 2 weeks  don  t  send progrms untl   frst step  50  0 2090 dy  jnury 30  receve 196 order report  2  bck gurntee   must receve 100  orders report  2 wthn 2 weeks   send progrms untl  once 100 orders  rest s esy  relx   50  0 gol   196 order report  2  96 need  st bck relx  mrch 19  eml 10  0  receve  58  0 every dy  py off debt buy much need cr  plese red tttch progrm  chnge lfe forever    remember  wn work nt try  progrm work  must follow exctly  especlly rule try plce nme dfferent plce  wn work   ll lose lot money  report  2 expln  lwy follow gurntee  1520 order report  1  100  order report  2  50  0 2090 dy  m lvng proof works    choose prtcpte progrm  sorry  relly gret opportunty lttle cost rsk  choose prtcpte  follow progrm fnncl securty  fellow busness owner fnncl trouble  wnt strt own busness  consder sgn  dd  sncerely  chrstopher erckson p  s  de 11  700  5 bll   58  0  ple ktchen tble   s wesome  personl note orgntor progrm  red enclose progrm report  conclude progrm  one legl  crete mteur  let tell lttle myself  proftble busness 10  1979 busness begn fll off  sme thng prevously successfull  nt work  fnlly  fgure  nt  economy  nflton recesson replce stble economy us snce 1945  nt tell hppend unemployment rte    mny frst hnd experence  flure bnkruptcy ever before  mddle clss vnsh  those nvest wsely move  those  nclude those never nythng sve nvest  move down rnk poor    rch rcher poor poorer   trdtonl method money never llow  move   rch   nflton  receve nformton fnncl freedom rest lfe   rsk   lttle bt effort   money next few month ever mgne  pont penny money  nor nyone else provde testmonl progrm  lredy over 4 mllon dollrs  retre progrm fter send over 16  0 progrm  severl offce severl progrm here over se  sprng wsh mrket  nternet  prtnershp merc lne  follow progrm exctly nstructed  chnge  work exceedngly  remember eml copy excte report everyone  one send send 50  0    nme everyone  remember though  send potentl customer rech  frend  de  nformton  mterl opportunty become fnnclly ndependent  s    before delete progrm mlbox  lmost  lttle red relly  pencl fgure hppen prtcpte  fgure worst possble response mtter clculte  stll lot money  defntely bck nvest  doubt vnsh frst order  works  pul johnson  rlegh  nc here  s mzng progrm      let s decde strt smll    ll ssume those nvolve send 2  0 progrm ech  let s ssume ml receve 0  5  response  usng lst response much better  mny send hundred thousnd progrm nsted 2  0  contnue exmple  send 2  0 progrm  0  5  response  10 order report  1  those 10 respond send 2  0 progrm ech totl 20  0  those 0  5   100 respond order report  2  those 100 ml 2  0 progrm ech totl 200  0  0  5  response 1  0 order report  3  those 1  0 send 2  0 progrm ech 2  0  0 totl  0  5  response 10  0 order report  4  s 10  0  5 bll  csh    totl ncome exmple  50   500   5  0   50  0 totl  55  550    remember frend  s ssumng 1  990 2  0 ml bsolutely nothng trsh progrm  dre moment hppen everyone  hlf sent 100  0 progrms nsted 2  0  beleve  mny    cost prtcpte prctclly nothng  obvously lredy nternet connecton eml free    report  3 show best method bulk eml obtn eml lst  nstructons  err ml order mrket busness  method rse cptl relly works 100  everytme  sure  50  0  125  0 next 2090 dy  before  bull      plese red progrm crefully  chn letter  perfectly legl money opportunty  bsclly   multlevel busness  buld our busness recrut prtner sell our product  every stte us llow recrut multlevel busness prtner  offer product every dollr send  orders re flled through ml  nvolve personl sell  prvtely own home  store offce  gretest multus  level ml order mrket nywhere  step  1  order four  4  reports lst nme number  order report ech four  4  nme lst next pge  ech report  send  5 csh selfddressed stmped envelope  busness sze  10  person lst specfc report  nterntonl order nclude  1 extr postge  essentl specfy nme number report request person order  need four  4  reports reprntng resellng  lter nme sequence nstructon  mportnt  lwy provde smedy servce order  step  2  replce nme ddress under report  1 s  move one down report  2  drop nme ddress under report  2 report  3  move one report  4  nme ddress under report  4 drop lst prty doubt bnk   certn type nme ddress ccurtely    mx movng product  report postons    step  3  request chnge nme lst  sve text   txt  fle s own drectory whtever eml progrm  gn  report  3 tell best method bulk eml cqure eml lst  step  4  e  ml copy entre progrm  mportnt  everyone whose ddress hnd  strt frend reltve snce encourge dvntge fbulous moneymke opportunty  s  love  ever   eml nyone everyone  mgnton  eml ddress compny nternet speclze eml ml lst  chep  100  0 ddress round  35  mportnt  wn response old lst  lwy request fresh  lst  where purchse lst order four  4  reports  lwys provde smedy servce orders    requred reports     order ech report number nme    lwys send selfddressed  stmped envelope  5 csh ech order requestng specfc report nme number                                                      report  1   250  0 through multlevel sles  order report  1  kthy smth 5312 s  e  30 ve ocl  fl 344807524                                                     report  2  mjor corportons multlevel sles  order report  2  mcro nfo publsh nc  2107 w  commonwelth ve  dept  264 lhmbr  c 91803                                                     report  3  sources best mlng lsts  order report  3  som co  2168 s  tlntc blvd   101 monterey prk  c 91754                                                     report  4  evlutng multlevel sles plns  order report  4  kl nc  p  o  box 2433 glenvew  l  600252433                                                     concluson  enjoy fortune send progrm  too  money 2090 dy  follow smple steps outlne ml  fnnclly ndependent free  free fnncl decson never before  busness  nvestment  retre vcton  longer lck money hold bck  however  few rech fnncl ndependence  opportunty knock  choose gnore  much eser    yes   queston must nswer  gnore mze opportunty dvntge  nothng  ndeed mss somethng nothng chnge  plese rered mterl  specl opportunty  queston  plese feel free wrte sender nformton  prompt nformtve reply  method smple  sell thousnd product  5 cost penny produce eml  pont progrm legl everyone prtcpte money  chn letter pyrmd scm  probbly receve chn letter  sk send money  fth  nothng return  product whtso  ever  chn lettter llegl  rsk someone brek chn qute unttrctve  offer legtmte product  fter purchse product  reproduce resell  s smple free enterprse  lern enclose mterl  product seres four  4  fnncl busness reports  nformton contn reports help prtcpton progrm rewrd  useful busness decson hed  buy rghts reprnt reports  order those whom ml progrm  concse one two pge reports buy esly reproduce locl copy center cost 3 cent copy  best wsh progrm luck
      speedracer       speedracer     ,remove@contemporary-art,
     lost 23 pound 4 week    ,N/A,et  et  et  stll lose weght  joke  need lose weght quck  nt exercse  here  s nswer  et much wnt  ntroduce slender  tm  gurnteed weght loss lfe  confdent re     30 dy  re completely stsfy system  send  empty  bottle bck full refund  system s effectve  test subject typclly lose 10  15 pound ft frst month  mportntly  rebound effect common form weght loss hs been elmnte   nofl slender  tm  burn  bnd  block buld system burn  stmulen  tm   unque herbl thermogenc formulum llow store ft turn energy  below   bnd  slenderlen  tm   unque stteof  thert fberbse product bnd 40 grm  360 ft clore  detry ft food  ve et  therefore throw excess ft clore body wste rther store ft  below   block  phse  olen  tm   s bck  dr  mrshll s exclusve strch blocker  tm  formul pprove rerelese frst 15  ech tblet cpcty block dgeston bsorpton 100 grm 400 clore strch  below   buld  mnolyze  tm   product contn specfc mno cd necessry body collgen  help mntn len body mss buld muscle tssue  mportnt whle lose weght  burn ft  rther muscle  help mntn helthy len body mss rto  et much wnt   energy level skyrocket   100  sfe nturl   result two week   30 dy money bck gurntee  queston sk   et much wnt  s rght  contnue et fvorte hgh clore food stll lose weght  mpossble untl  revolutonry slender  tm  system  enjoy fvorte food stek  pork  egg dry product stll cheve gol   100  sfe nturl  slender  tm  system contn preservtve  sugr  strch  slt  whet  yest  mlk  soy dervtve  rtfcl flvor color gent   results two weeks  90  our clent experence ncredble result mmedte energy wthn frst two week   money bck gurntee  30 dy try product  less completely stsfy  send  empty  bottle bck full 100  refund  30 dys try product wholesle prce here two  mny   shron h   femle  ge 44  rel  estte gent  tlnt  g    ve lose 23 pound four week 2 dress sze husbnd lose 15  skeptcl nother one those fd det  however  fter reserch experence product  revolutnlze weght loss  sk  m tell nt beleve  tell try  why  100  money bck gurntee   stnley k   mle  ge 41  pttsburgh  p   product mze  lose 15 pound frst month  energy level hgh consstent throughout dy  system esy   ve never ble lose weght   m ctully et  blow wy  most ncredble thng  ve nt det bte excepton vod excess strch   free  oblgton nformton slender  tm  system  cll toll free  1888  6680615 due overwhelm response  busy sgnl  cll 1888  8416242
re  medical technology,N/A,compny  pdc nnovtve ndustry symbol  p d c d prce  8   8  0  shre  pdcd nnounce prorty producton propretry hypo  sterle 2000 render medcl contmnnt hrmless  nlyst ndcte  lmost lmtless demnd mrket plce revolutonry stndlone medcl devce   pdcd rte mmedte  strong buy    http    quote  yhoo  com  q  s  pdcdd  v1
wante  home product assembler ,N/A,home product ssembler   ssemble product home  pd  choose own hours  own boss  esy work  excellent py  ern hundred dollr weekly  here few exmple work choose  wooden product   220  0 weekly  hr ccessory   320  0 weekly  holdy crft   270  0 weekly  bed ccessory   350  0 weekly         plus mny  over 75 compny choose  why enjoy beneft freedom home ssembly work  cll      toll free  24 hour record  1800  6000343 offce extenson  2425  us publsh co  p  o  box 8950 rocky mount nc 27804 nme                                            ddress                                            cty  stte                                            q 04627c
dear website operator,N/A,h  help success  feel free cll queston  sncerely  jennfer power 904441  8080 env ssocte never receve messge gn     frst ever offered     keep prospect ppelne  tm fll  dsppont trdtonl mrket  mybe s consder  busness busness  drect e  ml  forget  rch quck  scheme  395  softwre  forget  60 mllon  ddress cd s fll duplcte even nvld   generte  ddress  hde mny dfferent fle rrely dd even mllon prospects stll unqulfy  over 90  prvte personl ddress wnt nvde unless duplcte flter softwre  ml mny multple  sme messge  wonder cll spm  respect prvcy  prospect ppelne  tm strt contct eml ddress ech 100  0 unque commercl web ste  e  g  www  myste  com  free 5 dy trl e  ml pump  softwre every busness need   keep ppelne prospects  mybe s fll ppelne  prospect ppelne most resonble mrket  nnouncement tool  ll ever  49  95   sh   contnue receve fresh cd  100  0 commercl ddress  ech month therefter  20  dscount  even delver utomtclly  prospect ppelne  tm ddress contct ddress commercl web ste  100    com    commercl domn   com  busness defnton busness love busness  vlue qulfy prospects much money wste  re  extremely resonble offer  down busness tody  stop wt prospects  prospect ppelne  tm busness busness pckge nclude  100  0 hghly refne  duplcte  commercl contct e  ml ddress pln text fle redy ml  free  fully functonl  5 dy trl  e  ml pump   ltest drect ml softwre technology  strt prospect mmedtely  e  ml pump nclude buld  nstnt  regstrton process vum nternet  s prce resonbly  49  95  decde regster  further queston plce order phone  plese hestte cll us  904441  8080 busness hours mondy  sturdy 9  0 m  9  0 pm  order fx postl ml  smply prnt order form below fx ml our offce tody                                                                            ccept us check fx  telephone postl ml  money order us dollrs drw us cndn bnk  ccept postl ml                                                                                                         order form                                     env ssocte  voce telephone  904441  8080 busness hours mondy  sturdy 9  0 m  9  0 pm  complete form follow fx nstructon bottom  order send us postl servce 3 dy prorty ml globl prorty ml outsde us       ye  plese send  prospect ppelne  tm  cdrom 100  0 fresh   commercl ddress free  5 dy trl e  ml pump  49  95  us dollr  nme                                                         compny nme                                                 ddress                                                      ddress                                                      cty  stte  zp                                             country                                                      phone number  s                                               fx number                                                   eml ddress                                               2nd eml ddress                                            plese select pproprte shp locton check pyble respectve totl        unte stte  dd  3  0 us postl prorty ml totl  52  95  us dollrs       cnd  dd  6  95 globl prorty ml totl  56  90  us dollrs       outsde us cnd  dd  12  0 globl prorty ml totl  61  95  us dollrs                                       24 hour orderng fx                                     1  prnt order form 2  pste tpe check here 3  sure bove form s complete 4  fx 1904  4416481  24 hour  7 dy week                                                                         need ml orgnl check check   fx  our bnk softwre drft specl check  exct nformton orgnl  order shp fund cler  feel uncomfortble check   fx check   phone pyment  send form check money order  env ssocte 171 est grnd boulevrd ormond bech  flord 32176 904441  8080 voce 904441  6481 fx
final offer,rewasd@eastmail,
linguistic theory eastern european language  clite1 ,szecsenyus@hang,
tamus  yu ,N/A,bobby  s  john  cousn  cll eml mmedtly  found compny buld  host our ste free  cll tody  bobby  m sorry receve mstke
dislocation,aaa552@agora,
95  8 capital fm,N/A,nt wnt receve eml  clck follow lnk remove ddress our ml lst  http    cptlfm  com  unsubscrbe                                                                     http    cptlfm  com  boyzone cht  cht boy drect stge wembley stdum   releses  best musc   fntsy record lbel  fvourte bnd top   trumn show  wn tcket prevew   onlne musc shop  fvourte musc doorstep   sportstme  lve cton bg gme                                                                       boyzone  october 11 brng exclusve cht boyzone drect stge wembley stdum  jon us 5pm nformton closer dte  http    cptlfm  com  releses  best musc  911  tn ren  hnd hck  b  wtch  fun lovn  crmnl mny  check  http    cptlfm  com  fntsy record lbel  fvourte bnd top   ve success musc bz  try hnd return stun fntsy record lbel gme wn mze prze  http    cptlfm  com  trumn show  wn tcket prevew frst street trumn show  jm crrey trumn s lfe stck sop oper  chnce wn   http    cptlfm  com  shop  fvourte musc doorstep  our musc shop down storm  nt check esy buy ltest gretest musc  nt hestte  everythe desktop next thng fvourte musc mlbox   re lwy here help queston  musc buy experence  http    cptlfm  com  sportstme  lve cton bg gme  vote september plyer month  ln sherer s fvourte  mybe dfferent  s george grhm rght mn spur  focus bggest trnsfer seson fr  englnd bck euro 2000 trl  gme gnst bulgrum luxembourg  ll ltest englnd cmp  lsten lve commentry cptl gold sport tem rsenl fce pnthnko chmpon  legue  sept 30  newcstle unte home premershp  oct 4    http    cptlfm  com
human subject,ga3662@siucvmb,
re  6  199 ipa,N/A,nce true democrcy try rech greement phonetc symbol  stemburger suggest  wr too mportnt mtter leve generl  choose stndrdze set symbol nt leve phonetcn  nterntonl phonetc ssocton lwy recognze  fully conscous fct p symbol wde vrety  1989 kel conventon  frst mjor revson lmost 50  gret del dscusson remember our  customer   one phonetcn put   despte comment contrry prtcpnt dscusson  chnge snce smll chnge ffect comprtvely few user lphbet  lrgely belef mportnt lphbet remn stble possble  stemburger orgnze knd referendum  luck  note suggest ls pproprte body u  s   lthough menton shl  mercn speech her lnguge ssocton  nterest group offclly dopt p  membershp much lrger ls  s  coustcl socety merc  nother group mny member nterest phonetc symbol  the1989 p kel conventon open  nclude member orgnzton menton stemburger  nclude ls  shl  s  sl  none prtcpnt  course  spek offclly orgnzton  conventon publcze pper lnguge  pper morr hlle ever couthor  relly nterntonl collborton  gree symbol dffcult everyone sme unt mesure weght dstnce  response prevous suggeston nterest choce phonetc symbol jon nterntonl phonetc ssocton  receve nqury  form journl nterntonl phonetc ssocton  member receve   unversty lbrry     relly need send nme ddress  plus check  25  13 sterl  request chrge ccess  msterchrge  vs  eurocrd  nnul dues  secretrt  p lngustc phonetc unversty leed leed  ls2 9jt  u  k  peter ldefoge
95  8 capital fm,N/A,nt wnt receve eml   20 clck follow lnk remove ddress our ml lst   20 http    cptlfm  com  unsubscrbe                                                                     http    cptlfm  com  fntsy record lbel  fvourte bnd top   london fshon week  cht str fshon world   sportstme  lve cton bg gme   shop  fvourte musc doorstep                                                                       fntsy record lbel  fvourte bnd top   ve success musc bz  sundy 27th try hnd return stun  fntsy record lbel gme wn mze prze  http    cptlfm  com  london fshon week  str fshon  brtn s premere event fshon clendr begn frdy 25th    ll hppen rght screen   ll ble cht model ctherne hwley lorto desgner gnt worker  freedom  mondy 28th september 7  30pm  wnt  sk dvce host top ndustry str strght  http    cptlfm  com  sportstme  lve cton bg gme  sturdy s sheffeld wednesdy v rsenl chmpon move ger follow sluggsh strt seson    s september plyer month vote    plus prevew  report gol cton bg soccer fxture  http    cptlfm  com  shop  fvourte musc doorstep  our musc shop  down storm  nt check esy buy ltest gretest musc  nt hestte  everythe  desktop next thng fvourte musc mlbox   re lwy here help queston   musc buy experence  http    cptlfm  com                                                                     dvertsement      20   o                                                          20 cd  prdse  com nrvn  cd prdse   20     cd s   30  dscount    20                                      20  kencke  9  79   relese  snts snt  11  99  mnc street  20  qu qurum  12  74  precher  20  boyzone where belong  12  74  ltest lbum      20  mke oldfeld tubulr bell 3  12  74  order   o   20                                     tody   20 cd prdse      20     http    www  cdprdse  com  hme  hmepge  sp  shop  3d2673                                                                          20
re   snow  1  2,doglick@vassar,
summary name day,j@usp,
 line library catalog,N/A,nt men dscourge lngust reder post bblogrphcl query lst  contrry  remnd  nform vlble  openccess onlne lbrry ctlog exst through telnet lfe much eser serch reference  need ccess telnet lttle ptence  follow ddress offer tour round mn lbrry world  s unlkely mportnt volume lst mportnt lbrry  ccess  commnd  fter prompt  telnet rsl  ox  c  uk telnet 163  1  62  31  beleve  free servce  except however locl system mnge commnd cpu usge  s ste locte u  k  need logn nme  pssword  log follow menus  once  ve dentfy lbrry  e   prefer down telnet ddress order ccess drectly future  few ste offer ccess rtcle ndex  servce exst fx rtcle upon request  fee  course  24 hour  syntx bblogrphcl serch vry nsttuton nsttuton  fter whle de lbrry nvgton become kd  stuff  plese plese wrte ccount sk detl work   lest couple month   m user  celso lvrez  cccmo
,emfgc@cunyvm,
typology theory,fery@uni-tuebingen,
query  chinese grammatical markers,ellgild@nusvm,
human non  human language,bn@lightstream,
free copy  selle product government marketplace ,N/A,h  over 100  0 sle professonl red our nformtve whte pper report  selle product servce government mrketplce   free report    s free   m nnounce completon updted report  cll 1800  5373786 receve nformton report nternet wthn 5 mnute  cost oblgton  hope enjoy  feel free forwrd messge nterest prty  thnk  john rymond executve vce presdent ps  reserch show nformton nterest  prefer  plce  remove  subject lne promptly remove  sorry nconvenence
pragma99,pragma99@post,
april vip special legend micro  inc ,sale@legendmicro,
program indigenous language brazil,maium@vms1,
urgent attention,N/A,re stll hppy job   re red eml  serch our dtbse over 5000  telecom  fnnce sle poston  check www  tp  com  job  europe s led onlne recrutment webste  tp  com free confdentl servce
regard cable tv descrambler,N/A,fq  frequent sked queston   cble tv descrmbler  ht reply button  messge generte utomtclly those nterest product   ll receve messge once  hello       thnk request nformton cble televson descrmbler   ve sk mny queston leve unnswer frst letter  reson  put together queston  nswer letter  pologze dvnce ble nswer ech queston personlly  response overwhelm   q  descrmbler fber  tc  jrrod stellte system   nswer yes  respect stellte  stuff  q  need converter box   pln work wthout converter box  specfc nstructon nclude pln ech  q  where 75pf  100pf vrble cpctor  rdo shck doesn t   mny rdo shck  however  two opton  1st cll rdo speclty supply store re lst yellow pge  2nd order cpctor  need ml mny need prce  s  below  m try proft  wnt help  ll wrp crefully send send self ddress  10 sze pd envelope  64c postge ffx  110 75pf  100pf vrble cpctor  11 e  20    9 e  q  cble compny detect box    sgnl descrmble rght box move bck through lne  q  lter exst cble system  televson vcr   nswer  q  doe work remote control   nswer  s mnul knd thng    esy  spouse sgnfcnt off couch deed  q  eml pln    pln esy follow pcture gude  q  doe work everywhere cross country   frend four stte one englnd brsl sme prt sme pln successful  q  s del gurntee   ye  unhppy reson refund money  q  s rp off scm    d chrge  50  0 pln  sure dmn myself hell rp off mesly  12  0  q  order  stuff   ml order wthn 24 hour receve    supply self ddressed  stmped return envelope 55 cents postge ffxed  q  gn  much cost nstructon pln esy follow dgrm   order set nstructon send  12  0 csh  check money order pyble  rms enterprse send  50 lexngton ve  sute 209  york cty  ny 10010  q  lst prt gn   ye  1  rdo shck mnus box  prt  270235  1  wtt resstor 2  2k  2  4k ohm  prt  2711325  1  75pf  100pf vrble cpctor  specl order  2  f61 chssstype connector  prt  278212  12   12 sold copper wre 12  rg59 coxl cble q  lose ddress  gn   50 lexngton ve  sute 209  york cty  ny 10010 us q  py   check  money order csh  sorry  credt crd ccept  forwrd order  kndest personl regrd  rul mendez
happy 95  8 capital fm,N/A,hppy everyone 95  8 cptl fm  http    cptlfm  com next two week   strs  s  check horoscope   studo tour  round our studo   job fnder  next job here   nother level  wtch chnce wn tcket   54  dsco wve contnue move news   howrd hughes revews 1998  howrd bck s news    s grls  nght  show cptl fm sturdy nght   trek nmb  follow progress trekker   brts  lsten weekend hghlght check onlne nomnee mondy                                                                       strs  s  check horoscope  future mp  onlne s store week   studo tour  round our studo  lwy wnt s nsde  check where chr trrnt foxy djs work   job fnder  next job here  wnt strt fresh  plce gret job mllennum   nother level  wtch chnce wn tcket  keep eye ste over next couple week chnce wn tcket uk dte nother level tour sprng   54  dsco wve contnue  move news  neve cmpbell bck move nfmous dsco york  wtch our competton chnce wn move goode bg   howrd hughes revews 1998  howrd bck s news  cptl fm newsmn bck story shpe    s grls  nght  show cptl fm sturdy nght  host frncne lew  sun s  top telly totty   lorrne morton r mdnght jnury 23rd  snek prevew grl  onlne   trek nmb  follow progress trekker  nme chrty  our volunteer cross nmbum  udo dry pcture  brts  lsten weekend hghlght check onlne nomnee mondy brt weekend over rwve weekend  lsten hghlght pst  vote offcl best sngle ctegory keep eye ste plce yourself her  much  much http    cptlfm  com                                                                     nt wnt receve eml  clck follow lnk remove ddress our ml lst  http    cptlfm  com  unsubscrbe                                                                     dvertsement revoluton  s dfferent    s delcous yours  free  s nonlcoholc brew beverge pure frut brley  body welcome brek   clck below wn cse phone hotlne bbsod delver drectly door  http    cptlfm  com  bbsod                                                                      dvertsement wnt wnner  competton zone  where everyone where mny before    free holdy  cnem tcket  plystton  gme  computer hrdwre  stll here  clck below enter one fbulous competton prze wt wn  http    cptlfm  com  compzone
summary  verbparticle,N/A,mny thnks respond request reference phrsl verb  prtcle  nt trck down detl led  most  snce  ll soon leve town much summer  best post   ll rest bck  here  thnks gn  respondent  bs rt  hn broekhu  ndrew crne  rchrd dermond  stg elsson  lrry gorbet  olf koenemn  steve mtthew  geoff nthn  dougl ol ver  hj ross  jonn rubb  goerel sndstroem  robn schfer  mchel b  smth  tm stowell  bob wchl  debr yeger  reference rt  bs 1989  verb  preposton constructon smll cluse englsh  journl lngustc 25  277290  rt  bs  1989  smll cluse englsh  nonverbl type  berln  mouton de gruyter  brugmnn  cludum  1981  story over  m thess  unversty clfornum  berkeley  crne  ndrew  hedus hrley  elzbeth pytt  1994  old rsh  double dervtve vso  pper present flsm celtc lngustc s conference  ucd  dgut  menchem  btum lufer  1985  vodnce phrsl verb  cse contrstve nlyss  study second lnguge cquston 7  7379  dermond  rchrd  pper www  nt yet mnge ccess  here s ddress  someone better luck  http    sunder  lng  sfu  c  den dkken  mrcel  1995  prtcle  oxford unversty press  gold  elne  pper m thess yddsh  gueron  jcquelne  1986  cluse unon verb  prtcle constructon englsh  nels 16  hwkn  john  1994  performnce theory order consttuency  cmbrdge unversty press hoekstr  teun rene mulder  1990  unergtve copulr verb  loctonl exstentl predcton  lngustc revew 7  179  hulstjn  jn h   e  mrchen  1989  vodnce  grmmtcl semntc cuse  study second lnguge cquston 11  241255  study second lnguge cquston 11  241255  kyne  rchrd  1985  prncple prtcle constructon  j  gueron  h   g  obenuer   j   y pollock  ed  grmmtcl representton  101140  dordrecht  for  koopmn  hld  1991  verbprtcle constructon syntx pps  ms  ucl  lufer  btum  stg elsson  1993  cuse vodnce l2 lern  l1l2 dfference  l1l2 smlrty  l2 complexty  study secondlnguge cquston 15  3548  lndner  sue  1981  lexco  semntc nlyss englsh verb  prtcle constructon  ucsd dssertton lndner  sue  1982  nt necessrly down  opposte  k  tufe  r  schneder r  chmetsky  ed  pper 18th regonl meet chcgo lngustc socety  pp  305323  longmn dctonry phrsl verbs  1983 mcprtlnd  pmelum  198990  cuny grdute center dssertton neelemn  d  1994  complex predcte  phd dss  utrecht unversty  neelemn  d fred weermn  1993  blnce between syntx morphology  dutch prtcle resulttve  nllt 11  433476 oxford dctonry current domtc englsh  1975 stowell  tm  1981  orgn phrse structure  mt dssertton  svenonus  peter  1994  dependent nexus  subordnte predcton structure englsh scndnvn lnguge  ph  d  dssertton  ucsc
cgsw  update program,haaam08@cc1,
vote  1 online business,wintrader@iname,
home base travel biz  free cruise     ,happy69@yeehaa,
 name,N/A,nlpeople 12 old money softwre   free downlod  http    member  trpod  com   busness  opp  2  ps1  htm
here,N/A,unversty degree progrms ncrese personl prestge money ern power through dvnce unversty degree  emnent  nonccredt unversty wrd degree  200  degree grnt bse present knowledge experence  further effort necessry prt  short phone cll requre b  m  mb  phd dplom feld choce  detl  cll 602230  4252
german text corpus  noun taxonomy,N/A,der lngust  germn text corpus  prtculrly corpus contn prse  lest prtlly prse  sentence  dtbse contn nformton synonymy hyponymy relton between germn noun nformton usefull buld clssfcton txonomy germn noun  thnk help  ndre wgner
correspondence friend ,N/A,hello slvdor  bhum  brsl                                   receve nformton our servce request our  nfo   eml drectly                                             correspondence  dtng  romnce  trvel korrespondenz  prtnervermttlung  resen korespondencj  mtrymonlne  podroze correspondenc  sts  mtrmonos  vjes                                   nvte  zprszmy ce lo nvtmo  wr lde se en  brzln offce http    www  lwysfrend  com
our net survey    win free trip two   111000 ,22@-794166995,
capitalfm  com,N/A,unsubscrbe eml http    cptlfm  com  unsubscrbe                                                                  http    cptlfm  com  sunscreen dy  her lterntve lyrc r   nme ferce  s lbum  nme rb ct s debut lbum   hngng brtney  brtney sper tlk success   professor pop  prof nswer muscl queston   sngles  ltest nugget pop plus snek peek   wnnng lnes  wn weekly lyrc comp   cptlfm  com shop  ltest best brgn                                                                   much  much http    cptlfm  com  sunscreen dy  her lterntve lyrc r  mondy 14 june sunscreen dy 95  8 cptl fm  ve mny lterntve verson number one song d chnce her lyrc r  send verson everyone london her  word wsdom    nme ferce  s lbum  nme rb ct s debut lbum  fter success  dyz  ferce set relese debut lbum wnt tell cll  whole hep sgn ferce goody wn cnt wrong   hngng brtney  brtney sper tlk success  lsten brtney sper tlk rse strdom  dol   bby one  vdeo  exctly s number one sngle lbum   professor pop  prof nswer muscl queston  every week brek reserch depths pop nswer queston  week  dwson s creek   demnd shnum twn whole hep tv dvert   sngles  ltest nugget pop plus snek peek  our weekly round relese ltest tune luryn hll  wld wld smth eurovson wnner chrlotte nlsson  plus chnce vote tomorrow s ht snek peek   wnnng lnes  wn weekly lyrc comp  musc  put knowledge test recognse lyrc our weely competton  wn george mchel s  ldy  gentlemn  vdeo   htech mrh crey dvds  much  much http    cptlfm  com  cptlfm  com shop  ltest best brgn   vst shop best prce musc  vdeo gme  ltest lbum relese nclude gerus hllwell s  schzophonc  11  99  sugr ry s  14  59  unbelevble 10  99   ustn power 2  spy shg  11  99 gy dd s  lesure nose  12  99   preorder forthcome lbum relese  s chemcl brother   surrender  21st june 11  99  sxpence none rcher s selfttle lbum 11  99  jmroquus s  synkronse  11  99 chnce wn tcket forthcome uk tour   nt forget song s country storm   everybody s free wer sunscreen  bz luhrmnn s lbum  somethe everybody   14th june 12  99   preorder desptch sturdy pror relese dte delvery dy relese  uk delvery 1  0 sze order  http    cptlfm  com  shop                                                                  dvertsement  honey  shrunk web   ply dsney gme wn one four holdy dsneylnd pr  dscover mgc unverse  honey shrunk web  explore mze dsney  co  uk ste http    www  dsney  co  uk                                                                   dvertsement re lofer  exctly s lof  wn strongbow freebe complete our lof survey wt  busy lof  http    cptlfm  com  strongbowlofng2                                                                   dvertsement wnt tody  s    s excte s london  rdo world here frst uk  wthn rdo world  crete own chrcter cht round globe  vst cptlfm  ttend onlne event lsten lve whle meet frend    wnt  clck lnk below    http    cptlfm  com  newrdoworld                                                                   dvertsement wnt wnner  competton zone  where everyone where mny before    free holdy  cnem tcket  beer  beverge weekend brek  stll here  clck below enter one fbulous competton prze wt wn  http    cptlfm  com  compzone
re ,list@writeme,
bulk email profit,N/A,20 ml thousnds eml messges per hour  kddng    20  20 send eml messges  1  0 s messges  hour  28  8k modem  yes  1  0 s messge hour                                                       30 mllon eml ddresses          100  0                                                               ll receve 2 hghspeed eml softwre progrms ntroduce      floodgte bulk eml loder   20      goldrush stelth mss mler  sme softwre bulk eml servce                                                      floodgte bulk eml loder verson 5  2 goldrush stelth mss mler verson 3  215 wndow 95 wndow 3  1 support 17  20  relly free form flter  fle formt                                                     send 20  0  mrketng letters every sngle dy     every few dy  fct  send few thousnd  mrket letter ech dy  nt long before  m completely  swmp eml nqury phone cll  esy   ech one bulk mlng cost nothng  tech  provde tool  ll need   ve mrket letter   ll show open  floodgte   ll deluge nqury  led  rel sle   nothng eml lone  wrte mrket letter esy  often rewrte  mrket letter hlf dozen before result  m   once letter  probbly   sme letter over over gn  predctbly  consstently  close sle  week fter week  month fter month  one hour send mrket letter thousnds  fresh eml ddress   thnks wndow progrm   s cll floodgte goldrush stelth mss mler  s bulk  eml loder eml softwre progrm   re nterest  electronc mrket  progrm  progrm  1  floodgte wndows floodgte bulk eml loder mport smple text fle nyone  downlod compuserve  prodgy  delphus gene  nternet   text fle contn clssfy d  forum messge  dtum  member drectory  ech fle fll eml  ddress  floodgte desgn red fle strp eml  ddress  sort ddress  remove duplcte   formt output fle  10  20 30 ddress per lne   one smple step  pont clck   ll need ether wndow bse nternet ccount merc   lne ccount send mrket letter  nether ol nor  nternet chrge send eml  send letter 1  0  10  0   cost lwy sme  nothng   prepre mlng 50  0   20 less 1  2 hour open nternet ccount  send ech letter 20  0    floodgte drectly wrte dstrbuton lst   lwy collect ddress  publsh  newsletter dsheet   ll sme ddress over over  gn  s rel power  ddress  ve prevously  collect  press few button prepre ml 50  0   less hlf hour   lst nternet ccess provder locl  cll re goto  http    thelst  com clck re code   floodgte user gude tech  step step  downlod  rght fle  strp ddress  fnlly  cut  pste formt ddress mrket letter    nternet ccount  crete dstrbuton lst  one  ve  few wn even  s smple  brve  drng  pushng technology lmts  prctce send unsolct eml usully  frown upon  most servce provder rule gnst    jywlk  lttle enforcement  s llegl   someone tell  sk provde ctton   nt let nonsense fx  s eml    cnt s  sometme  lot  compln  wrn letter  s  1 200 wrte bck tell   off lst     thnks floodgte remove lst feture  mny  reply bck thnk send nformtve letter  s  lwy nce  most though  reply   send  nfo    usully two three letter close  sle  floodgte user gude provde prove formt  wrte successful mrket letter   ll test rewrte  test  rewrte   once  ve  push few button  open  floodgte    floodgte bulk eml loder currently supports 17  fle formts 1  compuserve clssfed  send mrket letter everyone  run clssfy d   ll tech downlod  clssfed sngle d ctegory  one most  responsve lst buyer  check eml every dy  re  lredy busness  2  merc  lne clssfed  downlod 1  0 ddress 15 mnute   excellent lst busness busness sle  3  compuserve forum  jon forum downlod hundred  forum messge mtter mnute  4  merc  lne forum  choose dozen forum   trget lst  5  prodgy forum  prodgy llow esly export group  forum messge  trget lst  6  nternet newsgroup  trget lst   ll ble  send mrket letter everyone post messge  newsgroup  esly collect 1  0 s ddress per hour  7  merc  lne member drectory  most member drectory llow  serch cty stte  ol  serch busness  type  hobby  computer type  etc  gem member drectory  buld huge trget lst  8  compuserve member drectory  mjor resource   re  trget ml sngle cty  collect  1  0 eml ddress hour  9  delphus member drectory  delphus member drectory llow  serch bse key word  trget ml  lst  sngle serch esly generte 5  0 ddress  10  gene member drectory  smlr compuserve member drectory   downlod nme much qucker  esly pull hundred  thousnd ddress ech member drectory  11  compuserve fle cbnet  run clssfy d  sve  response cm fle cbnet   ll ble esly reuse  ddress  send mrket letter everyone sngle  folder  buld mster lst clen hrd drve  12  free form  text fle eml ddress  floodgte support  chnce free form flter  need  enter key word serch  13  compuserve form profle  forum membershp drectory   esy  buld trget lst here  ech serch esly brng 500  ddress  14  gene profle   re buld trget lst   ll lot  ddress quckly gene  15  ple ddress  red floodgte mster fle bck floodgte  merge fle selectve mlng  useful mngement  eml ddress lst purchse  floodgte flter llow nclude exclude group  ddress fnl dstrbuton lst  exmple   nclude eml ddress end  com exclude   gov  exclude noc  root  ddress lmost  gurntee negtve response  flter fully confgurble  together  buld reusble mster fles floodgte mntn mster fle ech mrket letter   downlod sme plce regulr bss  wnt  send letter  floodgte compre  ddress those mster fle  prepre ml lst   ddress  course  dd  mster fle  ech ml mster fle grow grow  crete mny mster lst need  strt  mrket cmpgn   ll wnt send letter everyone  mster lst  wrte newsletter  ech send  newsletter   ll send everyone mster lst  remove lst often  reply tell off ml  lst  plce ddress remove  mst fle never  receve nother letter gn    operte busness most professonlsm possble  don  t fooled compettor try copy floodgte   follow lst descrbe why floodgte better          floodgte mture  bug free product  ntl relese    floodgte over 100 pge step step  documentton    floodgte one offer money bck gurntee    floodgte testmonl   20   flter flter  floodgte offer cpblty    20   floodgte everythng  combne  clm   20   floodgte fr esest     cut pst  floodgte   20   fr  best techncl support  quck mth floodgte py tself few dy  cut  dvertse cost down lmost nothng  competton  floodgte progrm  nt leve dust   75 mllon  few keystroke wy   let s mth   eml 50  0 sle letter  1  2 hour   let s product brng  5 proft per sle   let s 1  response  occsonlly hgher    s 500 order x  5  3d  2  500 proft   mgne 500  0  letter busness   mrket onlne  mrket nythng onlne drect eml  mrket  conventonl postl drect ml mrket  possblty  prctclly endless  sell offlne  sell onlne  esy nstll esy lern floodgte eml loder requre wndow  suppled mnul tell  where    need bsc  computer skll lern lttle prctce help  our computer svvy techncn  progrm  2  goldrush stelth mss mler progrm confuse slow speed progrm  cll themselve  stelth   progrm one world  send eml hgh speeds one sngle connecton  nternet   20  cutt edge eml technology  frst s knd    most powerful bulk eml sender world   nothng even  close   20 thnk our top progrmmer s  technology vlble  plce   20   one  dlup sdn connecton needed   20  termnted connectons   20  wtng send lrge mounts eml   20  mmedte response mss mlngs   20  control confdence  20 sendng eml sent    huge mounts   20  send whole lst one dy  whether 500  0  20 5 mllon  st bck wt  20 orders pour   20  downlodng undelverble nmes  bulk emler s drem true        goldrush stelth mss mler connect multple ml server  20   multple connecton  sngle server combnton two  smultneously   one sngle dlup connecton   20 send multple smultneous mlngs     20 vew complete detl mlng  show ech server  connect  sttus connecton  mny messge  through connecton  etc    show trck mss emler nt wnt      20 here few feture goldrush stelth mss mler offer      20  forge heder  messge d  sp s spn wheel   20  dd s bogus uthentcte sender heder   20  dd s complete bogus receve  receve lne  20 rel  dte stmp recpent heder   20  doe requre vld pop ccount enter order  20 send mlng   20  esy operte  20  plus much   20  speed 1  0 s messge  hour  28  8k modem    20 specl ntroductory prce     20 both floodgte  20 goldrush stelth mss mler  499  0   20 updte    sve  149  5 order  one frst 100 orders   20 step plte ply bg boy tody receve  complete 2 softwre pckge unbelevbly low prce   349  95   20  bulk eml softwre sell much  2  500 cnt even  close cut edge technology ese  ccurcy speed     speed    speed    20 try goldrush stelth mss mler  floodgte bulk eml loder  10 dy free   20 receve unlmted techncl support 30 dy                                                                30 mllon eml ddresses mllons mllons eml ddresses cd mllons eml ddress seprte domn nme  ddress smple text formt one per lne  ddress follow domn  pplelne  msn  mc  juno  delphus  gene  ol  compuserve  nternet   com   net  mllons  vlble dskette downlod  wnt mllons ddresses  100  0  buy our floodgte  goldrush softwre pckge  bonus ncluded   mllons ddress yours  100  0 ddtonl  ddress delver smple text fle bulk eml progrm  cd rom  cd  begn mkng money mmedtely                                                                      specl bonus  1     stop lose sp dl ccount   20 order floodgte  goldrush softwre wthn next 5 dy   receve progrm  receve   20  complete nstructon  keep dl ccount  show heder   plus everythng need strt    20 mportnt notce  ntlly offer 100 copy  progrm sle  frst  frst serve bss   extreme power progrm offer     specl bonus  2     20 receve two progrm  receve  over 250 reprnt resell rghts reports strt mrket money mmedtely     20 hot seller nclude   20 1  top rte serch engne  20 2  70 money report  20 3  75 money mkng plns  trde secrets much much     20   200 retl vlue  free      20    specl bonus  3    two softwre progrm  receve our  ddress  grbber  utlty progrm enble grb 100 s thousnds  eml ddress newsgroup mnute   100 retl vlue  free      specl bonus  4    receve checks eml  phone fx mchne  softwre progrm  receve pyment product servce nstntly   wt customer check rrve  softwre doubt  dd sle  customer nt credt crd  mpulse buyer  softwre  prnt pyment soon customer  check nformton  dd nformton  proper blnk check spce  prnt bnk                                                      free demo  test drve  our stteof  thert softwre   20 fx us eml ddress request   09 1561  9666839                                                     hurry    reserve yours tody   20  nterest dvntge most powerful bulk  20 eml softwre world strt money hnd over fst      prnt ez order form below fx ml our offce  queston nt hestte cll us  1561  9656139 system requrements 386 lrger wndow 95 wndow 3  1 8 meg rm extr 5 mb hrd drve spce floodgte  goldrush run fst mc 24 mb rm  softwndow  notes stsfed users  everythng  wthn one week frst ml   receve record number order  need prnt money  decent sle letter  thnk   rndy lbertson  wolverne cptl   fter floodgte utlty progrm dy tody  let  two fnest progrm ever buy 52   support superb  thnk   vernon hle  prme dt  system  frst dy floodgte pegsus send 1  469 sle  letter  fr  ve 25 postve response  work gret     thnk   donld pror  floodgte wesome   recently strt busness onlne   strp ddress ol  cs clssfed  send 3  497  eml letter over 400 jon compny 5 dy   needless  py tself   dvd sheehm  ompd  ble floodgte extrct nme nternet news  group  work perfectly  needless  excte  technology   mrk eberr  nsde connecton  gret pece softwre nvluble mrket tool    joe kuhn  mllennum group  d progrm fntstc  fter  lod system  wnt test  frst hour   collect 6  092 eml ddress   rchrd khn  ld  communcton  love floodgte progrm  sve hour hour   begn wonderful fun mrket onlne  thnk  much wrte progrm   beth onell  eudor  ks  softwre brllnt  techncl support  ve  receve  genune love respect     floodgte dvne pckge  wsh sooner   tom  snder  peorum  l  relly floodgte softwre pckge work   esy  relly trck  lredy sve  ncredble mount energy   john bern  jr   frfeld  nj  s gret floodgte  delphus  collect  50  0  ddress wthn 20 mnute onlne   rchrd khn  rb  ssocte                                                  e  z order form  plese prnt order form fll blnk       plese send order form check money order  pyble  ted keller p  o  box 741342 boynton bech  fl 334741342  561   9656139       ye  try cuttngedge softwre  dvertse busness thousnd onlne whenever   understnd 10 dy trl softwre  fully  delght  cheerfully refund purchse prce   queston sk  plese rush floodgte goldrush pckge        order wthn 72 hour  qulfy receve  floodgte goldrush pckge substntl dscount  order  both softwre pckge  349  95   sve  150 off retl  prce     softwre sell much  2  499  95        order wthn 72 hour  qulfy receve  unlmted techncl support 30 dy        wnt receve pckge overnght   m nclude  18  0  shp chrge        wnt receve pckge 2nd dy   m nclude  10  0   nclude nsurnce  return recept  shp chrge         m order floodgte  goldrush softwre wnt order  mllons eml ddress  ddtonl cost  100  0  enclose         m order floodgte  goldrush softwre  wnt order mllons eml ddress cd  enclose   249  0   checks  llow 1 week bnk clernce  nme                                                  compny nme                                                  poston                                              street ddress                                               cty  stte  zp                                             phone numbers                                                fx numbers                                                  eml ddresses                                                                                                          ccept check  money order  mstercrd  vs  mercn express  ether ml order  20 us fx order   561   9666839                                                             tody s dte                20 vs     mstercrd     mercn express     dscover         20 crd                                                        20 exprton dte                                              20 nme crd                                                 20 blle ddress                                              20 mount chrge                   sgnture                                             gree py ted keller ddtonl  29 fee check return  nsuffcent uncollectble fund  sgnture  x                                 dte                 plese send order form check money order pyble  ted keller p  o  box 741342 boynton bech  fl 334741342  561   9656139                                                     plese pste check here  fx check  need send orgnl check  ml  drft check  exct nformton  orgnl check fx us  plese fx bove order form check  1561  9666839 t
ape language,N/A,ltest ssue journl nh reserch  vol 7   1 jn  1995 pp  5055  contn short revew rtcle pt shpmn humn evoluton  cover  rtcle refer  fde lne between pe humn   ctully ttle  clmb fmly tree  homnd homnd    dscusson lngustc blty nterest subscrber lngust lst  uthor dscuss knzus sue svge  rumbugh s 1994 book  knzus  pe brnk humn mnd    john wley son  ny   ccord svge  rumbugh  knzus rudmentry grmmr  dsplce referent rbtrry symbol  cse  con  lexgrm  computer   s  r blty equl 2 old chld  lter secton  work derek bckerton   lnguge specy   1990  unversty chcgo press  summrze  bckerton dmt knzus  pe young chld  protolnguge   full lnguge lck grmmtcl element  most rest secton lnguge devote broc s re cortcl speclzton    john
call papers  iii national linguistic conference  mexico ,coniius@siu,
challenge,plumb111@aristotle,
   27  0  0 email addresses   ,remove@bulkcenter,
free market  money secret,marketingoa@backpacker,
markedness   bibliography,linguist@tamsun,
prove wealth build system    9113 ,judge708@mail,
conformation,N/A,hello  ttempt clen eml lst  eml end nbox ether eml  nclude heder eml send  member one mny eml frendly lst  however wsh receve eml plese reply  remove  subject lne respectvely mmedtly remove  plese doubt compln offer plese reply     wnt complnt nyone spm    thnk  cbe beutful dy
re  6  217 sum  multimodal reference,rapaport@c,
prolamat 98  call participation program,N/A,cll prtcpton progrm                                        fp prolmt 98                                                 trento  tly september 911   12 1998                                                cll ppers succesful  over 140 referee ppers present conference three techncl trck  1 shre experence telecom ndustry glty nnovton 2 humn mchne communcton  model  stndrd representton  reuse 3 telecom glty mpct softwre technology dscrete mnufcture progrm nclude keynote speech  pply trck orgnse themtc sesson  selecton rtd project cofnnce europen communty subject re relte prolmt 98  nformton progrm  regstrton fee  ccomodton form  plese cll prtcpton prelmnry progrm prolmt 98 weekly updte web ste  http    prolmt  c  untn  plese note dedlne reduce regstrton fee 10  1998  erly regstrton erly trvel  hotel book dvsble  prof  gnnus jcuccus  conference chr
3rd emnlp cfp,emnlp3@c,
 life without debt ,N/A,prdon ntruson  offence men  nterest  smply gnore delete messge  hello  honestly beleve lfelne gurntee pull debt  throw  plese grb  smple  nexpensve soluton debt problem  one  progrm enble obtn secure fnncl freedom  nobrner compound leverge eductonl progrm enttle   lfe wthout debt   best prt system cost  5  0 begn  few week go respond letter one send  5  0 strt regstrton process  show       compound  5  0 weekly  780  0 weekly       convert  25  0 weekly  3  900  0 weekly       lter cheve complete fnncl ndependence prtcpte mn pln net  293  0       control fnnces especlly  mortgge note credt crd debt  sold  9  old debt free compny estblsh customer bse over 75  0  receve detl nformton jon us our conference cll  tuesdy nght 7  0 pm  cst  telephone number  916689  2868  pece mnd worth  5  0 strt tody  prnt letter  complete form return entre letter  5  0  csh   computer center po box 1511 grpevne  tex 76051 note  member resde outsde us  must send  10  0 mler s d  17 5 4698 1 nme                                           ddress                                               cty                                                     stte                          zp                    phone number
re  6  249 dick armey s slip correction,N/A,someone provde context dck rmey s utternce  brney fg   her once nt wrte down  mpresson  however  phonologcl envronment nt seem qute rght spoonersm  one  seem bnry opposton between ntentonl slur rmey s prt purely phonologcl slp nt represent possblty  s certnly possble strng  brney fg  often enough cptol hll her dck rmey  ndvertently substtute frnk s ctul nme  s nt somethng s  ccdentlly somethng one her recently repetedly   cnt tune hed   seem resonble explnton  slp  nt spoonersm  nythe nonspoonersm phonologcl slp ber  phl gne
conference announcement call papers,gyorig@btk,
speed racer,remove@art-gift,
become  certified pc technicium,sale@mountainmicro,
amazing health benefit green tea reveal   ,N/A,fnlly  smple secret longlst helth fmly here    s yours free    clforn helth dvsory report  ch98gt  exclusve report  prepre clfornum helth dvsory  summrze reserch study conduct foremost physcn renown medcl nsttuton round globe  nclude   ntonl cncer nsttute  ntonl nsttute helth  medcl college oho  hrvrd botncl museum  mny    report provde ndepth explnton fndng truly mzng helth beneft green te  fndng nclude protecton gnst cncer  hert dsese  numerous lment  one study summrze report publsh journl ntonl cncer nsttute dly consumpton green te  gretly contrbute reduce ncdence mny form cncer   report present cler  smple lnguge    usul  foregn  lnguge medcne  green te study sme green te locl grocery store coffee shop    receve electronc copy free report  send one dollr bll  cover process cost  check plese  eml ddress  clfornum helth dvsory ttn  free report ch98gt po box 7944 newport bech  c 926587944 free report send wthn 48 hour recept request   exclusve offer vld lmt  clfornum helth dvsory reserve rght rescnd offer  upon return unfulfl request
skytop sale   save over  100 digital camera ,N/A,ve serch hghresoluton  feturelden dgtl cmer produce mge ncredble level detl color depth  prce tg wn brek bnk    ve probbly wonder unlkely nml exst     skytop sle  http    207  13  239  101  cgbn  rtr  91byvpm1scp9pdbo3lc0hxy5klcz3c nnouncng svmnus  209 sound vson   dgtl cmer utlze ltest technology delver ultrhghqulty mge  2000x1600 pxel   ffordble prce  never her sound vson  probbly product  sound vson cmer mnufcturer  customer  most cse  lrge compny brnd cmer sound vson resell own  one compny  exmple  sell sound vson cmer under own wellknown lbel  cmer retl  479    mddlemn dough  course   sme cmer under orgnl mnufcturer  s lbel cll sound vson svmnus  209  through skytop sle  s  349  scrfce bg lbel elmnte mddlemn  sve eghty buck dentcl unt  sweeten del even further   ll nclude  125 worth memory enhncement ddtonl cost  svmnus  209  plese vst our web ste follow lnk below   ber mnd  ve probbly lredy cmer   ve comprson shop  dfferent nme  cost   http    207  13  239  101  cgbn  rtr  91byvpm1scp9pdbo3lc0hxy5klcz3c most cmer money buy    sound vson cmos sensor technology hert svmnus  209 delver gretly ncrese resoluton lower cost  fct  sound vson s cmer frst mrket cmos sensor nsted trdtonl ccd sensor dgtl cmer  beneft cmos technology   hgher resoluton   svmnus  209 cpture huge 3  2 megpxel mge  s 2000x1600 pxel    lower cost ccds   cmer dollr  lower power drw   drmtclly ncrese bttery lfe knockout mges ccompnyng sound store ether cmer nternl memory removble flsh memory crd  both lner sndsk  level  selectble jpeg compresson llow rght blnce mge qulty memory economy   module llow svmnus  209 sndsk crd  cll mnus opton  normlly seprte purchse    re throw free   free 2 mb sndsk crd   combne vlue  125   gret photo svmnus  209 effortless  ddton red  green  blue color receptor common dgtl cmer  svmnus  209 feture fourth receptor tel  drmtclly ncrese possble color depth   fct  closely mmc cpblty humn retn   sophstcte utoexposure lgorthm prevent oversturton hghlght whle stll preserve shdow detl  utomtc electronc flsh gurntee shot lght perfecton  every  experts    byte mgzne revew svmnus  209 november  97 ssue  cmer hghest rte  fve strs  byte      delver ultrhgh qulty dgtl mge reltvely brgn prce    brgn prce  re tlk  479   re offer  100  svngs over brgn prce   lern outstnd cmer  comprehensve dscusson feture   order   follow lnk below  http    207  13  239  101  cgbn  rtr  91byvpm1scp9pdbo3lc0hxy5klcz3c prce dgtl cmer spn spectrum  compre feture beneft cmer   ll svmnus  209 cmer less cost  compre feture beneft sme cmer under populr brnd nme   ll svmnus  209 dentcl cmer wy less cost  thnk  frend skytop sle p  s  dgtl mge mny fntstc pplcton  spce busness proposl presentton  desgn dzzle web ste  eml photo frend fmly over world  crete own photo rt one populr grphc progrm mrket  possblty endless    ultrhghqulty mge svmnus  209 hnd   re lmt mgnton  p  p  s  our greement soundvson llow us sell svmnus  209  349 lmt  plese ct quckly                                   ml ntend nterest lrge udence communcte vluble offer  nterest offer  dvse vluble promoton feture future mlng nterest  however  desre receve offer vlue us future  plese clck lnk below remove yourself our ml lst  http    207  13  239  101  cgbn  rem  vbnqenvsuprqpnpphx copyrght 1998  skytop sle  nformton contn eml messge publsh  brodcst  rewrte  otherwse dstrbute wthout express wrte consent skytop sle
c  insertion,N/A,nyone gude mterl document nserton consonsnt brek mpermssble vowel cluster  choce consonnt condton nture surround vowel   m  exmple  glde between nonhgh vowel  relct consonnt once hstorclly  longer consder underlyngly present bsc form word  thnk help  jme krchner
,rwojcik@atc,
best software  best ,software@best,
  ,tnet1@prodigy,
learn french quebec city,N/A,de m de l  unverste  lvl  ecole de lngue vvnt m  ont demnde  de poster cette nnonce                                                                               lern french quebec cty ntensve french course  elementry  ntermedte dvnce level                                                                 sesson dmsson dedlne                                                                utumn  septemberdecember  15 week  16 credt  june 15th wnter  jnury  prl  15 week  16 credt  november 1st sprng  myjune  6 week  7 credt  prl 1st summer  julyugust  6 week  7 credt  1st                                                                 smll clss  communctve pproch  ntegrton french  spek mleu  exceptonl sport fclty  cmpus house ccomodton frncophone  ge 18 older                  nformton           ecole de lngue vvnt pvllon chrle  de konnck  2305  unverste lvl  quebec  g1k 7p4  cnd phone   418  6562321  fx   418  6562019
ask join bancurus,8ea7f93f5be42d59@listbot,
dave  check one  ,N/A,dve  check progrm  over  2200 two dy       fstest pyng most explosve progrm ever   s exctement    check  unlmted  500 checks dy long cps  pd dly next dy fedex  20 bonuses everyone sponsor  sponsor ech cycle  6 levels deep  unlmted wdth dgtl cellulr phone r credt check  securty depost prepd phone crds englsh spnsh nstructons 8  9 cents per mnute long dstnce 24 hours  7 dys  1  dlng  ncomng 800   6second bllng  monthly chrge 100 qulfed leds opportunty seekers  help grow busness super dscount pck legl referrl servce  groceres  medcl  trvel  vehcles  pplnces  250  0  nmebrnd tems  mtter   re  ge bckground much  progrm  1  0 every dy secure fnncl future  mybe wnt cre credt crd  mortgge cr pyment set sde few extr dollr towrd vcton  college fund retrement  perhp  re complete chnge  homebse busness perfect  low strtup cost extremely hgh return best busness decson  ll ever  mtter gol  fsttrc exctly need  progrm explosve  frontend  ncome  500 check py dly send drectly vum fedex next dy   huge  bckend  resdul ncome  20 bonus py weekly  6 level deep  unlmt wdth  dd totl fnncl securty  top  nclude product  bove  unbetble ndustry tody   whether brnd multbllon dollr explode ndustry cll  network mrket  old pro experence  fsttrc every element need ensure success  low cost crete esy duplcton  fst py  check send dly vum fedex  frontend ncome  500 per cycle dy long  cp  bckend ncome  20 bonus  resdul ncome  top  ofthe  lne product tele  sponsor nstnt growth  cycle frst dy    meetng ttend  our lve conference cll  1 smple step  dedcte stff professonl help step  fct  check jon us  our  1 prorty  ucce    http    member  theglobe  com  lrrnd  moneymker  bzop  html lrry ruth
disc  functionalism 8  798,p@t,
adv  paid surf net   8820 ,N/A,ern whle lern  cll toll  free 1877  2714562 uthorzton code  lb100 py strt own busness world wde web  mllon fmly  lredy consder money nternet  frd spend  3000  0  4000  0 strt  smple truth  one fstest grow nternet servce provder  sp  web  py generte trffc  trffc  money  trffc  money  pck busness strt  provde tool secret ern knd money her  nt busness mnd  one  py 15  75  every referrl generte  dd most poeple wnt st computer ern money  nyone  nt work themselve money rght  nyone nt less  100  0 strt own busness  nternet stll nfncy stge  where nythng sell rght mrket strtegy  our progrm specfclly desgn begnner  stepby  step nstructon nternet proft   free nternet ccess  56k connecton  free web ste host  s  free html cg progrm custom buld ste  free progrm softwre  plus free dvertse next 12 month  here key  knowledge key success  why receve product servce free  py  97  0 nclude next 12 strtegy  mrket soluton  personl consultton  whle nternet chnge quckly  effectveness dvertse effort  lthough secret remn constnt  certnly most mportnt protocol chnge  men dfference between lst  1  32  567 serch engne  ever  32  567 serch engne   nether nyone else  rel queston   re spend thrty mnute dy workn yurself   confdent strt ern mmedte ncome  gurrntee  ern ncome wthn frst 45 dy progrm  return everythng frst 60 dy recve complete refund  nothng lose  everythng gn  tor order cll tollfree 1877  2714562 lve opertor wt cll nterest become dstrbutor  cll tollfree 1888  8837086  sve tree  dvertse vum eml   mllenum delete one esy keystroke  thnk  ml ndependent dvertse compny  pologze messge rech errorclck here removed                                                      90397
,book@sil,
cole  acl  98 worshop process dependency  base grammar,sk@ccr,
 55  550   hard work   nt pass ,N/A,select receve eml nqure postng show nterest subject content   our ntenton ncovenence nyone  opportunty rech  error  plese forgve us send reply  remove  subject  re                                                                                    der fellow entrepreneur  never thought d one telle    ctully red pece e  ml   m goe europe proceed  hello  nme vc lddell   m 35  yerold fther  husbnd  former  pplnce reprmn   successful fulltme entrepreneur  rule  delete unsolct  junk  eml ccount prmrly busness  receve ssume sme eml countless  delete ech  two month go receve gn  ctchy subject lne  fnlly red  fterwrd    ok     m try  certnly fford nvest  20   hnd  s nothng wrong crete lttle excess csh    promptly ml four  5 bll  fter receve report  send  eml dvertsement  fter red report  lern esy  bulk eml free  prepre result  everydy sx week  mlbox overflow  5 bll  mny dy excess fll  extr ml bn  ve upgrde corportesze mlbox   stun csh keep roll  wfe sve severl substntl downpyment house   purchse house bech mlbu  clfornum  50  down   re vence   tly celebrte  promse  follow drecton eml  prepre eventully set sde hour ech dy follow  count  money    lest much money  nt need wz computer   ll bet lredy   open envelope  remove money  send eml messge   re  bnk  red  ll understnd  esy     vc lddell follow copy eml red                                                                 legl  lowcost  moneymkng phenomenon  prnt letter  red drecton  strted tody  embrk most proftble unque progrm ever  mny over  demonstrte prove  blty generte lrge mount csh  progrm show fntstc  ppel huge evergrow onlne populton desrous ddtonl ncome  legtmte  legl  moneymke opportunty  requre contct  hrd work  best   never leve house  except ml  bnk  truly lucky brek  ve wt  smply follow  esy nstructon letter  fnncl drem  true  follow correctly  electronc  multlevel mrket progrm work perfectly    100   thousnd progrm   rse cptl strt own busness  py off debt  buy home  cr  etc    even retre  chnce  red strt tody                                                                               overvew extrordnry electronc multlevel mrketng progrm                                                                              bsclly   send thousnd product  5  0 cost next nothng produce eml  multlevel busness   buld our busness recrut prtner sell our product  every stte u  s  llow recrut multus  level busness onlne  vum  computer   product progrm seres four busness fnncl report cost  5  0 ech  ech order receve vum  snl ml   nclude    5  0 csh  nme number report order  eml ddress where eml report order  fll ech order  smply eml product buyer   s    5  0 yours  esest electronc multlevel  mrket busness nywhere  follow nstructons letter prepred rep  stggerng benefts         n s t r u c t o n s        must  1  order 4 report show lst below  cnt sell  nt order    ech report  send  5  0 csh  nme  number report re orderng  eml ddress  nme  return ddress  cse problem  person whose nme pper lst next report  sure return ddress s envelope cse ml problems   plce order  sure order ech four report  need four report  sve computer resell   wthn few dy receve  vum eml  ech four report  sve computer ccessble send 1  0 s order  2  mportnt   lter nme lst next ech report  sequence lst  nstruct below step   through  f  lose mjorty proft  once understnd work   ll nt work chnge  remember  method test  lter   work   below lst vlble report  b  fter  ve order four report  dvertsement remove nme ddress under report  4  person  through cycle doubt count 50  grnd  c  move nme ddress under report  3 down report  4  d  move nme ddress under report  2 down report  3  e  move nme ddress under report  1 down report  2  f  nsert nme  ddress report  1 poston  plese sure copy every nme ddress ccurtely  3  entre letter  nclude modfy lst nme  sve computer  chnge nstructon porton letter  4   re redy strt dvertse cmpgn nternet  dvertse  net  nexpensve  hundreds free plce dvertse  nother venue dvertse eml lst  buy lst under  20  2  0 ddress py someone mnml chrge cre  sure strt d cmpgn mmedtely  5  every  5  0 receve  must eml report order   s  lwys provde smedy servce orders  gurntee eml send  nme ddress  prompt cnt dvertse untl receve report                                            vlble reports                                              order ech report number nme    note   lwys send  5 csh  u  s  currency  ech report checks ccepted  lwys send order v frst clss ml  sure csh concel wrp lest two sheet pper  one those sheet pper  nclude    number  nme report order   b  eml ddress   c  nme  postl ddress  plce order reports                                                                 report  1   250  0 through multlevel sles  order report  1  l  v  e  servce p  o  box 9636 cnog prk  c 91309                                                             report  2  mjor corportons multlevel sles  order report  2  e  h  enterprse 3280 sw 170th ve ste  1913 beverton    97006                                                               report  3  sources best mlng lsts  order report  3   s   ssocte 941050 khmoe pl   103 wphu  h   96797                                                              report  4  evlutng multlevel sles plns  order report  4  j  s  nc pob 3353 ustn  tx 78764                                                                              here  s mzng pln  money                                                                               let s decde strt smll work  ssume gol 10 prtcpte frst level   plce lot free d nternet esly lrger response   ssume everyone else orgnzton  10 downlne member  follow exmple cheve stggerng result below  1st level   10 member  5                                              50 2nd level   10 member those 10   5 x 100                        500 3rd level   10 member those 100   5 x 1  0               5  0 4th level   10 member those 1  0   5 x 10  0      50  0 totls              55  550 remember frend  ssume prtcpte recrut 10 ech  moment hppen  20 prtcpte  most 100 s prtcpnt    cost prtcpte prctclly nothng  surely fford  20   obvously lredy nternet connecton  eml free  report  3 show most productve method bulk eml purchse eml lst  lst  bulk eml vendor even work trde  50  0 onlne every month         tps success         tret busness  prompt  professonl  follow drecton ccurtely   send four report mmedtely order strt  receve  5 order  must send request product  report comply u  s  postl  lottery lw  ttle 18  secton 1302 1341 ttle 18  secton 3005 u  s  code  code federl reg  vol  16  secton 255 436  stte  product servce must exchnge money receve    lwys provde smedy servce orders receve   ptent persstent progrm  follow nstructon exctly  result successful   bove  fth yourself succeed         success gudelnes        follow gudelne gurntee success  nt receve 10 20 order report  1 wthn two week  contnue dvertse untl   couple week lter  receve lest 100 order report  2  nt  contnue dvertse untl  once receve 100 order report  2  relx  system lredy work  csh contnue roll  s mportnt remember  every nme move down lst  plce front dfferent report  keep trck progress wtch report order  wnt generte ncome  send nother btch eml strt whole process gn  lmt ncome generte busness         t e s t m o n l s        progrm work  must follow exctly  especlly rule try plce nme dfferent poston   wn work  ll lose lot potentl ncome   m lve proof  work  relly gret opportunty reltvely esy money   lttle cost  choose prtcpte  follow progrm exctly   ll fnncl securty  sen mclughln  jckson  ms nme frnk  wfe  dor  lve bel  r  md  cost ccountnt mjor u  s  corporton pretty  money  receve progrm grumble dor receve  junk  ml   fun whole thng  spout knowledge populton  percentge nvolve    nt work  dor totlly gnore suppose ntellgence jump both foot  mercless  fun  redy ly old  tell   thng nt work     lugh  wthn two week  receve over 50 response  wthn 45 dy receve over  147  200  5 bll  shock  sure fgure nt work  m belever  jon dor  hobby    seven untl retrement   rt rce   s  owe mlm  frnk t   bel  r  md wnt pss long best wsh encourgement  doubt vnsh frst order  even check u  s  post offce verfy pln legl  defntely  works    pul johnson  rlegh  nc mn reson letter convnce system honest  lwful  extremely proftble  lrge  mount money short  pproch severl before  check  jon one expect return mnml effort money requre  stonshment  receve  36  470  0 frst 14 week  money stll  sncerely yours  phllp  brown  esq  gmble type  severl week mnd prtcpte pln  conservtve  decde  ntl nvestment lttle nt enough order lest money bck  boy  surprse medumsze post offce box crm  order  whle  overlod strt pck ml  wndow   ll money 10 lfe before  nce thng del nt mtter where  u  s  lve  smply nt better nvestment fster return  mry rocklnd  lnse  m receve progrm before  delete  lter wonder nt try  course  de  contct nother copy  wt untl eml  nother progrm    11 month pss    nt delete one       41  0 frst try   d  wlburn  munce  thrd prtcpte pln  qut our job  soon buy home bech lve off nterest  our money  erth pln work   ske  fmly s ske nt pss golden opportunty  luck hppy spend  chrle frchld  spokne  w order reports tody strted rod fnncl freedom  s turn decsve cton yelds powerful results
nystesol apply ling,N/A,second cll proposl  plese forwrd nterest lst ndvdul  21st nnul nystesol pply lngustc wnter conference lehmn college  cuny bronx  ny sturdy  jnury 23rd  1999 esol stndrds  chevements  ssessments        keynote speker  erc ndelstern nterntonl h  s  lgurdum communty college  queen tlk  performnce  bse ssessment stndrd esol student techer          proposl due     october 14    ml ms  bhr rsoy  proposl chr fort george stton  ps box 251 york  ny 10040 generl suggest topc  cdemc chevement esol student lnguge lern content re  rtculton effort cross grde level  stndrd dmsson  retenton  promoton  grduton esol student mpct level educton  ssessment prctce  model  nstrument esol student lnguge lern content re  nlyss  nnovton  crtque  esol techer educton  stndrd entrnce  retenton  promoton  grduton  usng technology support ssess chevement  cheve ssess progmtc socolngustc development nstructon proposl submsson  plese follow exctly  ndvdul ppers  workshop  publsher demonstrton llote 45 mnute  publsher commercl presenter requre py exhbtor s fee  pnel sesson  severl speker   one theme  schedule ether one 45 mnute sesson one 1 1  2 hour sesson  presenter must regster conference  whle presentton consder  those del drectly topc preference  1  submt 8 copy summry proposl  mxmum length 1 pge double spced  nether nme nor fflton pper nywhere 8 copy  however  upper leve hnd corner ech copy  follow nformton   1  ttle   2  type presentton  pper  workshop  publsher  pnel    3  length  45 mn  1 1  2 hour    4  ntend udence  s   prek  elementry  secondry  dult  hgher ed  blngul  mnstrem  techer eductor  mterl  currculum developer  resercher    5  v equpment need 2  9th copy  dentcl copy  1   upperrght hnd corner  plce nme  fflton  ml ddress  phone  fx  eml  vlble present jnury 23   m  p  m   3  ddton  submt 50 word  mx  bstct presentton pper conference progrm  nclude nme  s  presenter  s   fflton  s   ttle type presnton  length  ntend udence  s   4  bsolutely eml fx ccept  snl mr  plese ensure proposl pcket rech proposl chr lter wed   sept  23  1998  queston ddress dr  joye smth  lsg chr 718 960 7242 5  presentton submt promss  summry ttle occsonlly uncler  unttrctve ntend udence nconsstent one nother  plese every effort crete cler  wellwrtten  engge  pproprte ttle summry  plese forwrd messge nterested lsts ndvduls mchel newmn ssstnt professor pply lngustc dept  lngustc communcton dsorder queen college  cuny flush  ny 11367
xenical  fat blocking drug approve fda 165505,32@-668920828,
multidisciplinary periodical  call comment,N/A,multdscplnry perodcl  cll comment                                                      follow document present brod outlne publcton currently develop centre ntonl d  rt et de culture george  pompdou  pr  frnce   vlble our www server  url http    www  cncgp  fr  nform nternet user project generte dscusson de comment modfy enrch our pln  detl nformton project  plese refer full french verson  vlble here few dy   questonnre help us nterest publcton    dnel soutf drecteur du deprtement du developpement culturel
autoantonym,N/A,book  prnt  suchnd  uthor x hundr thousnd book  prnt  ctully prnt stndpont potentl purchser book  frnk y  gldney
re  sum  native speaker intuition,N/A,mrlyn slv recently summrse response del  ntve speker ntuton   especlly respect sentence  john sk mry leve   note severl respondent pont nterpretton sentence determne  lest prt  prgmtclly  vew nterpretton syntctclly fx wrong  pont demonstrte  pr exmple     1  techer sk chld leve room    2  chld sk techer leve room  ntve speker englsh  zelnd englsh   syntctcn  nt syntx mould  nyone else s  rule theory   both  1   2   nterpret person sk  chld  1   techer  2   person requre leve room  mount  ntuton ftgue  sum   werd strng 50 sound   strng 50 sound werd   ble chnge nterpretton knd sentence  perhp nterpretton sentence  s  syntctclly determne  summry conclude   post  crson contend judgment dtum   provde rel  useful dtum  systemtcl  creful collect  course speker  dffer certn pont     nterest queston whether  rnge vrton systemtclly constrn  nterest theory grmmr expln   gree  ntve  speker dffer certn pont   syntx probbly dffer most  probbly typcl  cse follow   sentence ungrmmtcl normlly  b  sentence  1    promse mry leve   b  promse mry leve  2    cnddte recommend obtn booklet   b  recommend cnddte obtn booklet  3    john requre pss exmnton   b  john need  must pss exmnton  john requre pss exmnton  s  o  requre john pss exmnton  4    brn red   b     mportnt syntctton relse one probbly thousnd syntctclly dstnct englsh  tlk soclly geogrphclly defnble vrty  mny zelnd englsh speker shre bove judgment    englsh less bse nturl lnguge grmmr nyone else s  nterpretton certn constructon nfluence prgmtc fctor  even mjorty  speker  dsqulfy purely syntctc ccount re spekers whose lnguge dt re ccounted  where vrton mong lnguge user  mportnt conflte dfference try bse grmmr  syntx  phonology     mpure smple  untmtely  grmmr ccount ndvdul  s lnguge  student s dsgree dtum rrely contentous   contend slghtly dfferent grmmtcl structure  course  less vluble serch constrnt syntctc structure techer s  receve  englsh grmmr  hertly endorse crson s cll systemtc creful collecton syntctc dtum    englsh relly syntctclly sme collegue s  fther s   cre must conflte dtum source  even cre must conflte dtum even dverse source  wyne p  lwrence
free,webmaster@alba,
ad  reat increase,N/A,sve hundred dollr per month home mortgge rent pyment household expense   http    www  equtybulder  net offer end soon
rule,N/A,re gudo vnden wyngerd  3357   must brek longsh slence cuse few urgent job   snce nymn nt seem begn understnd  problem here  let expnd queston once   speker  observe   volte  whslnd constrnt   form yesno queston recourse herrchcl  structure rther lner precedence   e  unflngly produce  1   rther  1b      1  s  mn tll    room   b s  mn   tll  room  must dmt dullwttedness  sorry  gree rel ssue nvolve here   speker proceed bss nductve generlston nlogy  prncple  one expect less rndom dstrbuton  over  1   1b  cquston stge  quod non  why less rndom dstrbuton over  1   1b  expectble cquston stge  speker unflngly    pttern chld bse nductve generlzton   produce  1    hence speker  possess certn knowledge follow certn rule  one  where knowledge  re suggest chomskyn  tct  knowledge   rule grow s mnd bologcl orgn   queston  one tell rule speker  follow  whslnd rule yesno queston formton rule   grule lrule  where convcton speker  follow  whslnd rule  rule  formulte nme grmmrn  clerly theoretcl generlzton  grule   notce phenomenon here cpture nsulr term prncple menble dfferent theoretcl formulton  e  g   dck hudson s word grmmr   englsh  word  grmmr   oxford 1990   dependencybse pproch   1b  rule fct nfrnge djcency prncple  confuse gb s djcency   whle grmmtclly correct  2  s mn tll room   grmmtclly ncorrect  nonsenscl   2b   s mn tll room  termnology   2  b  technclly rulesentence exemplfy  wtness exstence  correspond norm lnguge  lrule   typcl norm volte mstke joke  cf  lexs mnster rmer s  3371  post  mn    puttvely  possble np   sometme force  order brng home theoretcl pont  e  g   1b  bove   lrule  normsof  lnguge qu nsttutonl culturl fct  typclly lern cqure experence  norm deeply root humn nture volton less unnturl requre extr effort   one bsc tenet stmpen nturl phonology  unless  m mstke   exmple  nyone stnd two hnd  nsted two leg  cocktl prty certnly volte norm soclly correct behvour  cse   twoleg  constrnt lmost vcuously norm  hrd volte  sme ven  lrule  2  exemplfcton  lmost vcuously norm  lngustc professonl volte produce  2b   norm  nonetheless   mert dstncton   dstncton  met  descrptve genertve grmmrn  ctul prctce  mrttus nymn  dept generl lngustc  unv helsnkus  fnlnd
disc  evolution analytic  synthetic,N/A,fr tell  melne msnchuk s query  once red nturl evoluton lnguge  nlytc synthetc   ve unble sserton  snce  wonder  nswer ndequtely  snce summry post lngust  feel correcton necessry  judge reply melne receve  vew stll wdespred lngustc evoluton both drecton   e  nherent drectonlty lnguge chnge  wrong  sme  cnt globlly lnguge tend chnge ether synthetc nlytc  19th century lngust  vce vers  qute smple  constructons  lnguges  unversl drectonlty chnge  nlytc constructon lwy turn synthetc constructon  unless de   synthetc constructon lwy replce newly crete nlytc constructon    synthetc constructon never turn nlytc constructon  nlytc constructon never replce newly crete synthetc constructon   both synthetc  nlytc nlytc  synthetc unversl  dfferent senses   qute few synthetc constructon smultneously replce nlytc constructon  one mpresson lnguge whole chnge synthetc type nlytc type   19th century lngust ugust schlegel  wlhelm von humboldt  ugust schlecher  mx mueller emphsze   cycle menton rob penslfnus frst descrbe georg von der gbelentz 1891   sme  19th century lngust  e  g  frnz bopp wllm d  whtney  recognze development nlytc synthetc  cll gglutnton  cll grmmtclzton  possble common  confude tend term lnguge rther constructon  true 19th century lngust preconcepton own lnguge  ctully  ltn greek  best lnguge  men nsght totlly dscredt  mrtn hspelmth  free unversty berln  unversty bmberg
best keep  secret  finally expose computer store nt want ,woody@mail-man,
re  8  859  disc  punctuation,ervin-tr@cogscus,
scil 10,scil@ling,
query icelandic,laurenco@uconnvm,
mac parallel concordancer available,barlow@ruf,
pkdd  98,pkdd98@irin,
book  semantic,2307@compuserve,
summary  hindus  urdu tenseaspect,N/A,orgnl queston stem comment bley s urdu grmmr  1956  follow constructon  myng kht hng et  prtcple  1 bley nsst constructon  despte typcl progressve constructon  must trnslte  et    m et   bley 1956  139   rther  follow constructon contrst ccord trnslton  myng bct hng escpe  prt  1  escpe  myng bc rh hng escpe sty  en  1  escpe   bley 1956  42  respondent ble confrm frst exclude progressve red  constructon  sty  must progressve  pper hold urdu  hndus dlect  subsequent reserch suggest sme phenomenon operte neghbour punjbus  thnx gn those respond
glot international 3  1,N/A,glot nterntonl  volume 3  1998   ssue 1  jnury   stte  ofthe  rtcle   helen de hoop prttvty   t  mn functon prttve element certn set entty ccessble quntfcton  cse ordnry prttve process nvolve restrct contextully bound set where cse type prttve  pseudoprttve  fde prttve  prttve cse  set semntc entty vlble quntfcton unrestrct unbound    column   recent ssues lngustcs eln dresher  noch enml comprtve germnc  tle two journl  bse premse stll strke mny nonlngust ncredble  de smll dfference between lnguge ccdent hstory culture  connect unversl prncple smll  seemngly nsgnfcnt  dfference    dssertton   development functonl ctegory  cquston subject french strd ferdnnd revew clre foley nture djectvl nflecton ellen  petr kester revew judy b  bernsten  goody   tree  creton elzbeth rtter revew rborel  conference report   escol 1997 chng  hye hn goe romnce 11 jn  wouter zwrt  nnouncement    number deth   lngustc mystery eght nstllment chr sdney tppn  concordnce ntrtextul reference chomsky s chpter four   comple c  j  w  zwrt  http    www  hg  nl  glot  hollnd cdemc grphc  scentfc  document  process  p  o  box 53292 2505 g hgue netherlnd http    www  hg  nl phone   31704480203 fx   31704480177
advertisement,N/A,messge comply propose unte stte federl requrement commercl eml  ddtonl nformton  e  ml ddress lst nformton type servce  further mlng stop cost send reply remove subject  remove request honor mmedtely outlne under murkowskus bll  ttempt cncel forementon eml ccount result nblty process remove request  nyone else s  plese nclude ddress where receve eml vod receve further mlng us                                                                        re hveng hrd fndng plces credt crd merchnt crd  re mybe help credt must us try  ech crd serch hnd strtng town stte  pont browser http    www  credtme  com  del
summer school  history linguistics ,berrendonner@unifr,
specials specials,N/A,receve messge error  plese ccept pology  gret stels dels   vst our web ste sgn wn 3  2 gg hrd drve   welcome reseller ste lnk pge    over 500 cbles  prnter cbles  usb cble  plus swtch boxes much much  plese vst http    www  cblemx  com lnks egle computers below   week specl follow  md k6 266mhz  102  0 md k6 300mhz  125  0 md k6  2 300 mhz 3d cpu  159  0 md k6  2 333 mhz 3d cpu  264  0 md k6  2 300mhz 3d system  699  0 md k6 233mhz system  450 24x cdrom cyberdrve  40 32x cdrom  48 pc lucent 56k modems  45 genus 3  d 16bt sound crd  13  0 multmed speker system  10  0 md k6  2 300mhz 3d cpu  100mhz motherbord  4meg gp vdeo crd  16bt sound  350  0       100mhz motherbord md 3d cpu  s     85  0 32 meg edo 60ns memory   blowout sle    25  0 trdent 9685 4 meg s3 vrge vdeo crd  35  0 plus lot plese vst egle computer web ste   nt forget sgn wn 3  2 gg hrd drve    mny del lst  ht lnk   http    www  eglecomp  net  html  newspecl  html  egle  computersspecl  cfm regester free prze clck here http    www  eglecomp  net
  ,tnet1@prodigy,
sum  expression  put away yet  ,breul@uni-bonn,
latex macintosh,N/A,ve lredy mnd  seem  wnt pont four mplementton tex ltex mcntosh  three shrewre one commercl  besde wek  prtculrly humble opnon  wsup font  ltex llow dobe type 1 type 3   postscrpt   font  sl p font  those vlble commerclly dobe  romn  stone sn serf stone serf  ecologcl lngustc  cf  recent messge lloyd nderson   true whchever pltform decde  rch lderson
help world better place ,N/A,der nvestor  s qute obvous  re powerful number lone  stmp problem fce dy dy ttempt lttle help rrdcte   d  s  fmn  homeless  cncer  chld buse  vctm rpe ncest  volence corrupton world wde nt forget envronment  s totl dsster   pnmnn offshore bnk requre lttle  1 0 0  0 usd py cptl qulfy bnk regstrton   1 0  0 usd nvestment led unlmt return  here s mthemtcl logstcs 1000 together ech nvest  1 0  0 usd  1 0 0  0 usd  pnm regster publc lst our shreholder ech 1000 shres ech  1  0 per shre  securty commsson ccept publc lst  step 2  step 2  bnk commsson pply bnk lcense upon pprovl   ve bnk own 1000 shreholder ech hold 1000 shres trde freely pply lst pnmnn stock exchnge exchnge therfter  let s exmple below power number  mnml nterest py exmple ske 12  nully  1 0 0  0 return  120 0  0 usd  let s bck relty  1 0  0 usd lucky bnk most 4  nnul nterest rte  return  40  0 usd  let s recp  1000 shreholder nvest  1 0  0 usd ech end ech shreholder shres substntl return  exct return exmple return  1 0 0  0 usd 12  nnul nterest  120 0  0 usd dvde 1000 shreholder   120  0 ech shres ncrese 0  12   120  0 dvde 1000 shres  0  12 cent   ve gn 3 return compre return bnk fter  bd exmple bnk del dly currency trdes  bnker cceptnce  tresury bll  government bond  gcs  stock  mutul fund  credt debt  check crd  lon  lne credt  mortgge dly trnscton fee  exmple bove cler pcture lone potentl mere 1000 group proft potentl much greter totl cptl much greter opportunty greter flexblty  bnk record proft  800 0 0   1  5 bllon over unjustfy servce chrge  present bttle servce chrge frenzy contrbute bck communty help one our lst chrtble orgnston one choce  below bref descrpton our nvestment objectve  our bnk concentrte usge nternet reduce overhed upmost personl touch commercl  personl prvte bnk  our sevce chrge  few  unbetble  nt mntn fx mnmum blnce  costly wre trnsfer fee  blnce nqury tm fee wthdrwl fee  check process fee low mny fee   select group chrty 5  8  our proft  chrty mnd plese eml chrty home pge url send documentton ml ddress below  debt crd fclty check ccount vlble quck esy ccess clent cshflow  pnm nfmous bnk secrecy  116 dfferent bnk subject strct secrecy lw  whtever reson keep sset confdentl  bnk pnm defntely cter need  plese prnt fll contrct below  enclose contct nformton eml ddress blnk pece pper  check pyble  nvestnet  ml ddress below  lrge nvestment rrnge nterest ber nvestment depost whle complete nvestment objectve  ccept nvestment below  1 0  0 usd  event objectve brng together  1 0 0  0 usd nvestment project  our ttempt regster bnk pnm fl  stte contrct certn fund totlly refund frequently notfy sttus nvestment vum eml  speclze offshore bnk prvte trust  plese feel free wrte us requrement ddress below  power number  let s together dfference  yours sncerely  mr  erc wlhem dmnstrtor nvestnet 116 west servce rod  130 chmpln  ny 12919 contrct bnd                                        nvestnet corp   greement follow rtcle  1  nvestment depost yourself behlf nother person corporton  trust fund  nsurnce compny nvestment club  keep escrow nvestment objectve queston  2  nvestnet corp nform regulr bss vum eml sttus nvestment objectve hnd  b  nvestnet corp nform completon nvestment objectve future sttus shreholder upon completon pprovl requre body concern nvestment type  c  nvestment queston  type short descrpton                                                                  3  totl perod nvestment objectve shll exceed 3 contrct dte event nvestment objectve rech shll notfy dmnstrtor decson termnte lqudte fund dscreton exceed one notfcton dte  b  nvestment below  101  0 usd return nvestment objectve complete donte chrty our choce  c  nvestment bove  100  0 usd return rule dmnstrtor notfcton termnton nvestment objectve lqudton fund  4  seperte greement  nvestnet corp   shll longer bnd nvestnet prty queston dte greement   nterest ber depost  5   nvestnet corp   py upon lqudton nterest ccrue prtculr nvestment  unless otherwse gree  b  nterest rte  nvestnet corp  gree py fluctute nvestment nstrument py ccordngly follow mrket queston  6  nterest ber nvestment depost shll convert pproprte mount shres deem nvestnet upon fnlston publc offer  delvery shll commence therfter  dte                                                                                sole jon sgnture  s                                                                                                                        nvestnet corp   ct dmnstrtor  nvestment nterest ber depost schedule nvestment  10 0  0 usd  specl consderton   note  nnul rte  1003000 3  5  30005000 4  5  500025000 5  5  specl rte frst 500025000  25000  4  5 nvestnet corp  116 west servce rod  130 chmpln  ny 12919
query raise  aw   ay  alias  canadian raise ,N/A,query ddress those lngusts spek dlect  w   y  replce somethng    w     y  word  type   wrte   dfferent vowel frst syllble  wrter  second syllble  typewrter    put nother  dfferent vowel frst second syllble  typewrter
ecdl98  final call paper,ecdl@cc,
job announcement  apply linguistic  ucla,N/A,deprtment tesl  pply lngustc unversty clfornum  lo ngele nnounce open tenuretrck poston  rnk determne  dscourse nlyss  pend fnl budgetry pprovl   ppontee prtcpte propose nterdscplnry tech progrm lnguge  ntercton  culture  cnddte dsply strong reserch tech record   nterfce converston culture   us  ntegrton vsul verbl resource constructon men   us  expertse technology nlyze dscourse socety  cnddte must ph  d  hnd pplcton  pplcton must receve jnury 15  1995 nclude letter  vt  three letter reference  representtve publcton  send pplcton  chr  serch commttee  deprtment tesl  pply lngustc  3300 rolfe hll  ucl  lo ngele  c 900241531  ucl ffrmtve cton  equl opportunty employer  women member underrepresent mnorty encourge pply
re   real  virus alert  fwd ,wmyer@a50vm1,
humor communication  call paper,aharri@vax,
free credit  60852,N/A,bd credt messge chnge lfe  bd credt  need send us messge remove our ml lst  offer send once  nterest  delete  provde comple lst 14 bnk  nclude nme  ddress phone  s  offer unsecure vs mstercrd  men securty depost  those bd credt  6 phone  s 2 ddress busness offer sgnture  busness  personl lon ml  bsolutely collterl  cosgners  lon rnge lttle  500  25  0 sgnture personl lon  5  0  1  0  0 busness lon  structure compettve rte flexble repyment schedule desgn bd credt  ddton  3 phone  s bd credt uto fnnce  lst 20 bnk offer low nterest  low depost  secure crd 7 merchnt phone  s those credt  bd credt  even bnkruptcy  nt enough  lst 7 merchnt offer computer bnkruptcy credt money down  lest   ll nclude testmonl those success story mtch pproprte lend nsttuton  free bonus nformton contn wthn our  clen credt mnul   our mnul complete step step nstructon correct credt  professonl  sve hundred dollr  our mnul help restore credt once gn fnnce home  buy cr  vcton  ve lwy drem  our mnul purchse  15  0   1  0 donte cncer  d foundton   mnul send through eml mount   smlr lst credt crd serch currently run  49  300 thrd nformton nt even menton clen credt  nformton cost lest  1000 professonl  mnul must send regulr ml  fx  check fx  check telephone  cost  20  0 ddtonl expense  delver nformton cheply once shoe feel  unfortuntely  must provde our fmly therefore  must exchnge nformton money  somedy hope offer nothng  sure ndcte receve nformton  eml ddress  fx number  home ddress  etc      rush nformton check ccount plese notfy us phone nme  ddress phone  1412  8861151 nformton over phone fx  thereby relese our credt mnul nstntly vum eml  plese forwrd request 1  412886  1151 deprtment process request  remember method extr  5  0 ddtonl cost bnk chrge us process method  ekel lnk dstrbutve rghts compnes lsted our mnul  menng rght phone   s ddresses  therefore  permsson publsh  bonus nformton  our  clen credt mnul   unless cqure sme rghts suggest twce sellng nformton proft gvng wy  those currently sellng nformton wthout permsson notfed shortly ftl mstke                                                                        summry nformton plese send csh  check money order nformton below  pyble  ekel lnk send  ekel lnk rr  2 sute 614  ruffsdle  p 15679  py revew   15  0 dvnce purchse  men send us money frst  e  csh  check money order  eml mnul  nt forget us eml ddress   20  0 dvnce purchse  men ccept check ccount nformton fx phone  eml our mnul  must contct us 1412  8861151   20  0 dvnce purchse  men send money frst  fx send mnul  nt forget us ml ddress fx phone    25  0 dvnce purchse  men ccept check ccount nformton fx phone  cll 1  412886  1151  fx send our mnul through postl ml  vod where legl lw  professonl fnncl consultnt  credt nsttuton lon servce  therefore  offer lon lne credt  py us mnul descrbe our method success clen our credt fle  ttempt clen credt vry depend effort crcumstnce ech ndvdul  bnk lon ml servce responsble completely lble own personl gurntee   decde busness lst bnk lon nsttuton ml  gree forwrd queston pertn servce us  nswer queston pertn mnul descbe our own personl credt clen success  nfo consder  bonus nformton  lble  dsclose sttement clm overwhelm response nswer queston knowledge uthorty nswer  choce order yours  nformton help us  bd credt esy route scm someone else money  bnk lon fvor  plese order us  commt help  enourge bd stuton worse  knowledge suspcon nformton relte scm report mmedtely  bd experence nternet  let us  re proctvely tryng elmnte commerce nternet  fct  tell us story  dd secton our mnul cll   never scm gn   s permsson  nclude personl story bd experence  scm   ve nternet  even nt purchse  lest us story help stop busness nternet protect consumer  nswer mny queston  nt hestte keep touch  suggeston updte nformton pprecte rewrd   rewrd wrrnt mert our dscreton  stte before  one offer eml once  order   15 chnge lfe drstclly hs ours  thnk vst  hope tlk soon  luck god bless fmly                                                                        ekel lnk rr  2 sute 614  ruffsdle  p 15679 unte stte 1412  8861151 p  s  sorry our return eml ddress probbly s commsson mny rch busness men complned our messge don  t smll busness mn help needy  therefore  must ether wrte us cll number bove  thnks gn cre
re  6  6 greenberg  again    sigh ,maxwell@sil,
secret travel agent win tell ,boney@hosted2u,
list language list version 1b,N/A,newest verson lst lnguge lst vlble nonymous ftp mdr  ucd  e drectory  mgunn  everson mchel everson  everson gunn teornt 15 port chemhghen  ochtrch  ble  th clth 2  e  re  relnd guth    353 1 4782597   353 1 2839396 fcs   353 1 2837778 27 p  rc fhe  thlnn  ble bho  thr  co   th clth  e  re
investigate anyone internet ,zebracharlie9@hotmail,
femininehe  singularthey,N/A,content  length  8133 der lnguge scholr  present follow mterl dscusson tem  one ultmte purpose contrbute revse oed due 2005  pper currently work   m request comment contrbuton  summry forthcome  femnnehe sngulrthey mne set explnton two most regulrly dscuss grmmtcl oddty englsh  ndefnte  proverbl sngulr   touch   orthodox vew pronoun hstory      nvolve northto  south  wve theory   stte erly 1866 rchrd morr  theory set forth oed never queston  femnne h  stem  ccord ccept vew  dsplce lnguge wve culturl dffuson femnne pronuncton begn pproxmte msculne pronoun 12th 13th century  pronoun dscuss here nvolve northto  south wve dffuson  contenton sgnfcnt cuse hstorcl replcement pronoun  except h  stem subject plurl  stndrdze force exert prntng press   hppen rther quckly   wve culturl dffuson over century  nlyss seventeen mnuscrpt  verson pers plowmn  h  stem femnne gret regulrty  expln  mny lne  occurrence mnuscrpt h  stem femnne outnumber sh  form sme lne  mny mnuscrpt both form  mnuscrpt copy copy copy  bse mnuscrpt dte  plce  verge  mnuscrpt wthn few generton dvent prnt  explnton  perhp nglo  normn ruler predlecton dstncton msculne  femnne sngulr  whle folk generlly bgendrc  eglttn  h  stem form vernculr  poltclly correct sh  form prefer oxford  cmbrdge  proper socl etquette  wrte refer  ldy   cxton begn enterprse  sh  form  spek here  become enforce correct form through gret power press  h  stem femnne remn spek lnguge  longsde sh  form  beyond prnt  drop speech become rchc 1300   prescrptve  grmmrn prescrbe ndefntehe  h  stem stll crry semntc domn bgendrc reference  lthough seventeen mnuscrpt pers mn corpus evdence  vrous knd evdence support theory lte survvl h  stem femnne colloqul mddle ge  one nterest exstence h  stem femnne gullh  west frcn orgn dscount   support evdence vrous plce oed  scnty sctter  nonetheless  h  stem sh  form femnne exst century  sde sde  forml nforml  lthough  sure  mny cse dstncton lose   h fr wfmn  md  14th century genbte nwyt  currently trnslte work    pronuncton femnne pronoun sme modern msculne   vowel yet dphthongze   supposton h  stem  lterry form   suggest oed  presumbly mens copy mnuscrpt erler exemplr  untenble genbte trnslte drectly french  extrct pronoun prdgm mnuscrpt  verson pers  ddton gret evdence wde h  stem femnne century beyond suppose demse  h  stem plurl  lthough extremely rre   lne prologue 63 stsfy llterton    every mnuscrpt pers h  stem oblque  modern   often longsde th  form    generton fter prnt  h  stem    seem vnsh    lest wrte evdence  h  stem femnne hold wde currency colloqul mddle ge therefore  support evdence  unknown prescrptve grmmrn few century lter  ccept theory h  stem femnne drop lnguge before 1300  pror poem  lysoun  wrte  need revson  pers show much lve 15th century  explnton replcement h  stem plurl nomntve  replcement occur erler pronoun queston  never propose  nt pressure lterntve oe h  stem subject plurl result dsppernce pretert plurl durng perod  englsh verb lose mrker pretert number  h  stem plurl  shre sme form femnne sngulr nomntve  become context mbguous number  form need  lthough norse form renforce mong northern speker  ntve sngulr form vlble sme set oe demonstrtve us  pper duplet   sngulr morphology fct hstorcl lve colloqul long    oe sngulr  develop sngulr  plurl  cr  cr   extend ccustve  lose bsolute  stndlone    retn pronuncton oe  restrct nomntve  become unmbguous wrtten plurl 1400   colloqul retn sngulr morphology  lter  regrd  cxton th  form unmbguous plurls h  stem pronoun throughout englnd tremendous dversty form  exmple  one  wrte  dlect femnne  sngulr  possesve  nother llgender  plurl  possesve  cxton need form unverslly understnd  hence wrte th  form oblque replce h  stem hstorc blnk eye   wve culturl dffuson concdentlly wft through london cxton set prnt shop  support cse lte survvl h  stem femnne  15th century  hence cse culturl currency prescrptve grmmrn   excluson one gender  cogntve spce  pply  hence motve grmmrn ressess  fct spr  whorf hypothess does pply pronoun  nvte comment help understnd two fct  1  twothrd hstory englsh subject pronoun refer group mn  boy form dentcl femnne sngulr  2  expresson pronoun  possess  somethng mn  boy twothrd hstory englsh express form morphologclly mrk femnne msculne
pass 800    ,N/A,x  nfo  generte excellent ncome pssng 800  s pd weekly   meetng   selle   work  esy progrm relly s  cll  1800  8112141 code  49744
atelier de doctorant de linguistique  adl ,bendjaballah@linguist,
welcome joke internet magazine  cn  80924609220,abuse@jokes4u,
women s study  northern illinois university,N/A,poston nnouncement northern llnos unversty women s study progrm drector northern llno unversty nvte pplcton fulltme drector women s study progrm  progrm dmnstrtvely house college lberl rt scence offer generl educton course  undergrdute mnor  grdutelevel concentrton  enjoy student fculty nvolvement throughout unversty  drector lmt tech responsblty opportunty tech dvnce women s study course cnddte s cdemc dscplne  ssstnce progrm dvsory commttee  drector responsble budget  pln  currculum desgn schedule  represent progrm unverstylevel commttee  doctorte termnl degree cdemc dscplne requre  ph  d  women s study dscplne centrl womn s study dmnstrtve experence prefer  cnddte must exhbt strong record effectve tech reserch credentls pproprte tenuretrck ssocte professor poston  nterest ntersecton rce  clss  gender  crossculturl perspectve womn  progrm development  multculturl currculum trnsformton  student dvse especlly desrble  mnorty  person dsblty  womn encourge pply  twelve month contrct  slry commensurte qulfcton  send pplcton letter  vt  three letter recommendton forwrd  chr  drector serch commttee women s study progrm northern llno unversty deklb  llno 601152854 dedlne  pplcton mterl must receve februry 1  1995  northern llno unversty ffrmtve cton  equl opportunty employer
tv pc,N/A,h  nterest slcon http    www  slcon  com  s best servce  ve news nformton  s relly unque nformton s relly relevnt job qulty tv news ntervew  ble check ltest news nbox http    www  slcon  com  bn  blderunner  30reqevent   requth  21046 s s chnce wn sony dvd plyer ever week october  regster servce
1998 tls  explore boundary between phonetic phonology,N/A,1998 conference tex lngustc socety explore boundry between phonetc phonology mrch 1315  1998 unversty tex ustn                                                                            frdy  mrch 13th  8  45  9  45 regstrton coffee  9  45  10  0 open remrk  10  0  10  40 ntsh wrner  unversty clfornum  berkeley  o ntegrte speech percepton forml phonology  10  40  11  20 rndll gess  unversty uth  o phonetc v  phonology sound chnge  ot hs 11  20  11  30 brek  11  30  12  10 ls lvoe  cornell unversty  o effect prosodc structure phonetc phonologcl consonnt weken  12  10  12  50 tvolus mjor  unversty tex ustn  o prllel role stress vowel hrmony v  v cortculton 12  50  2  30 lunch  2  30  3  10 kenneth de jong  ndn unversty  bushr zwydeh  ndn unversty  o sketch rbc stress durtonl structure  3  10  3  50 nn bosch  unversty kentucky  kenneth de jong  ndn unversty  o syllble supersyllble  evdence low level phonologcl domn 3  50  4  0 brek  4  0  5  0 keynote ddress  bgl cohn  cornell unversty  sturdy  mrch 14th 8  30  9  0 regstrton coffee  9  0  10  0 keynote ddress  ptrcum ket  ucl  10  0  10  10 brek  10  10  10  50 robert j  podesv  cornell unversty  o coustc nlyss bugnese consonnt  10  50  11  30 bll hbe  cornell unversty  o effect lnguge  specfc strtegy vowel durton 11  30  1  0 lunch  1  0  1  40 bushr zwydeh  ndn unversty  o nturl clss gutturl  endoscopc coustc evdence  1  40  2  20 mdelne pluche  unversty clfornum  berkeley  o glottlze sonornt yowlumne  2  20  3  0 on chtorn  drtmouth college  o georgn hrmonc cluster  phonetc cue phonologcl pttern 3  0  3  10 brek  3  10  3  50 chp gerfen  unversty north croln  chpel hll  pul densowskus  unversty north croln  chpel hll  o h  gh   h  gh   l  ow   l  ow   w  ht   w  ht    3  50  4  30 scott myer  unversty tex ustn  o surfce underspecfcton tone chchew sturdy nght  prty  sundy  mrch 15th 8  30  9  0 coffee  9  0  10  0 keynote ddress  jnet perrehumbert  northwestern unversty  10  0  10  10 brek  10  10  10  50 yko tsuchd  rutger unversty  o phonetc phonologcl vowel devoce jpnese  10  50  11  30 llyson crter  unversty rzon  o phonetc mnfestton unfoot syllble  evdence young chldren wek syllble omsson  11  30  12  10 r smorodnsky  hskn lbortory  yle unversty  o phonology phonetc schw prsn french  rtcultory nlyss nformton  our webste  http    ut  cc  utex  edu   tl
desparately seek,djbeck@uvvm,
grammatical relation derive notion,comrie@bcf,
list sale  over 50  off mega list,address@42,
address change  changement d  adresse,N/A,plese note street ddress deprtment lngustc unversty ottw chnge  complete ddress  wsh modfy ls drectory etc   follow  deprtment lngustc unversty ottw chnge     200 wlbrod street ottw  k1n 6n5 cnd telephone number  eml ddress fx number unffect move
conference research advance technology digital library,ecdl@cc,
suit  commute   ,cikely@usa,
re  ems best software best ,N/A,remove nstructon below  remove request respectfully mmedtely cut edge eml technology   express ml server  mc  275 lmt  best eml progrm  try  red messge  prove work nywhere less downlod demo free our full servce web ste  complete step step nstructonl tutorl  vst our web ste  http    138  27  44  5  certh   c  user  mc  cnt log ste cll us  sometme ste overlod ht  try before buy  love  s bulk emler drem true   sme softwre  695  0   495  0 l  s  enterprse cll  808876  1550 nformton order copy tody  275  lmt   fx order  nfo request   808  8786869  nclude nme  phone number  eml ddress  vst our web ste  http    138  27  44  5  certh   c  user  mc  cnt log ste cll us  sometme ste overlod ht  60 mllon eml ddress excellent  remove lst  servce vlble  99  ccept mjor credt crd  vs  mster crd  mercn express  dscover crd ccept check fx  smply fx check  808878  6869 nt hestte  cll tody offer lmt  express ml server  express ml server  ems  bulk eml softwre thng work  ems trnsform computer personl ml server  ddtonl hrdwre  ems softwre complete control mlng  ml send orgnte computer delver drectly mlbox recpent  snce ml orgnte computer  longer necessry nternet servce provder s ml server  prevous generton stelth clok type progrm  work uplod ml provder s ml server  progrm send ml through provder ml server wthout uthorzton  consder theft servce   problem  prevous generton stelth type progrm uplod messge fster ml server process  mny cuse provder s ml server bog down crsh  obvously  provder furous  furthermore  send hundred thousnd messge  unfortuntely  most smply flter delete ml server  lucky 10   20  ml delver  ems softwre computer emulte ml server ctully control wtch ml delver pece pece  100  delvery rte progrm nywhere nternet  100  delvery rte nternet eml ddress  bold clm true  ltest techncl dvnce bulk eml snce dvent stelth type progrm  progrm verfy domn vldty eml ddress before send ml  drmtclly reduce bounce bck undelverble  bounce bck undelverble sure bog down server  control where wnt bounce bck ml  eml ddress wnt ems  ems work dl nternet ccount   ol consder dl nternet ccount  sdn lne t  1 t  3  run wndow 95 nt  her person lose dl ccount softwre  one reson bulk eml frown upon numerous sp s  nternet servce provder  try send much ml  quck crsh ml server sp  wn hppen ems softwre snce nt snce nt ml server sp send ml  progrm ctully send ml drectly computer   bon fde ml server  recpent ml server vod potentl block prevent rech those ml lst   forge  heder rndomze nythng 100  ml delver  lthough progrm llow rndomzton customze heder  send ml omt      reply  porton heder  wnt send messge color  problem ems  select font color mouse  clck bckground color  wnt font bold put tlc  pont clck  wnt messge center shft leve rght  once gn pont clck  unlke   sme  dfferent nme  softwre strghtforwrd esy  log ol  lredy computer d need ems  provde techncl support phone nswer queston  ems work wndow 95 nt computer  requre ddtonl hrdwre softwre  ems softwre send speed 80  0 messge per hour delvered modest pentum 28  8 modem  rte drmtclly ncrese sdn cble modem course t  1 even fster  wnt dvntge brekthrough bulk eml technology us cll number below  nt pln repet mlng product dvntge opportunty  cost  275  0  money spend consder buy stelth  mny    operte sme   400  hppy stelth nt mnd frequent loss dlup ccount  lot complnt  lot ml delver due block crsh ml server delete ml  long result low response rte mlng  defet purpose eml frst plce  few wre technology  lredy lep bound hed competton  usng  sell nythng wsh  over over   consder decde offer ml servce   ve probbly eml clm send dvertsement eml cost  200 per 100  0  most nt relze 20 30 ml py send ctully delver  ml servce proftble  softwre  dvertse servce mllons free  cd roms 60 mllon ddress help strt  purchse  vst our web ste  http    138  27  44  5  certh   c  user  mc  cnt log ste cll us  sometme ste overlod ht  cll  m  c  phone   808  8761550 fx   808  8786869 plce order tody whle supples  ll hppy send demo copy nswer queston  cll us our full servce web ste ddress remove our ml lst dd our  globl remove lst  smply  http    www  ctct  com remove request respectfully mmedtely
salk insitute job,emmorey@salk,
amlap  97 call abstract,amlap@cogscus,
bulk email profit,N/A,20 ml thousnds eml messges per hour  kddng   send eml messges  1  0 s messges  hour  28  8k modem  yes  1  0 s messge hour                                                       mllons eml ddresses          100  0                                                               ll receve 2 hghspeed eml softwre progrms ntroduce      floodgte bulk eml loder   20      goldrush stelth mss mler  sme softwre bulk eml servce                                                         vlble     resell rghts                       20 resell unque emlng softwre ern  100  0 per sle never tech support  ll customers                                                                                          floodgte bulk eml loder verson 6  0 goldrush stelth mss mler verson 3  215 wndow 95 wndow 3  1 support 17  20  relly free form flter  fle formt                                                                                            send 20  0  mrketng letters every sngle dy     every few dy  fct  send few thousnd  mrket letter ech dy  nt long before  m completely  swmp eml nqury phone cll  esy   ech one bulk mlng cost nothng  tech  provde tool  ll need   ve mrket letter   ll show open  floodgte   ll deluge nqury  led  rel sle   nothng eml lone  wrte mrket letter esy  often rewrte  mrket letter hlf dozen before result  m   once letter  probbly   sme letter over over gn  predctbly  consstently  close sle  week fter week  month fter month  one hour send mrket letter thousnds  fresh eml ddress   thnks wndow progrm   s cll floodgte goldrush stelth mss mler  s bulk  eml loder eml softwre progrm   re nterest  electronc mrket  progrm  progrm  1  floodgte wndows floodgte bulk eml loder mport smple text fle nyone  downlod compuserve  prodgy  delphus gene  nternet   text fle contn clssfy d  forum messge  dtum  member drectory  ech fle fll eml  ddress  floodgte desgn red fle strp eml  ddress  sort ddress  remove duplcte   formt output fle  10  20 30 ddress per lne   one smple step  pont clck   ll need ether wndow bse nternet ccount merc   lne ccount send mrket letter  nether ol nor  nternet chrge send eml  send letter 1  0  10  0   cost lwy sme  nothng   prepre mlng 50  0   20 less 1  2 hour open nternet ccount  send ech letter 20  0    floodgte drectly wrte dstrbuton lst   lwy collect ddress  publsh  newsletter dsheet   ll sme ddress over over  gn  s rel power  ddress  ve prevously  collect  press few button prepre ml 50  0   less hlf hour   lst nternet ccess provder locl  cll re goto  http    thelst  com clck re code   floodgte user gude tech  step step  downlod  rght fle  strp ddress  fnlly  cut  pste formt ddress mrket letter    nternet ccount  crete dstrbuton lst  one  ve  few wn even  s smple  brve  drng  pushng technology lmts  prctce send unsolct eml usully  frown upon  most servce provder rule gnst    jywlk  lttle enforcement  s llegl   someone tell  sk provde ctton   nt let nonsense fx  s eml    cnt s  sometme  lot  compln  wrn letter  s  1 200 wrte bck tell   off lst     thnks floodgte remove lst feture  mny  reply bck thnk send nformtve letter  s  lwy nce  most though  reply   send  nfo    usully two three letter close  sle  floodgte user gude provde prove formt  wrte successful mrket letter   ll test rewrte  test  rewrte   once  ve  push few button  open  floodgte    floodgte bulk eml loder currently supports 17  fle formts 1  compuserve clssfed  send mrket letter everyone  run clssfy d   ll tech downlod  clssfed sngle d ctegory  one most  responsve lst buyer  check eml every dy  re  lredy busness  2  merc  lne clssfed  downlod 1  0 ddress 15 mnute   excellent lst busness busness sle  3  compuserve forum  jon forum downlod hundred  forum messge mtter mnute  4  merc  lne forum  choose dozen forum   trget lst  5  prodgy forum  prodgy llow esly export group  forum messge  trget lst  6  nternet newsgroup  trget lst   ll ble  send mrket letter everyone post messge  newsgroup  esly collect 1  0 s ddress per hour  7  merc  lne member drectory  most member drectory llow  serch cty stte  ol  serch busness  type  hobby  computer type  etc  gem member drectory  buld huge trget lst  8  compuserve member drectory  mjor resource   re  trget ml sngle cty  collect  1  0 eml ddress hour  9  delphus member drectory  delphus member drectory llow  serch bse key word  trget ml  lst  sngle serch esly generte 5  0 ddress  10  gene member drectory  smlr compuserve member drectory   downlod nme much qucker  esly pull hundred  thousnd ddress ech member drectory  11  compuserve fle cbnet  run clssfy d  sve  response cm fle cbnet   ll ble esly reuse  ddress  send mrket letter everyone sngle  folder  buld mster lst clen hrd drve  12  free form  text fle eml ddress  floodgte support  chnce free form flter  need  enter key word serch  13  compuserve form profle  forum membershp drectory   esy  buld trget lst here  ech serch esly brng 500  ddress  14  gene profle   re buld trget lst   ll lot  ddress quckly gene  15  ple ddress  red floodgte mster fle bck floodgte  merge fle selectve mlng  useful mngement  eml ddress lst purchse  floodgte flter llow nclude exclude group  ddress fnl dstrbuton lst  exmple   nclude eml ddress end  com exclude   gov  exclude noc  root  ddress lmost  gurntee negtve response  flter fully confgurble  together  buld reusble mster fles floodgte mntn mster fle ech mrket letter   downlod sme plce regulr bss  wnt  send letter  floodgte compre  ddress those mster fle  prepre ml lst   ddress  course  dd  mster fle  ech ml mster fle grow grow  crete mny mster lst need  strt  mrket cmpgn   ll wnt send letter everyone  mster lst  wrte newsletter  ech send  newsletter   ll send everyone mster lst  remove lst often  reply tell off ml  lst  plce ddress remove  mst fle never  receve nother letter gn    operte busness most professonlsm possble  don  t fooled compettor try copy floodgte   follow lst descrbe why floodgte better          floodgte mture  bug free product  ntl relese    floodgte over 100 pge step step  documentton    floodgte one offer money bck gurntee    floodgte testmonl   20   flter flter  floodgte offer cpblty    20   floodgte everythng  combne  clm   20   floodgte fr esest     cut pst  floodgte   20   fr  best techncl support  quck mth floodgte py tself few dy  cut  dvertse cost down lmost nothng  competton  floodgte progrm  nt leve dust   75 mllon  few keystroke wy   let s mth   eml 50  0 sle letter  1  2 hour   let s product brng  5 proft per sle   let s 1  response  occsonlly hgher    s 500 order x  5  3d  2  500 proft   mgne 500  0  letter busness   mrket onlne  mrket nythng onlne drect eml  mrket  conventonl postl drect ml mrket  possblty  prctclly endless  sell offlne  sell onlne  esy nstll esy lern floodgte eml loder requre wndow  suppled mnul tell  where    need bsc  computer skll lern lttle prctce help  our computer svvy techncn  progrm  2  goldrush stelth mss mler progrm confuse slow speed progrm  cll themselve  stelth   progrm one world  send eml hgh speeds one sngle connecton  nternet   20  cutt edge eml technology  frst s knd    most powerful bulk eml sender world   nothng even  close   20 thnk our top progrmmer s  technology vlble  plce   20   one  dlup sdn connecton needed   20  termnted connectons   20  wtng send lrge mounts eml   20  mmedte response mss mlngs   20  control confdence  20 sendng eml sent    huge mounts   20  send whole lst one dy  whether 500  0  20 5 mllon  st bck wt  20 orders pour   20  downlodng undelverble nmes  bulk emler s drem true        goldrush stelth mss mler connect multple ml server  20   multple connecton  sngle server combnton two  smultneously   one sngle dlup connecton   20 send multple smultneous mlngs     20 vew complete detl mlng  show ech server  connect  sttus connecton  mny messge  through connecton  etc    show trck mss emler nt wnt      20 here few feture goldrush stelth mss mler offer      20  forge heder  messge d  sp s spn wheel   20  dd s bogus uthentcte sender heder   20  dd s complete bogus receve  receve lne  20 rel  dte stmp recpent heder   20  doe requre vld pop ccount enter order  20 send mlng   20  esy operte  20  plus much   20  speed 1  0 s messge  hour  28  8k modem    20 specl ntroductory prce     20 both floodgte  20 goldrush stelth mss mler  499  0   20 updte    sve  149  5 order  one frst 100 orders   20 step plte ply bg boy tody receve  complete 2 softwre pckge unbelevbly low prce   349  95   20  bulk eml softwre sell much  2  500 cnt even  close cut edge technology ese  ccurcy speed     speed    speed    20 try goldrush stelth mss mler  floodgte bulk eml loder  10 dy free   20 receve unlmted techncl support 30 dy                                                                mllons eml ddresses mllons mllons eml ddresses cd mllons eml ddress seprte domn nme  ddress smple text formt one per lne  ddress follow domn  pplelne  msn  mc  juno  delphus  gene  ol  compuserve  nternet   com   net  mllons  vlble dskette downlod  wnt mllons ddresses  100  0  buy our floodgte  goldrush softwre pckge  bonus ncluded   mllons ddress yours  100  0 ddtonl  ddress delver smple text fle bulk eml progrm  cd rom  cd  begn mkng money mmedtely                                                                      specl bonus  1     stop lose sp dl ccount   20 order floodgte  goldrush softwre wthn next 5 dy   receve progrm  receve   20  complete nstructon  keep dl ccount  show heder   plus everythng need strt    20 mportnt notce  ntlly offer 100 copy  progrm sle  frst  frst serve bss   extreme power progrm offer     specl bonus  2     20 receve two progrm  receve  over 250 reprnt resell rghts reports strt mrket money mmedtely     20 hot seller nclude   20 1  top rte serch engne  20 2  70 money report  20 3  75 money mkng plns  trde secrets much much     20   200 retl vlue  free      20    specl bonus  3    two softwre progrm  receve our  ddress  grbber  utlty progrm enble grb 100 s thousnds  eml ddress newsgroup mnute   100 retl vlue  free      specl bonus  4    receve checks eml  phone fx mchne  softwre progrm  receve pyment product servce nstntly   wt customer chec rrve  softwre doubt  dd sle  customer nt credt crd  mpulse buyer  softwre  prnt pyment soon customer  check nformton  dd nformton  proper blnk check spce  prnt bnk                                                      free demo  test drve  our stteof  thert softwre   20 fx us eml ddress  legbly plese   954572  5837  09                                                     hurry    reserve yours tody   20  nterest dvntge most powerful bulk  20 eml softwre world strt money hnd over fst      prnt ez order form below fx ml our offce  queston nt hestte cll us  1954  7840312 system requrements 386 lrger wndow 95 wndow 3  1 8 meg rm extr 5 mb hrd drve spce floodgte  goldrush run fst mc 24 mb rm  softwndow  notes stsfed users  everythng  wthn one week frst ml   receve record number order  need prnt money  decent sle letter  thnk   rndy lbertson  wolverne cptl   fter floodgte utlty progrm dy tody  let  two fnest progrm ever buy 52   support superb  thnk   vernon hle  prme dt  system  frst dy floodgte pegsus send 1  469 sle  letter  fr  ve 25 postve response  work gret     thnk   donld pror  floodgte wesome   recently strt busness onlne   strp ddress ol  cs clssfed  send 3  497  eml letter over 400 jon compny 5 dy   needless  py tself   dvd sheehm  ompd  ble floodgte extrct nme nternet news  group  work perfectly  needless  excte  technology   mrk eberr  nsde connecton  gret pece softwre nvluble mrket tool    joe kuhn  mllennum group  d progrm fntstc  fter  lod system  wnt test  frst hour   collect 6  092 eml ddress   rchrd khn  ld  communcton  love floodgte progrm  sve hour hour   begn wonderful fun mrket onlne  thnk  much wrte progrm   beth onell  eudor  ks  softwre brllnt  techncl support  ve  receve  genune love respect     floodgte dvne pckge  wsh sooner   tom  snder  peorum  l  relly floodgte softwre pckge work   esy  relly trck  lredy sve  ncredble mount energy   john bern  jr   frfeld  nj  s gret floodgte  delphus  collect  50  0  ddress wthn 20 mnute onlne   rchrd khn  rb  ssocte                                                  e  z order form  plese prnt order form fll blnk       plese send order form check money order  pyble  dve mustchus p  o  box 772261 corl sprng  fl 330772261  954  7840312       ye  try cuttngedge softwre  dvertse busness thousnd onlne whenever   understnd 10 dy trl softwre  fully  delght  cheerfully refund purchse prce   queston sk  plese rush floodgte goldrush pckge        order wthn 72 hour  qulfy receve  floodgte goldrush pckge substntl dscount  order  both softwre pckge  349  95   sve  150 off retl  prce     softwre sell much  2  499  95        order wthn 72 hour  qulfy receve  unlmted techncl support 30 dy        wnt receve pckge overnght   m nclude  18  0  shp chrge        wnt receve pckge 2nd dy   m nclude  10  0   nclude nsurnce  return recept  shp chrge         m order floodgte  goldrush softwre wnt order  mllons eml ddress  ddtonl cost  100  0  enclose         m order floodgte  goldrush softwre  wnt order mllons eml ddress cd  enclose   249  0         m nterest resell unque softwre pckge   ern  100  0 per sle  understnd techncn customer  send  further nformton   must purchse progrm order reseller  floodgte  goldrush softwre pckge    checks  llow 1 week bnk clernce  nme                                                  compny nme                                                  poston                                              street ddress                                               cty  stte  zp                                             phone numbers                                                fx numbers                                                  eml ddresses                                                                                                          ccept check  money order  mstercrd  vs  mercn express  ether ml order  20 us fx order  954572  5837                                                             tody s dte                20 vs     mstercrd     mercn express     dscover         20 crd                                                        20 exprton dte                                              20 nme crd                                                 20 blle ddress                                              20 mount chrge                   sgnture                                             gree py dve mustchus ddtonl  29 fee check  return nsuffcent uncollectble fund  sgnture  x                                 dte                 plese send order form check money order pyble  dve mustchus p  o  box 772261 corl sprng  fl 33077  954  7840312                                                     plese pste check here  fx check  need send orgnl check  ml  drft check  exct nformton  orgnl check fx us  plese fx bove order form check  1954  572
visit us tropic,N/A,0  0   x  88  x   0  0   x  88  x   0  0   x  88  x   0  0   x flord  bhms  cncun fmly holdy       0  0   x  88  x   0  0   x  88  x   0  0   x  88  x   0  0   x select enter lmted  fmly getwy 2 dults 3 chldren 4 dults  offer vlble world wde lmt  selected enjoy  1  4 dy 3 nght mgcl orlndo flord  home dsney world where enjoy hosptlty ether comfort sute holdy nn  blst free fmly pss wtermn wter prk orlndo  receve orlndo  mgc crd  enttle hundreds dollrs worth dscounts orlndo re       2  enjoy 3 dy 3 nght sunny coco bech flord  lve hlton overlook tlntc ocen    put kd bed erly       enjoy 2 complmentry dult csno cruse tckets      3  complmentry lmo rentl cr unlmt mlege sty flord  must crry mjor credt crd cr rentl depost  regster dvntge once lfetme holdy qulfy enjoy         specl onlne offer    reply wthn 48 hour recept receve  2 bonus mnus vcton  4 dys  3 nghts beutful cncun  mexco prmde cncun bech resort    4 dys  3 nghts nssu  grnd bhm mrrott crystl plce resort  csno  678 2 dult 3 chld  4 dult        qulfy need secure promotonl fee mjor credt crd gurntee trvel dte  regster  http    nocutoff  dynp  com contest  lottery sweepstkes  qulfy bse demogrphc ge  re lve  etc  qulfy entrnt contct one our experence trvel representtve full detl  one phone cll per household   feld must fll completely order vld entry  nfo remn completely confdentl   cover fee except ncdentls phone  food  grtuty  hotel tx py drectly hotel
psoriasis  clear  ,N/A,frend  reltve suffer embrrssment psorss  ste nterest  http    209  117  58  11  psorss  pologze ntruson
hpsg97 program,jpkoenig@acsu,
ie conference,iep0rmr@mv,
book  japanese linguistic,pub@roslin,
noun s restriction clausal modifier english,kuchida@nova,
toc  linguistic 36  2  1998   36  3  1998 ,mouton@degruyter,
capitalfm  com,website@http,
financial freedom is  ,N/A,bc super requlfer ssocte beneft consultnt der fellow entrepreneur  letter urgent ttempt rech  her wthn next 24 48 hr  hopefully  rech opportune mmedte reply  ttenton need tody ncome strt lttle 4 7 dy  wnt her frsthnd excte brekthrough moneymke opportunty  bc super re  qulfer  fst  smple most powerful moneymker hop dscover  reserch show person s potentl success ncrese 80  receve personlze nstructon  nvte become nvolve esy  ngenous progrm nvolve personl nstructon our hndpck orgnzton member  ech professonl skll expertse personlly gude fnncl freedom  mmedtely utlze exst progrm ccomplsh follow  1  generte prequlfy prospects send  2  tem support  lve nterctve conference cll 3  7  9 cpm long dstnce vrtul offce  4  stock shp product drectly customer door  5  py dly overnght rborne express front door  6  permt relstc opportunty ern  24  0  per month  7  produce ncome spre  prt full bss  welth lwy ttn select few frst dvntge powerful opportunty  opportunty here      bc super re  qulfer  fnncl freedom s   must  however  serous sncere ern ncome progrm offer  reson  nstruct our orgnzton devote those genune mprove fnncl stuton  re serously rel progrm produce lrge revenue   urge cll our offce 24 hr  toll free number  1800  5395648 leve us messge notfy response  promptly return cll nformton need ddtonl ncome yet week  remember      everythe   success  john  cheryl  stephne  bll  rchrd  judy  debr bc mrket tem98 1800  5395648  progrm try copy  hghly recommend bc   pul brron  c   ve never fst smple lrge ncome   ln lou  tx  bc perfect homebse busness  money gret   ndrew kerr  c  rel progrm  fst money    thnk bc  s  hermn  tx  mlm  bc belever gn  wthn 2 week  1  600   c  s
want best economical hunt vacation life ,2622@compuserve,
re  6  39 ,N/A,seem  smple pst rpdly ncrese u  s  s show newspper televson   perhp most tellngly  speech cquntnce sure few go  frst somethng  renlyss  her too mny nstnce emphtc   beleve  exmple  even hd erler      bound  exmple esy spot stll wnce whenever her one
200,N/A,summry reduplcton month before chrstms  lngust vol5  1354  send query  reduplcton  strtegy grmmtclze lnguge convey fcet  ntensfcton   summry bse 45 reply receve lngust netter  llow thnk collectvely  snce refer sngle respondent follow dscusson  topc reduplcton nterest wrte phd repetton respect ntensfcton concty swedsh  pont deprture orgnl query clm lkoff  johnson  metphor lve  1980  ccord reduplcton ndcte   plurl collectve  ntensfcton ncrese  contnuton completon  dmnuton thus    physcl lngustc  form  correspond    content  reduplcte expresson oppose nonreduplcte form   nstnce dgrmmtc concty  relzton  condut  metphor term lkoff  johnson   reflecton outlne prncple colloqul englsh expresson  old old mn    musc louder louder   s tlk tlk tlk    bll bounce bounce    s form form form form    snk down down   etc  orgnlly menton  however  structure  mrk  lnguge englsh  choce word perhp lucky  men  mrk  even expresson frequent csul speech  rre constrn context  less mrk ntensfy probbly specfc ntensfer quntfer  e  g   old mn    tlk lot   hope one offend smplstc nlyss  led us bte besde pont   comprehensve ccount  repetton englsh   persson 1974  unv  uppslum  sw   query fter ponter exmple lnguge where reduplcton mens  ntensfcton  ntegrte  spek  stndrd chrcterstc grmmr   less   summrze outcome follow  wre most nstnce  fct  probbly subject qulfcton  ske clrty  brevty ly exmple hed rther lstlke mnner  furthermore  exmple certnly represent smple lnguge world ncorporte reduplcton system  note leve   order llustrtve   possble tone mrk dcrtc trnslterton  1  plurl collectve  mly  bhs  ndonesum   full word reduplcton turn sngulr plurl  nk  chld  nknk  chld   nhutl   ztec    prefx reduplcton noun convey plurl men  chtlus  hre   where  ch   stem  cus  chtlus pl    moreover  structurlly dstnct djectve nhutl certn  djectvl  suffx plurl noton vum reduplcton   p  l dmnutve suffx  ppus  l plurl  hus cte reduplcton formton plurl lmt set noun   jpnese  reduplcton turn noun collectve  scope strtegy mrgnl  hto  person  htobto   kmus  god  kmgmus  god   mndrn  chnese   reduplcton turn sngulr collectve  rre   ren  person  renren     moreover  both mndrn cntonese  clssfer  tem reduplcte convey  unversl quntfcton  contrst unque reference  ft redly noton ntensfcton  ugmentton   ge ren  person   mndrn  ge ge ren  every person  douh  plce    cntonese  douhdouh  everywhere   dkotn pttern plurl sttve ntrnstve verb reduplcton  pply nstnce nnmte subject though  north mercn lnguge generl nterest consder reduplcton short exmple present  follow lnguge menton reply  though  klmth  nez perce  shptn  2  ntensfcton ncrese  mndrn chnese ntensfy djectve reduplcton  xo s mll  xoxo  smll  gox  hppy  gogoxngx  hppy  notce  dsyllbc djectve reduplcton pttern bb    cntonese reduplcton ugmentton emphss   turksh  pprently  pont cse  reduplcton djectve ndcte ntensfcton ncrese follow  temz  clen  tertemz  clen  dolu  full  dopdolu  full  bo  empty  bosbo  completely empty  here prefx reduplcton ccompny bnd consonnt  nterestngly  seem  rule  bnd consonnt nsert cse   hus cte reduplcton ntensfcton djectve   celtc lnguge full word reduplcton ndcte ntensfcton  method remnscent cse englsh   ntegrte  grmmr celtc  opnon    celtc model nfluence germnc lnguge stll tody rther smlr reduplcton colloqul regster  own modest de      here exmple provde netter    welsh  ty bch bch  smll house  oglu cryf cryf  strong smell    gelc  fd fd  long  tru tru  pty    breton  brzbrz  tll  common especlly negtve sentence   colloqul russn reduplcton  repetton dj s  dv s lkewse ntensfy functon  probbly stylstclly smlr repetton colloqul englsh  lmt  predcte  djectve  belyjbelyj  whte  txotxo  quetly   pont fnnsh prefx reduplcton ntensfy djectvl form  true  ndeed    seem   wholly lexclze nonproductve  cse  here exmple collegue enjoy  tysus  full   umlut  tpotysus  completely full   uml  s  o  tyhj  empty   uml   typotyhj  compl  empty   uml  s  o  puhd  clen  putpuhd  compl  clen  uusus   upouusus  brnd  pnt s urfce  prpnt  rght surfce  suomlnen  fnnsh  supsuomlnen  purely fnnsh  yksn  lone  ypoyksn  compl  lone   uml  o  tessn  lose   uml  s  tpotessn  compl  lose   uml  s  o  prefx tem  tpo    typo    tpo   s upus    putus    prus    upo    ypo  seem men nythng  lest speker tody  seem frst vowel pr frst consonnt  vowel stem reduplcte bnd syllble most often  p  vowel  e  g   tpo  tysus  typo  tyhj  upo  uusus  ypo  yksn productve erler stge lnguge   fnlly  clsscl    greek smll number  verb  reduplcton communcte sort ntensfy  expressve ffectve noton  pmphn  eus  shne brghtly     phnphn  jeus  3  contnuton completon reduplcton  evdently  often formton present  progressve perfectve  here vew present progressve form combne  contnuton   where perfectve form communcte  completon   nce dscover  clsscl  lngustc trdton offer ft dtum here  feel pproprte begn exmple      snskrt  perfect stem form reduplcton  budh    bubodh  perf  jn   ber  jjn  perf  orst   true perfect   root form knd reduplcton  jn  jjn   or   ddton  present stem form reduplcton  bhus  d rnk  bbhus  pre   clsscl greek prtl reduplcton   e  prefxton ntl consonnt verb plus vowel  e   stem perfect tense  lelu  k  free  pepoe   k   gegrp  tus  wrte  root begn vowel  vowel ugment  furthermore  common verb reduplcton  present  tense  ntl consonnt reduplcte vowel    ddo   m    ggno  mus  become  tthe   m  plce     ththe   m   ltn  perfect form nvolve reduplcton  curro  run  cucurrus perf     let us over lve lnguge   hus  reduplcton pply verb two dfferent express completon contnuty respectvely  modfy suffx reduplcton de  complete  cton  ck  fll  ckkke compl  jef  throw  jefffe compl  prefx reduplcton communcte  somethng contnuty   express respondent  bug  bet  bubbug  keep bet  kr  cll  kkkr  cll vrous   tglog  phlppne   reduplcton dstngush  mperfectve  cton perfectve  blus root  buy  bblus rrel mperfectve upo root s  uupo rr  mp  kuh root   kukuh rr  mp  scholr cll rrel perfectve  complete  spect rrel mperfectve  contemplte  spect  sense  snce rrel mperfectve  bblus  seem trnslte  buy    wlevu  fjn  ustronesum   reduplcton cll  object defocus  nvolve repetton cton progressve mrker  u xut n gone  crry chld  u xuxu jxo   m crry  u dolv n xtub  open wndow  u doldolum jxo   m open  moreover  lnguge djectve derve verb through reduplcton  even note  productve   process fscnte  svt  wsh  tr  svsv   clen  djectve understnd represent  complete  cton  result  smlr perfect prtcple work   germnc  wsh cloth     wsh cloth  nhutl   ztec    reduplcton ffect men verb severl    cton crry  systemtc   progressve    tequus bse  slce   hck  te  tequus s louse  crve somethng  cho  c  weep  cho  cho  c  weep contnuously    sme bse verb  cton crry  rndom   nvolve repetton    tehtequus  hck somethng  chohcho  c  sob    furthermore  reduplcton recursve  e  g   weep contnuously   s ob  respectvely   cho  cho  cho  c chohchohcho  c   verb certn morphologc chrcterstc reduplcton ndcte  repet cton   tzlus  nus  metllc sound  tzttzlc  jngle  tztzltz  somethng jngle   frkns  reduplcton pply verb seem progressve de  hy loop eeteet  et contnuously whle wlk  4  dmnuton mny exmple  dmnuton  totl reply  sense  process  somethng smller  possbly under generl strtegy  ntensfcton ncrese   lthough lterlly  decrese    nevertheless  couple possbly ft cse   cntonese reduplcton convey  dmnuton   moderton    pont englsh     dmnutve  reduplcton formton  tsybtsy    eense  weense    teenytny   crry content  smll   belong merely chldspek regster  cse  exmple dgnostc dmnutve cse  5  reduplcton beyond suggest four ctegory bove  restrnt  perhp slght offsprng generl prncple mrk  plurlty   detl exmple menton most common semntc ctegory    dstrbutve reduplcton  presuppose two referent seprtely  type   one one     reflexve noton nturlly hnd hnd dstrbutve  type   one nother     cll  delmttve spect    e  d oe somethng whle   mndrn cntonese frst seem ft  contnuty   completon   however  semntcs delmttve spect encompss  mply repetton   ttus    cnt   chngchng  tste   mn   shshus    mn   seem logcl csul  temporlly short cton   rech termnton qucker stndrd    nt knd mplct sense  rpd completon  motvton reduplcton     numerous nstnce reduplcton communcte  contrstve emphss   necessrly combne bove functonl ctegory  motvton reduplcton merely  pont  clerer   mercn  englsh  double  seemngly nce exmple  shll rend cr cr  rther jeep  course  emphss sort  ntensfcton   thus  touch theme our dscusson      s close rther lengthy summry  thnk red  dd somethng dscusson   comment suggeston    feel free eml  snlml   stuff  drectly   lterture  below  best 1995   jn  jn lndstrom dept  scndnvn lnguge pb 4 12 helsnkus unversty fnlnd    lterture end  bblogrphc hnt pont  sorry  order rndom   mrtn  smuel e  1988  reference grmmr jpnese  tuttle  tus  jme  1993  concty  motvton chnese grmmr  prncple predcton  nlyss nturl lnguge  ed  mushr ed  gregory verson  benjmn  153174  whtney  wllm dwght  1896  snskrt grmmr   e  g   hrvrd unversty press  crnochn  j  c  1957  gemnton hus  study lngustc nlyss  specl vol  phlologcl socety  blckwell  schchter  otne  1972  grmmr tglog  unversty clfornum  morvcsk  edth  1978  reduplctve constructon  unversl humn lnguge  vol  3  word structure  ed  j  h  greenberg et l  stnford unversty press  297334  dv  sturt  1988  nture nternl reduplcton  hmmond  noonn  ed    theoretcl morphology  pproch modern lngustcs  cdemc press  305323  l  thompson  mndrn chnese  functonl reference grmmr   eg  pp  2836  newmn  pul  1989  reduplcte noun hus  journl frcn lnguge lngustcs vol 8 nr 2  oct    115132  mtthew  yp  1994  cntonese  comprehensve grmmr  routledge
need background  want background         need background ,N/A,locte nyone nywhere us        old frends lost loved ones dedbet dds moms our fee s  50  0  locte  serch perform  sset crmnl bckground mrrge  dvorce workmn compenston busness credt report drver lcense record non  publsh phone number ntonl rel estte socl securty deth fle bnkruptcy len judgment corporton profle ntonl credt report personl corporte pre  employment bckground pre  trl comprehensve report non  publsh phone  s bnk sset nformton sfe depost serch stock  bond  etc  serch us nformton cll 1888  4645458  sk mr  jenkns  vs  mster  dscovery crds ccepted 24 hour servce
t,hay@vuw,
university degree programs,N/A,unversty degree progrms ncrese personl prestge money ern power through dvnce unversty degree  emnent  nonccredt unversty wrd degree  200  degree grnt bse present knowledge experence  further effort necessry prt  short phone cll requre b  m  mb  phd dplom feld choce  detl  cll 770492  2925
financial freedom  ,nothanku@crosswind,
australian linguistic society,als98@cltr,
scus  fi convention,N/A,h  sk pss nterest  lrge nfnty conventon crdff july confrm str wr  dr  str trek guest  one lrgest event prt uk  gret fun  ste http    www  cf  c  uk  ccn  mn  ent  sffc  nfnty  html d chld s cncer  guest nclude dve prowse  drth vder   coln bker  6th dr    ed bshop  cmdr  strker ufo   uthor dne dune peter morewood mny  del fmly frend  regrd  mke
computer assist language learn,mark@jaist,
french grad student conference,cberoud@bosshog,
       one affordable dental offer       ,N/A,clck here nfo ffordble dentl  optcl pln type copy pste follow ddress browser eml html cpble  http    209  84  246  119  opk  dentl1  htm                         messge ntend resdent stte wshngton  screen ddress best our techncl blty  wshngton resdent otherwse wsh remove lst  clck here globl remove ste wnt ddress remove ml
request information soundex   ,charlie@dragonsy,
happy holiday capital fm,N/A,hppy holdy everyone 95  8 cptl fm  http    cptlfm  com over holdy   chrstms      red str spend holdy   end quz  our quz gret end prze   predctons 1999   ll bg end century   holdy moves  festve seson bg boxoffce   chrstms specls  our specl show untl   gret 98  vote count result ste                                                                      nt wnt receve eml  clck follow lnk remove ddress our ml lst  http    cptlfm  com  unsubscrbe                                                                      chrstms      red str spend holdy  sk str press holdy queston d stockng  shre holdy sprt  http    cptlfm  com  end quz  our quz gret end prze  s nother gret  remember crown moment  one our quz chnce wn gret prze 1998  http    cptlfm  com  predctons 1999   ll bg end century  s bg next  gree  meet str  http    cptlfm  com  holdy moves  festve seson bg boxoffce  red move slot top chrt most ntcpte relese next  nclude long wt str wr trlogy  move mdness  http    cptlfm  com  chrstms specls  our specl show untl  our djs mze show over next few week  dvnce guest tlk us specl event hppen  http    cptlfm  com  gret  98  vote count result ste  top 20 sngles 10 lbum ste  s top slot    http    cptlfm  com                                                     dvertsement modem dy let clck  surf ply  s true  3com us robotc wy v  90 56k modem every dy  powerful enough ccess fvourte ste fster relbly  wnt one  clck lnk below chnce wn tody  hurry  stock fst  http    cptlfm  com  3comusrob                                                     dvertsement frst thrst  bb sod  fct chnce try before rest world hnd  exclusve offer vlble nywhere else country clck lnk below chnce wn free crte bb sod  http    cptlfm  com  bbsod                                                     dvertsement trust von delver best  von specl tret store occson  browse lesure choose del gft  even purchse onlne our secure onlne shop fclty  eser  http    www  uk  von  com                                                     dvertsement wn free cnem tcket month free cnem pss  wrner vllge   1 multplex opertor london wy 4 free cnem tcket every week  ctch blockbuster move ht bg screen  free  dscover ultmte experence vst one our luxurous stteof  thert wrner vllge cnem  vld wrner vllge cnem  decde where enjoy fvourte flm  http    cptlfm  com  wrnervllge2                                                    dvertsement our gft  free shppng purchse qxl  pcs  tvs  vcrs  wtch  jewellery  bd strt one pound http    www  qxl  com  newndex  shtml  cfme1  turn unwnt chrstms gft csh  ucton off http    exchnge  qxl  com  osucton  shtml  cfmx1
job   c  lisp  kr  nl  austin  tx,doug@cyc,
,N/A,never thought d one telle  ctully red pece e  ml   m goe europe proceed  hello  nme kren lddell   m 35  yerold mom  wfe  prttme  ccountnt  rule  delete unsolct  junk  eml  ccount prmrly busness  receve ssume  sme eml countless delete ech  two month go receve gn  ctchy  subject lne  fnlly red  fterwrd    ok     m try  certnly fford nvest  20   hnd  s nothng wrong crete lttle excess  csh   promptly ml four  5 bll  fter receve  report  py frend mne smll fee send eml  dvertsement  fter red report  lern  esy bulk eml free   20 prepre result  everydy sx week   p  o  box overflow  5 bll  mny dy excess fll  extr ml bn  ve upgrde corportesze box   stun money keep roll  s hrd beleve  those nt  work   husbnd sve severl  substntl downpyment house   purchse  house 40  down   re vence  tly celebrte  promse  follow drecton eml  prepre eventully set sde hour ech dy follow   count money    lest much money   nt need wz computer   ll bet lredy   open envelope  remove money  send eml  messge   re bnk  red   ll understnd esy  once skeptc    follow copy eml red                                                                    legl  moneymkng phenomenon  prnt letter  red drecton  red gn    embrk most proftble unque progrm  ever  mny over  demonstrte prove  blty generte lrge mount csh  progrm show  fntstc ppel huge evergrow onlne populton  desrous ddtonl ncome  legtmte  legl  moneymke opportunty   requre contct  hrd work  best   never leve house  except ml  bnk   20 truly lucky brek  ve wt  smply follow  esy nstructon letter  fnncl drem  true  follow correctly  multlevel mrket progrm  work perfectly   100  every  thousnd progrm   rse cptl strt own busness  py off debt  buy home  cr  etc  chnce  nt pss                                                                                      overvew extrordnry  20 electronc multlevel mrketng progrm                                                                                     rech fnncl freedom  send thousnd product  5  0 cost next  nothng produce eml  multlevel busness   ncrese busness bulde downlne sell  product  report   every stte u  s  llow recrut  multus  level busness onlne  vum computer   product progrm seres four busness fnncl  report cost  5  0 ech  ech order receve vum  snl ml   nclude    5  0 csh  nme number report order  eml ddress where eml report  order  fll ech order  smply eml product buyer   s    5  0 yours  esest multlevel mrket  busness nywhere   20 follow nstructons letter prepred rep stggerng benefts         n s t r u c t o  n s        must  1  order 4 report show lst below   ech report  send  5  0 csh  nme  number  20 report  re orderng  eml ddress  mportnt   return postl ddress  cse problem   20 person whose nme correspond prtculr report   20  plce order  sure order ech four report  need four report sve  computer resell  sve dvertsement   usully wthn 10 dy receve  vum eml  four  report   20 sve computer ccessble  send  20 1  0 s order  2  mportnt   lter nme lst next  ech report  sequence lst   nstruct below step   through  f  lose  mjorty proft  once understnd work    ll  20 nt work chnge  remember   method  20 test  lter  work   below lst vlble report  b  fter  ve order four report  dvertsement   20 remove nme ddress under report  4  person  20 through cycle doubt count 50  grnd  c  move nme ddress under report  3 down report  4   20 d  move nme ddress under report  2 down report  3  e  move nme ddress under report  1 down report  2  f  nsert nme  ddress report  1 poston  plese sure copy everyone s nme ddress ccurtely  3  entre letter  nclude modfy lst nme   sve  20 computer  chnge nstructon porton   20 letter  open testmonl wrte one own   nt sve d  soon delete mlbox   20 4   re redy strt dvertse cmpgn worldwde web  dvertse web  nexpensve  hundreds free plce dvertse  nother venue dvertse eml lst  try  serch serch engne  bulk eml   eml servce    20  eml lst    20  20 5  every  5  0 receve  must eml  report order   s  lwys provde smedy servce  20 orders  gurntee eml send  nme ddress  prompt cnt dvertse untl receve report                                            vlble reports                                              order ech report number nme    note   lwys send  5 csh ech report  check ccept   sure csh concel wrp lest two sheet  pper   one those sheet pper  nclude    number  nme  report order   b  eml ddress   nt forget     c  postl ddress  suggest rend  mlbox ddress ssume nme vod nme home ddress  send mllon  exmple   compny   nme lst below   wrte nythng envelope except return ddress  recpent nformton                                                                    report  1   250  0 through multlevel sles   20 order report  1   20 ne p  o  box 673355 mrett  g 30067                                                                   report  2  mjor corportons multlevel sles  order report  2  mrco 2350 srng rd   30  194 smyrn  g  30080  20                                                                   report  3  sources best mlng lsts  order report  3  smy p  o  box 673366 mrett  g 30067                                                             report  4  evlutng multlevel sles plns  order report  4  ndz ssoc  1579f monroe drve   240 tlnt  g 30324  20                                                                                                                                                                       here  s mzng pln  money                                                                                                      let s decde strt smll work   ssume gol 10 prtcpte frst level    plce lot free d nternet esly lrger  response   ssume everyone else orgnzton  10 downlne member  follow exmple cheve stggerng  result below  1st level   10 member   5                                          50 2nd level   10 member those 10   5 x 100                     500 3rd level   10 member those 100   5 x 1  0             5  0 4th level   10 member those 1  0   5 x 10  0      50  0 totls               55  550 remember frend  ssume prtcpte  recrut 10 ech  moment hppen  20 prtcpte  most 100 s prtcpnt    cost prtcpte prctclly nothng  surely  fford  20   obvously lredy nternet connecton  eml free         tps success         tret busness  prompt  professonl  follow  20 drecton ccurtely   send four report mmedtely  20 order strt  receve  5 order  must send request product  report comply u  s  postl  lottery lw  ttle 18  secton 1302 1341 ttle 18  secton 3005 u  s   code  code federl reg  vol  16  secton 255 436   stte  20  product servce must exchnge money receve    lwys provde smedy servce orders receve   ptent persstent progrm  follow  20 nstructon exctly  result undoubtedly successful   bove  fth yourself succeed         success gudelne        follow gudelne gurntee success  nt receve 10 20 order report  1 wthn two week   contnue dvertse untl   couple week lter  receve lest 100 order report  2  nt   contnue dvertse untl  once receve 100  order report  2  relx  system lredy  work  csh contnue roll  s mportnt remember  every nme move down lst  plce front  dfferent report  keep trck progress wtch  report order  wnt generte  ncome  send nother btch eml strt whole process gn   lmt ncome generte busness         t e s t m o n l s        progrm work  must follow exctly  especlly  rule try plce nme dfferent poston   wn work  ll lose lot potentl ncome   m lve proof  work  relly gret opportunty reltvely esy  money  lttle cost  choose prtcpte  follow  progrm exctly   ll fnncl securty   20 sen mclughln  jckson  ms nme frnk  wfe  dor  lve bel  r  md   cost ccountnt mjor u  s  corporton pretty  money  receve progrm grumble dor receve   junk ml   fun whole thng  spout knowledge  populton percentge nvolve    nt work  dor  totlly gnore suppose ntellgence jump both foot   mercless fun  redy ly old  tell   thng nt work     lugh  wthn  two week receve over 50 response  wthn 45 dy  receve over  147  200  5 bll  shock  sure  fgure nt work  m belever   jon dor  hobby   seven untl  retrement   rt rce  s  owe  mlm  frnk t   bel  r  md mn reson letter convnce system  honest  lwful  extremely proftble  lrge  mount money short  pproch severl before  check  jon one expect return  mnml effort money requre  stonshment   receve  36  470  0 frst 14 week  money stll  sncerely yours  phllp  brown  esq  gmble type  severl week  mnd prtcpte pln  conservtve  decde  ntl nvestment lttle  nt enough order lest money bck  boy   surprse medumsze post offce box crm  order  whle  overlod strt pck  ml wndow   ll money 10  lfe before  nce thng del nt  mtter where u  s  lve  smply nt better  nvestment fster return  mry rocklnd  lnse  m thrd prtcpte pln  qut our  job  soon buy home bech lve off nterest  our money  erth pln work   ske  fmly s ske nt pss  golden opportunty  luck hppy spend  chrle frchld  spokne  w order reports tody  20 strted rod  20 fnncl freedom
hello,N/A,explode busness    rght  s brek been wt nt wnt trsh one wrnng  s rel   pss lghtly  ll one most grve mstke lfe red twce      plese ccept pology send error  lest  50  0  less 90 dy red enclose progrm    red gn     h  nme jessy lemeux  one send eml   someone send decde leve sttement   frst  let ssure rel  senor hgh school vctorvlle  c  verge person probbly  lredy begn become welthy beyond ever drem  understnd dont beleve rght  urge lttle red mybe few dy  s  receve sme eml two month go  skeptcl  fter consderton decde  decde  20 need strt worth rsk  besde scm polce ddress below guy run bust couldn t rp off nyone else    surprse  receve report  ll those lter  wthn two week vum eml  soon po box lst two mllon eml  esy  strt send eml through bulk eml progrm downlod  everythe esy fter  csh roll  story  reson le  ddress below thng wnt hte ml rest lfe   stll concern  wrte nswer queston  truly opportunty lfetme  don t let pss  sncerely  jessy lemeux pre  w  o  w  ncorporte der frend  enclose nformton somethng lmost let slp through fnger  fortuntely  sometme lter rered everythng study  nme chrstopher erckson  two go  corporton work pst twelve downsze poston elmnte  fter unproductve job ntervew  decde open own busness  over pst  ncur mny unforeseen fnncl problem  owe fmly  frend  credtor over  35  0  economy toll busness nt seem end meet  refnnce borrow gnst home support fmly struggle busness  truly beleve wrong debt  moment somethng sgnfcnt hppen lfe wrte shre experence hope chnge lfe forever     fnnclly    md  december  receve progrm vum eml  sx month pror receve progrm send wy nformton vrous busness opportunty  progrm receve  opnon  cost effectve  ether too dffcult comprehend ntl nvestment too much rsk work  one clm d mllon dollr one    nt tell d wrte book   december  96 receve progrm  nt send  sk  nme off ml lst  thnk goodness    fter red severl  sure red correctly  nt beleve eye  here moneymkng phenomenon  nvest much wnt strt  wthout put further debt  fter pencl pper fgure  lest money bck  fter determne progrm legl chn letter  decde  why   ntlly send 10  0 eml  cost  15  0 onlne  gret thng eml nt need money prnt send progrm  cost fulfll order  tell  hope nt turn off  promse myself  rpoff  nyone  mtter much money cost   less one week  strt receve order report  1  jnury 13th  receve 26 order report  1  red gurntee progrm   must receve 15 20 orders report  1 wthn two weeks  don  t  send progrms untl   frst step  50  0 20 90 dy  jnury 30th  receve 196 order report  2  bck gurntee   must receve 100 orders report  2 wthn two weeks   send progrms untl  once 100 orders  rest s esy  relx   50  0 gol    196 order report  2  96 need  st bck relx  mrch 19th  eml 10  0  receve  58  0 every dy  py off debt buy much need cr  plese red ttch progrm  chnge lfe forever  remember  wont work nt try  progrm work  must follow exctly  especlly rule try plce nme dfferent plce  nt work   ll lose lot money  report  2 expln  lwy follow gurntee  15 20 order report  1  100 order report  2  50  0 20 90 dy  m lvng proof works    choose prtcpte progrm   m sorry  relly gret opportunty lttle cost rsk  choose prtcpte  follow progrm fnncl securty  fellow busness owner fnncl trouble  wnt strt own busness  consder sgn  dd  sncerely  chrstopher erckson ps de 11  700  5 bll   58  0  ple ktchen tble   s wesome  personl note orgntor progrm red enclose nformton over enclose progrm report  conclude progrm  one legl  crete mteur  let tell lttle myself  proftble busness ten  1979 busness begn fll off  sme thng prevously successful  nt work  fnlly  fgure  nt  economy  nflton recesson replce stble economy us snce 1945  nt tell hppen unemployment rte    mny frst hnd experence  flure bnkruptcy ever before  mddle clss vnsh  those nvest wsely move  those  nclude those never nythng sve nvest  move down rnk poor    rch rcher poor poorer   trdtonl method money never llow  move   rch   nflton  receve nformton fnncl freedom rest lfe   rsk   lttle bt effort   money next few month ever mgne  pont penny money  nor nyone else provde testmonl progrm  lredy over four mllon dollrs  retre progrm fter send over 16  0 progrm  severl offce mrket severl progrm here us overse  sprng  wsh mrket  nternet  prtnershp merc lne  follow progrm exctly nstructed  chnge  work exceedngly  remember eml copy excte progrm everyone  one send send 50  0    nme every one   remember though  send  potentl customer rech  frend  de  nformton  mterl opportunty become fnnclly ndependent  s    before delete progrm mlbox  lmost  lttle red relly  pencl fgure hppen prtcpte  fgure worst possble response mtter clculte  stll lot money  defntely bck nvest  doubt vnsh frst order  works  pul johnson  rlegh  nc here  s mzng progrm       let s decde strt smll    ll ssume those nvolve send 2  0 progrm ech  let s ssume ml receve  5  response  usng lst response much better  mny send hundred thousnd progrm nsted 2  0  contnue exmple  send 2  0 progrm   5  response  10 order report  1  those 10 respond send 2  0 progrm ech totl 20  0  those  5   100 respond order report  2  those 100 ml 2  0 progrm ech totl 200  0   5  response 1  0 order report  3  those 1  0 send 2  0 progrm ech 2  0  0 totl   5  response 10  0 order report  4  s 10  0 fve dollr bll  csh     totl ncome exmple  50   500   5000   50  0 totl  55  550     remember frend  s ssumng 1  990 2  0 ml bsolutely nothng    trsh progrm  dre moment hppen everyone hlf sent 100  0 progrms nsted 2  0  beleve  mny   cost prtcpte prctclly nothng  obvously lredy nternet connecton eml free    report  3 show best method bulk eml purchse eml lst  s legtmte  legl  money mkng opportunty  notrequre contct  hrd work  best  never leve house except ml  beleve somedy  ll bg brek  ve wt  s  smply follow nstructon  drem true  multlevel eml order mrket progrm work perfectly    100  every  eml sle tool future  dvntge noncommerclze method dvertse   longer wt  busness eml  pece cton   multlevel mrketng  mlm  fnlly gn respectblty  tech hrvrd busness school  both stnford reserch wll street journl stte between 50  65  goods servce sell throughout multus  level method md lte 1990 s  multus  bllon dollr ndustry 500  0 mllonre us  20   100  0  fortune severl mlm  moreover  sttstcs show 45 become mllonre everydy through multus  level mrket  nstructons m  o  c  mrket busness  method rse cptl relly works 100  every  sure  50  0  125  0 next 20 90 dy  before  bull   plese red progrm crefully  chn letter  perfectly legl money opportunty  bsclly   multlevel busness  buld our busness recrut prtner sell our product  every stte us llow recrut multus  level busness prtner  offer product every dollr send  orders re flled through ml  nvolve personl sell  prvtely own home  store offce  gretest multus  level ml order mrket nywhere  step  1  order four 4 reports lst nme number  order report ech four 4 nme lst next pge  ech report  send  5 csh self  ddressed  stmped envelope  busness sze  10  person lst specfc report  nterntonl order nclude  1 extr postge  essentl specfy nme number report request person order  need four 4 reports reprntng resellng  lter nme sequence nstructon  mportnt  lwy provde smedy servce order  step  2  replce nme ddress under report  1 yours  move one down report  2  drop nme ddress under report  2 report  3  move one report  4  nme ddress under report  4 drop lst prty doubt bnk   certn type nme ddress ccurtely  mx movng product  report postons    step  3  requre chnge nme lst  sve text   txt  fle s own drectory whtever eml progrm  gn  report  3 tell best method bulk eml cqure eml lst  step  4  eml copy entre progrm  mportnt  everyone whose ddress hnd  strt frend reltve snce encourge dvntge fbulous moneymke opportunty  s  love  ever   eml nyone everyone  mgnton  eml ddress compny nternet speclze eml ml lst  chep  100  0 ddress round  35  0  mportnt  wn response old lst  lwy request fresh  lst  where purchse lst order four 4 reports  lwys provde smedy servce orders    requred reports    order ech report number nme    lwys send selfddressed  stmped envelope  5 csh ech order requestng specfc report nme number must nclude eml ddress                                                         report  1   250  0 through multlevel sles  order report  1  w  o  w  ncorporte po box 2527 vctorvlle  c 92393                                                        report  2  mjor corportons multlevel sles  order report  2  m  tronc 32445 regent blvd  unon cty  c 945874849                                                         report  3  sources best mlng lsts  order report  3 rkl nterntonl 3060 w  country medow dr  tucson  z 85742                                                              report  4  evlutng multlevel sles plns  order report  4  thunder tech  202 lthrop st  south hdley  m 573                                                         concluson enjoy fortune send progrm  too  money 20 90 dy  follow smple steps outlne ml  fnnclly ndependent free  free fnncl decson never before  busness  nvestment  retre vcton  longer lck money hold bck  however  few rech fnncl ndependence  opportunty knock  choose gnore  much eser    yes   queston must nswer  gnore mze opportunty dvntge  nothng  ndeed mss somethng nothng chnge  plese rered mterl  specl opportunty  queston  plese feel free wrte sender nformton  prompt nformtve reply  method smple  sell thousnd product  5 cost penny produce eml  pont progrm legl everyone prtcpte money  chn letter pyrmd scm  probbly receve chn letter  sk send money  fth  nothng return  product whtso  ever  chn letter llegl  rsk someone brek chn qute unttrctve  offer legtmte product  fter purchse product  reproduce resell  s smple free enterprse  lern enclose mterl  product seres four 4 fnncl busness reports  nformton contn reports help prtcpton progrm rewrd  useful busness decson hed  buy rghts reprnt reports  order those whom ml progrm  concse one two pge reports buy esly reproduce  eml requester  best wsh progrm luck   ws truly mzng   gmble type  severl week mnd prtcpte progrm  conservtve  decde ntl nvestment lttle enough order lest money bck  boy  ever surprse medum sze post offce box crm order  money ten lfe before   mry rcelnd  lnse  m tps success send four 4 reports mmedtely order strt  receve  5 order  must send product  servce comply us postl lottery lw  ttle 18 secton 1302 1341 specfclly stte   product servce must exchnged money receved   whle wt reports rrve  1  nme compny  own nme desre  2  post offce box  prefer   3  edt nme ddress progrm  must remember  nme ddress next report  1 move down one  fourth one bump off lst  4  obtn mny eml ddress possble send untl receve nformton ml lst compny report  3  5  decde number progrm ntend send  send  qucker send  money  6  fter ml progrm  redy fll order  7  mportnt  lwys provde smedy servce orders receve  8  certn letter report net legble  gurntee check pont gurntees success smply  must receve 15 20 order report  1  must    nt wthn two week  eml progrm untl  couple week lter receve lest 100 order report  2  nt  send progrm untl  once receve 100 order report  2   deep breth  st bck relx  re gong lest  50  0  mthemtclly prove gurntee  those prtcpte progrm rech bove gurnteesll hverech  50  0 gol   remember  every nme move down lst front dfferent report  keep trck progrm order   s esy  relly  s    remember   dres nothng  need hope nythng    nvest lttle  energy money serch rest lfe   ps  jessy lemeux  decde prtcpte   wsh luck  one thng though  whtever  don t wy report  tempt frend reltve  lmost  begn hppen everyone wy 5 report  mth ll cost nvolve lterllty hundred thousnd dollr  wnt someone chet  seem hrmless dmge ner perfect system  long everyone follow system  everyone rch  sorry seem common sense  excte sometme don t thng wnt sure one chet work put  once gn luck don t refrn wrte concern                 sent usng globl messenger                globl messenger desgn send eml lst recpent wthout expose recpent lst recpent  del btch eml tool send newsletter  mrket nformton  productupdte bulk ml mterl norml  smtp  complnt  eml clent ccount  llow ttch fle utomtclly hndle mme  uuencode vst www  globl  net nformton                 unregster verson
re  6  293 word own opposite,N/A,sue morrsh s post shme ustrln remnd werd fct sme word south frcn englsh  ccord s frend   shme   exclmton joy  exmple  old ldy newborn bby fluffy nml  suppose explnton  shme   exclmton dspprovl become exclmton sympthy somebody lltret  fr  prllel shft  m fmlr too   blech stll further s mere  bck chnnel utternce   ndcte lstener stll py  sympthetc  ttenton  become postve expresson plesure  nybody confrm ether dtum explnton  btw  wrt benjus wld s post  understnd orgn  lucus non lucendo  st sdore sevlle s  orgne sve etymolog   7th c   ccord fther dnneen s book hstory lngustcs  john t wtermn lttle book perspectve lngustc  1963  nother exmple sme source  bellum  wr  bellus  beutful   wr fr beutful  regrd  pul werth
machine translation,shelmreus@crl,
submit 600,N/A,spm  receve messge member sfeml lst  wsh prt lstclck here                                                                  wnt ste found submt 600 s defntely web ste lttle unless those nterest  submt web ste 600 dfferent serch engne drectory  gurnteed submsson mjor serch engne nclude  lt vst ol netfnd excte hotbot nfoseek lyco  mgelln northernlght plnet serch web crwler yhoo  netscpe snp  com sve yourself trouble promote web ste submt600 tody    40 mllon web ste 400 mllon web pge dd every dy  thus  tody chllenge ever ste esly  wnt ste found clck here trouble log our url plese eml us request nformton regrd submt 600 clck here
xth conference nordic general ling ,engdahl@ling,
job  apply linguist,rwlong@cmsuvmb,
,book@sil,
adv  earn  50000 next 90 day  works   ,remove@pmail,
bilingualism,cavagan@ncl,
loan debt consolidation,N/A,lon debt consoldton progrm re mny bll ncome   holdy over  bll strt roll  dvntge  offer  20 consoldte bll one pyment  credt check  need even  20 pprove progrm  co  sgner  ncome lmt  bd  credt ok      90  pprovl ret  cut nterest pyment      consoldte those credt  crd blnce   20 ht reply dytme phone  nme  contct  soon possble  progrm desgn bd poor credt   drect lon  pyment send credtor                                                           free offers below                                            free  10  0 cllng crd        ctvte clle crd    cll 1800  9622190 cct rep  pe707779       crd number                           dl  1  1888  8353444 2  enter crd      3  dl 1  re code  number    plce nother cll                                             sk one free week ech month unlmt long dstnce cll  24 hour  7 dy  lmttons pply       cll week ech month  cll 800  bove free cll crd
re  6  797  comparative method  n  ary comparison,avvovin@miamiu,
meet atlantic province linguistic association,tarpent@msvu,
bisfai deadline extension ,bisfaus@bimac,
financial freedom while sleep,1hottbiz@angelfire,
conference call ,morrill@lsus,
check  s worth ,N/A,wywrd teen cnt keep dmn clothe     ve cpture flm   re wy  next two week     http    209  84  246  106  mteur  copy pste bove url   ste contn dult subject mtter  ccess under 21 ge  remove our ml lst  http    194  190  221  199  remove  html
re  information requested,N/A,h  nme john  m 27 old  ble  2 mllon work home  d shre  plese few moment busy lfe lsten short messge tell  cll lsten  1800  7646203 chnge lfe
wholesale club ,N/A,h  wrte nterest our optn eml lst  wholesle dstrbutor offer member huge dscount over 1000 product  everythe sport goods electroncs  svng 30200  off retl prce  send product week once week  nterest plese put subscrbe subject letter  wsh remove plese put remove subject  cost jon club
build own calbe tv descrambler 7 part ,N/A,cble televson descrmbler  esy  buld own cble televson descrmbler 7 prt rdo shck under  12  0                        mnute updte    ve letter nstructon send ndvdul besde volte copyrght lw  nether respond customer nor provde orgnl  complete set pln nstructon  plese dvse rsk money ptence order ndvdul nothng regrd tech  electrcl mtter    rul mendez  buld own cble televson descrmbler 7 prt rdo shck under  12  0  requred supples                    1  rdo shck mnbox  prt  270235  1  wtt resstor  2  2k  2  4k ohm  prt  2711325  1  75pf  100pf vrble cpctor  specl order  2  f61 chssstype connector  prt  278212  12    12 sold copper wre 12   rg59 coxl cble tool requre  screwdrver  drll  solder gun  solder  optonl   premum move chnnel  py per vew dult entertnment chnnel    free  free  free     ttenton    let tell fntstc opportunty  nme rul  lve york cty  york  seson tcket our cty s hockey tem  nvte frend mne one gme october    d love bck home 10  0 p  m   tell gme run pst 10  0 p  m  mnd sty gme close  hbe response    tonght mke tyson  evnder holyfeld box mtch py per vew    mnd wtch fght     sure  problem   wtch gret fght cble py per vew two guy frend house  fter fght  snce  offer py hlf cost fght  frend nswer     s necessry    fght free      free  don t those fght cost round  40  0 pop   tell   yes   buy cble descrmbler box cquntnce mne  300  0   further expln  lttle blck box  py per vew event vlble  tune premum move chnnel dult entertnment chnnel  response  wthout hestton    gott one     300  0  problem where py     m serous  excte  lfetme premum move chnnel  py per vew dult entertnment onetme fee  300  0         rght  guy sell buddy box where  relly dsppont  desperte mesure  beg pled frend untl gree let box prt pece pece one myself  luckly esy  wsn t smple slght chnce bck together pretty  rest hstory    ve own box buld own two hnd  buld one yourself      py  300  0  mybe  mybe  probbly  unless one work frst  snce possble  sell complete set nstructon buld one yourself mesly  12  0  however  prce must enclose  10 self ddressed stmped envelope 55 cents postge ffxed  sk  type rpoff scm del  nswer  everythe specfc mechnc why  flp swtch push button move mouse cross our computer pd  hppen certn set process  cble televson descrmbler dfferent  however  legl purpose must dd letter offer set nstructon shll vod where prohbt lw ssemble prt necessry  lttle jewel  work eductonl purpose  order set nstructon send  12  0 csh  check money order pyble  rul mendez enterprse  50 lexngton v sute 209  york cty  ny 10010 ml order wthn 24 hour receve  further  refund upon wrte request unstsfy reson  hppy holdy    sncerely  rul mendez p  s   mnbox choose creton work requre lterton exst cble system  smply screw  rght behnd televson  p  p  s   wthout nstructon s fgure set clock vcr  nstructon  gurntee success
obituary  jochem schindler,N/A,nform untmely deth jochem schndler  prof  ndoeuropen lngustcs venn unv  1987  prof  lngustcs hrvrd unv  1978 tll 1987  pss wy dec  24th 1994  ursulum doleschl  sergej krylov nsttut f  slwsche sprchen wrtschftsunv  wen ugsse 9  1090 wen tel     43  131336 4115 fx    43  131336 744
re  8  792  disc  grammar uk school   response,N/A,engge sme sort debte severl decde sde tlntc  tend gree professor smpson s remrk vlue tech grmmr uk school  gree    grmmr  tech  publc  even educte publc  even school techer dmnstrtor   lest u  s   gnornt century s work lngustcs  tech grmmr turn esy professor smpson seem mply  exmple  mny  probbly most  lngust  correct usge  prt grmmr  socolngust  prefer correct usge tech secondry school   clerly lbel somethng grmmr  even wthn nerly us consder  grmmr   tech  most eductor  sc  u  s  most poltcn seem prefer trdtonl grmmr  lngust msnme  prescrptve grmmr   ctully mostly proscrptve    tech trdtonl grmmr ttrcton tech phlogston theory nonscentst pss off serous scence  mny collegue lngustcs dsgree  queston  grmmr tech uk school   rther  sort grmmr tech  everywhere     crl mll unversty cncnntus
pardon intrusion want read follow,N/A,prdon ntruson  wnt red followng    hello  nme kren lddell   m 35  yerold mom  wfe  prttme ccountnt  rule  delete unsolct  junk  eml ccount prmrly busness  receve ssume sme eml countless delete ech  two month go receve gn  ctchy subject lne  fnlly red  fterwrd    ok    m try  certnly fford nvest  20  hnd  s nothng wrong crete lttle excess csh   promptly ml four  5 bll  fter receve report  py frend mne smll fee send eml dvertsement  fter red report  lern esy bulk eml free  prepre result  every dy sx week  p  o  box overflow  5 bll  mny dy excess fll extr ml bn  ve upgrde corportesze box  stun money keep roll  husbnd sve severl substntl downpyment house   purchse house 40  down   re vence  tly celebrte  promse  follow drecton eml prepre eventully set sde hour ech dy follow  count money    lest much money  open envelope  remove money  send eml messge   re thebnk  red  ll understnd esy                                                              prnt future reference    follow ncome opportunty one nterest  strt lttle nvestment ncome return tremendous                                                                  lest  50  0 less 90 dy  plese red enclose progrm    red gn                                                                  s legtmte  legl  money mkng opportunty  requre contct  hrd work  best  never leve house except ml  beleve somedy  ll bg brek  ve wt  s  smply follow nstructon  drem true  multlevel eml order mrket progrm work perfectly    100  every  e  ml sle tool future  dvntge noncommerclze method dvertse    longer wt  busness eml  pece cton    multlevel mrketng  mlm  fnlly gn respectblty  tech hrvrd busness school  both stnford reserch wll street journl stte between 50  65  goods servce sell through multlevel method md lte 1990 s  multus  bllon dollr ndustry 500  0 mllonre u  s   20   100  0  fortune severl mlm  moreover  sttstcs show 45 become mllonre everydy through multus  level mrket  enclose nformton somethng lmost let slp through fnger  fortuntely  sometme lter rered everythng study  nme chrstopher erckson  two go  corporton work pst twelve downsze poston elmnte  fter unproductve job ntervew  decde open own busness  over pst  ncure mny unforeseen fnncl problem  owe fmly  frend credtor over  35  0  economy toll busness nt seem end meet  refnnce borrow gnst home support fmly struggle busness  moment somethng sgnfcnt hppend lfe wrte shre experence hope chnge lfe forever fnnclly    md december  receve progrm vum eml  sx month s pror receve progrm send wy nformton vrous busness opportunty  progrm receve  opnon  cost effectve  ether too dffcult comprehend ntl nvestment too much rsk work  one clm mllon dollr one    nt tell d wrte book   december 1995 receve progrm  nt send  sk  nme off ml lst  thnk goodness    fter red severl  sure red correctly  nt beleve eye  here money mkng phenomenon  nvest much wnt strt  wthout put further debt  fter pencl pper fgure  lest money bck  fter determne progrm legl chn letter  decde  why   ntlly send 10  0 eml  cost  15  0 onlne  gret thng eml nt need money prnt send progrm  cost fulfll order  tell  hope nt turn off  promse myself  rpoff  nyone  mtter much money cost  less one week  strt receve order report  1  jnury 13  receve 26 order report  1  red gurntee progrm   must receve 1520 orders report  1 wthn 2 weeks  don  t  send progrms untl   frst step  50  0 2090 dy  jnury 30  receve 196 order report  2  bck gurntee   must receve 100  orders report  2 wthn 2 weeks   send progrms untl  once 100 orders  rest s esy  relx   50  0 gol   196 order report  2  96 need  st bck relx  mrch 19  eml 10  0  receve  58  0 every dy  py off debt buy much need cr  plese red tttch progrm  chnge lfe forever    remember  wn work nt try  progrm work  must follow exctly  especlly rule try plce nme dfferent plce  wn work   ll lose lot money  report  2 expln  lwy follow gurntee  1520 order report  1  100  order report  2  50  0 2090 dy  m lvng proof works    choose prtcpte progrm  sorry  relly gret opportunty lttle cost rsk  choose prtcpte  follow progrm fnncl securty  fellow busness owner fnncl trouble  wnt strt own busness  consder sgn  dd  sncerely  chrstopher erckson p  s  de 11  700  5 bll   58  0  ple ktchen tble   s wesome  personl note orgntor progrm  red enclose progrm report  conclude progrm  one legl  crete mteur  let tell lttle myself  proftble busness 10  1979 busness begn fll off  sme thng prevously successfull  nt work  fnlly  fgure  nt  economy  nflton recesson replce stble economy us snce 1945  nt tell hppend unemployment rte    mny frst hnd experence  flure bnkruptcy ever before  mddle clss vnsh  those nvest wsely move  those  nclude those never nythng sve nvest  move down rnk poor    rch rcher poor poorer   trdtonl method money never llow  move   rch   nflton  receve nformton fnncl freedom rest lfe   rsk   lttle bt effort   money next few month ever mgne  pont penny money  nor nyone else provde testmonl progrm  lredy over 4 mllon dollrs  retre progrm fter send over 16  0 progrm  severl offce severl progrm here over se  sprng wsh mrket  nternet  prtnershp merc lne  follow progrm exctly nstructed  chnge  work exceedngly  remember eml copy excte report everyone  one send send 50  0    nme everyone  remember though  send potentl customer rech  frend  de  nformton  mterl opportunty become fnnclly ndependent  s    before delete progrm mlbox  lmost  lttle red relly  pencl fgure hppen prtcpte  fgure worst possble response mtter clculte  stll lot money  defntely bck nvest  doubt vnsh frst order  works  pul johnson  rlegh  nc here  s mzng progrm      let s decde strt smll    ll ssume those nvolve send 2  0 progrm ech  let s ssume ml receve 0  5  response  usng lst response much better  mny send hundred thousnd progrm nsted 2  0  contnue exmple  send 2  0 progrm  0  5  response  10 order report  1  those 10 respond send 2  0 progrm ech totl 20  0  those 0  5   100 respond order report  2  those 100 ml 2  0 progrm ech totl 200  0  0  5  response 1  0 order report  3  those 1  0 send 2  0 progrm ech 2  0  0 totl  0  5  response 10  0 order report  4  s 10  0  5 bll  csh    totl ncome exmple  50   500   5  0   50  0 totl  55  550    remember frend  s ssumng 1  990 2  0 ml bsolutely nothng trsh progrm  dre moment hppen everyone  hlf sent 100  0 progrms nsted 2  0  beleve  mny    cost prtcpte prctclly nothng  obvously lredy nternet connecton eml free    report  3 show best method bulk eml obtn eml lst  nstructons  err ml order mrket busness  method rse cptl relly works 100  everytme  sure  50  0  125  0 next 2090 dy  before  bull      plese red progrm crefully  chn letter  perfectly legl money opportunty  bsclly   multlevel busness  buld our busness recrut prtner sell our product  every stte us llow recrut multlevel busness prtner  offer product every dollr send  orders re flled through ml  nvolve personl sell  prvtely own home  store offce  gretest multus  level ml order mrket nywhere  step  1  order four  4  reports lst nme number  order report ech four  4  nme lst next pge  ech report  send  5 csh selfddressed stmped envelope  busness sze  10  person lst specfc report  nterntonl order nclude  1 extr postge  essentl specfy nme number report request person order  need four  4  reports reprntng resellng  lter nme sequence nstructon  mportnt  lwy provde smedy servce order  step  2  replce nme ddress under report  1 s  move one down report  2  drop nme ddress under report  2 report  3  move one report  4  nme ddress under report  4 drop lst prty doubt bnk   certn type nme ddress ccurtely    mx movng product  report postons    step  3  request chnge nme lst  sve text   txt  fle s own drectory whtever eml progrm  gn  report  3 tell best method bulk eml cqure eml lst  step  4  e  ml copy entre progrm  mportnt  everyone whose ddress hnd  strt frend reltve snce encourge dvntge fbulous moneymke opportunty  s  love  ever   eml nyone everyone  mgnton  eml ddress compny nternet speclze eml ml lst  chep  100  0 ddress round  35  mportnt  wn response old lst  lwy request fresh  lst  where purchse lst order four  4  reports  lwys provde smedy servce orders    requred reports     order ech report number nme    lwys send selfddressed  stmped envelope  5 csh ech order requestng specfc report nme number                                                      report  1   250  0 through multlevel sles  order report  1  ngel nn enterprse p  o  box 668292 chrlotte  n  c  282668292                                                     report  2  mjor corportons multlevel sles  order report  2  m  l  m  3069 lmo dr  sute 178 vcvlle  c  956876344                                                     report  3  sources best mlng lsts  order report  3  c  e  e  p  o  box 5145 frmnghm  m 017015145                                                   report  4  evlutng multlevel sles plns  order report  4  m  j  k  p  o  box 30821 settle  w 981030821                                                     concluson  enjoy fortune send progrm  too  money 2090 dy  follow smple steps outlne ml  fnnclly ndependent free  free fnncl decson never before  busness  nvestment  retre vcton  longer lck money hold bck  however  few rech fnncl ndependence  opportunty knock  choose gnore  much eser    yes   queston must nswer  gnore mze opportunty dvntge  nothng  ndeed mss somethng nothng chnge  plese rered mterl  specl opportunty  queston  plese feel free wrte sender nformton  prompt nformtve reply  method smple  sell thousnd product  5 cost penny produce eml  pont progrm legl everyone prtcpte money  chn letter pyrmd scm  probbly receve chn letter  sk send money  fth  nothng return  product whtso  ever  chn lettter llegl  rsk someone brek chn qute unttrctve  offer legtmte product  fter purchse product  reproduce resell  s smple free enterprse  lern enclose mterl  product seres four  4  fnncl busness reports  nformton contn reports help prtcpton progrm rewrd  useful busness decson hed  buy rghts reprnt reports  order those whom ml progrm  concse one two pge reports buy esly reproduce locl copy center cost 3 cent copy  best wsh progrm luck
ipa v americanist symbol,N/A,drw reply debte p versus  mercnst  trdton phonetc trnscrpton   frnkly  somewht surprse tone orgnl submsson  suggest p s refusl hchek  wedge symbol pltolveolr exmple rcsm  both nt  mercnsm ntslvcsm  doubt nt  dcrtcsm   lern p tself ntdemocrtc consprcy  need cmpgn led mercn orgnston phonetc trnscrpton s fe democrcy  pple pe  mercn    couple pont need regrd   frst  true p north merc  here mybe euro  centrsm  phonology  dlectology centrsm  clncl phonetcn speech pthologst north mercn nerly lwy p  yes  long ess  zee  jod  crdnl vowel system    ndeed  deprtment lngustcs  phonetcs operte wthn p trdton  e  g  unversty vctorum bc   hnd  vrtully phonologst sde tlntc socl mercnst symbol  dvde  therefore  portry  phonologst tend one set symbol  phonetcn nother  relly problem  often concern dfferent level descrpton nywy  even phonetcn cnnot gree  problem  rse fer rcl dscrmnton undemocrtc consprcy relly justfy over reltvely trvl dstncton symbol nyone trn re nywy  second pont concern debte symbol themselve  note  dfference between certn symbol surely fundmentlly mportnt one  spek defence p nonhchek verson  leve sde fct symbol long hstory    feel unt symbol preferbly composte one   unlke orgnl post  lwy seem obvous hchek symbol s  z etc plus dcrtc   grnt p lwy consstent pont  untry symbol pproch vod confuson nture s  s dstncton  one counter student  feelng  s  relly type  s  renforce spell  nt help symbol s ort s   dfference  j  versus  y  pltl pproxmnt  surfce  fne   y  spell fmlr  surely nglocentrc  lne slvc  germnc etc usge    however  choce leve us problem hgh front round vowel  cnt  y  must resort  u    dcrtc     however  commonly mny trdton stnd centrlze  trnscrpton suggest  u   vrety  u    o   vrety  o  etc  ndependent symbol leve open reltonshp between lpround tongue poston  d ress  verson  however phonetc trnscrpton develop future  let s vod throw round ccuston user body  utopn scheme unversl orthodoxy re surely unneccessry unsound  relstc  most p user  wherever  re bse  unlkely surrender over century s worth pttern usge  non  p user eqully keen keep symbolzton  let s lern lve  spend nsted refne trnscrpton system  e  g  trnscrpton typcl speech speech pthology clnc   perhp  vve l dfference motto spre  mrtn j  bll unversty ulster
reference example number wp,N/A,snce queston rse reference exmple number wordperfect dos  here s twocent  worth wp5  1 wp6 dos  5  1  lthough one prgrph number  suggest  preclude number secton pper  better pproch number fclty  grphc box   prgrph number  grphc box reference crossreference feture wp  set equton box opton cpton leve box  defult rght   phonologcl rule  ncely formt equton edtor  crete equton box cpton consst    box number    equton edtor wrte rule  smple sentence  etc   box tself empty  cpton before  set llow text overlp  ext crete grphc box screen proceed type exmple  number utomtclly updte box dd  cross  reference ssgn nme exmple wnt reference  crossreference trget  put crossreference reference code trget s nme  generte occsonlly updte reference number  ntlly pper   wp6  superor lngustcs support phonetc symbol  s even eser  wp6 counter feture  chrcter formt dlog box   defne counter  cll mne exmple   whenever wnt nsert exmple  type  mn document screen  open prenthess  counter dlog box  push f8  clck ncrement dsply button   nsert two code  one ncrement number  utomtclly userdefne counter  one dsply  cross  reference before  couple ddtonl wp tp   style feture useful del ntext stylesheet journl  feture where journl dfferent style  scre quote  sentence gloss trnslton  ntext reference punctuton  etc   ssgn style  style combnton chrcter code  ech journl  crete dfferent style lbrry   wnt chnge formt one nother  smply red dfferent style lbrry   bove too smple bblogrphy style sheet  where order element dffer ddton punctuton font ttrbute  comfortble progrm  wrte merge progrm  cll prmry merge fle wp5  1 merge form fle wp6  dfferent stylesheet bblogrphy fle formt secondry merge fle  wp5  1   merge dtum fle  wp6   feld thng uthor s frst nme   ttle  etc   nclude feld type reference  book  rtcle  dssertton  etc   snce formt ttle vry   recommend computerphobe  however   lne foregn lnguge exmple wordfor  word gloss proportonl font tb  reset tb stop ech exmple  eser wp6  0b onwrd  mouse  ruler feture  dsply ruler drg tb stop  drg dot lne extend down tb stop through text exctly where  prevous verson  tb set menu ply tb settng trl error  even possble put stersk nsde spce tb between exmple number exmple  nsted tb  tb lgn  wp5  1  decml lgn  wp6  feture  ctrl f6   before press ctrl  f6  set  decml chrcter  frst letter exmple  formt menu 5  1 chrcter formt menu 6   prevent spellchecker stop word foregn exmple  phonetc representton  logcl formul   5  1 lnguge feture nsert mdeup lnguge code  spellchecker compln cnt dctonry lnguge  tell gnore lnguge contnue check  wp6 block mrk  speller  grmmtk off   formt menu  prevent spell  grmmrcheck    yehud n  flk deprtment englsh hebrew unversty jeruslem  lve long prosper   vulcn greet
sum  word own opposite  pt  1,aeulenbe@indiana,
re  never forget,N/A,ll never forget gn   forget    frend  brthdy   nnversry   specl occson   mportnt dte wnt remnd   even remnder thng cll frend lsk once  soluton    rest lfe remnd    ll send postcrd one week pror every dte wnt remnd rest lfe  receve unlmt remnder updte rest lfe     never mss reltve brthdy  nnversry  specl dte busness contct  lst never stop  never forget gn  even send gft pk utomtclly nyone wnt  frend mze ctully remember brthdy  receve entre pckge  39  0 cndn fund   30  0 u  s  fund  wt    order receve next ten dy receve ddtonl pckge frend  reltve  busness contct  15  0 cndn fund   10  0 u  s  fund   nt dely   order us receve order next ten dy must send order tody  reltve  frend  busness contct thnk future  prnt follow secton plese cheque money order pyble vme send follow order form  vme lfetme remnder servce 1674 vllge vew plce mssssug  ontro l5m3t9 cnd                                        lfetme remnder servce nme                                    ddress                                                                        phone                                   pckge                           mount enclose                         e  ml
book  morphology,2307@compuserve,
 300   500 yours keep,N/A,ncrese monthly ncome  300   500 mmedtely   smrt money secret   tody s fstest  esest ncrese monthly ncome  extr work  sell solctton requre  messge  d  hundred secret enjoy extr money ech month  nt spend sngle penny  secret put plce mmedtely  result next check  one secret show yourself tx free rse mmedtely  stop let rs money belong  one secret ncrese monthly ncome  300  500 mmedtely  tx free   p  9  thng nsurnce gent wn tell  report revel one sngle move sve  500   600 nnully cr nsurnce   p  3  fool bnker   ll pretend secret smply nt exst  nt let  snow   show blow secrecy wter sve hundred dollr  dollr spend next week   p  11  need legl help  even welthy free legl help  report revel where free legl help  rght re   p  13  money college  1997 lone  lmost  8 bllon college scholrshp low  cost lon vlble  yet 75  nt clm  report tell where money pply   p  16  proven strtegy lft yourself bck hgh rod  bet debt system estblsh sold fnncl foundton future   p  18  set own home bse busness cut  slsh sve  5  0  10  0 nnully tx   even busness show loss   dollr vcton  cr  clothe  house pyment  fmly fun   p  20  ttenton homeowner  sve mortgge    py check lon overchrge  9  0 djust rte mortgge check  error nerly hlf  verge refund owe homeowner   1  588  0  report revel free help   p  22  put progrm plce mmedtely  ncrese monthly ncome  300   500  month fter month  s fst  smple  esy   smrt money secret  show step requre execute mny excte money sve progrm report   1  wnt strt receve extr ncome  owe yourself progrm mmedtely  mze report normlly sell  49  95  orfer wthn next ten dy  py dscount prce  29  95 plus  3  0 shp  order  receve  free bonus report  every motorst   free specl bonus report  grnt  scholrshp  fnncl d college student   both  vlue over  49   yours free  order  send check  csh money order  29  95 plus  3  0 shp hndle  rtex corporton 2505 globe venue dll  tex 752284471  order shp frst clss mmedtely                                cut here                              ye  wnt purchse  smrt money secret   29  95 plus  3  0 shp hndle  us dollr   30 dy money bck gurntee  check money order pyble rtex corporton check user  fx order form copy check tp bottom form rtex corporton  fx   214  3883251 24 hour dy  drop ml  rtex corporton 2505 globe venue dll  tex 752284471  check one   32  95    39  95   rush delvery shp  nme                                                  ddress                                                cty                                                   stte                       zp                         e  ml                                                 order shp frst clss  mmedtely
toc  linguistic review 15  1  1998 ,mouton@degruyter,
business internet  ,N/A,nternet mrket strter kt  20  lne mrket course  20 busness nternet   strt own nternet busness  t  de work wnt  0from comfort own home   0  tre  0drve job offer rel hope fnncl ndependence    0t s stop boss rch strt rep ncredble profus  t every dy nternet   20 never better strt own busness  nternet s nfncy future brght lne mrket  gett busness web esy  need tool  s wh  provde   20  0nternet mrket strter kt onlne  0mrket course  provde everythng need strt  dfferent mrke  tng report  wlk through ech step need c  rete successful lne busness  web pge  host   wrte d copy dvertse brng dough   20 course result over 25 sle mrket experence   0the pst 3 1  2 nternet  t money   0 wde vrety mrket method   n end down  terrfc product  one never customer  s onlne mrket  exposure product esy  customer buy  0you   0  0  0formulum successful   20 successful nternet busness few thng common      b ste b  product  0c  sell product d  customer   0  show ech step   20 buy goods servce lne ever before  webste sell product   0n rev  el  stepby  step onlne mrket course     20  95you lern nternet ccess free   20  95you lern crete own web ste   20  95you lern where free softwre  0esy  publsh own ste wthn mnute wthout extensve lne experence comp  uter progrm knowledge   20  95you lern where webste host bsolutely fr  ee   20  95you lern where bulk eml softwre bsolutely free ho  w those progrm promote busness   20  95you lern where dvertse product nterne  t free   95you lern crete  kller  d copy turn vsto  r pge py customer   20  95you lern full verson thousnd populr softw  re ttle relly evlute before buy   20  95you lern ccept credt crd lne product w  th monthly fees  credt check pplcton sgn fees  sgn  course tody fst trck proft nternet    20 here grdute course   20  0order nternet mrket strter kt 2 week go   0fter fus  nsh chpter web desgn tutorl publsh webste  d promote method course   0 thrll order  s strt our det product busness  frst dy dvert  se three order  second dy four   0ths gret   0th  nk help   0  20 mke bole  rdgefeld  conn   20                                                                         0especlly fct  0could ccept credt crd  0  webste  0sme dy  0sgn servce   0  0w turn down  0by   0my  0bnk  0for  0merchnt ccount wnt commt  0long term contrct   0  59  0month nother  0servce wnt  sve over  20 mont  h nternet  0ccess  0  0now free   0  0w skeptcl frst   0try  0t everythng  0clm   0the best  79  0ever  0spent   20 shron lke   0hwth  kns                                                                        nt pss opportunty dvntge ncredble offer  order strter kt receve complete course wr  tten form course 3  5  dskette  ccess pssword protect web ste where downlod softwre need publsh web ste promote   20  95free nternet ccess  20  95free web buld softwre  20  95free web host  20  95free bulk ml softwre  20  95ccept credt crd    20 monthly fee   20 credt  0check   20 sgn  fee   20  95lern wrte  kller   0d copy   20  95dvertse web ste free   20  95free eml  0lst  20  95step   step nstructon  20  95gurnteed result   0  20 order receve specl bonus free     20 order receve 250  0 fresh eml ddress hrvest fr  om onlne servce wthn 30 dy   0you usernme pssword ccess  e  lst  secret web ste nternet mrket strter kt   0tht s   0 personlly provde 30  dy mrket techncl support vum eml  0  usully chrge  90 per hou  r consult servce    0  20 hold set s  100 money mkn  g busness report  report ech tell specfc busness t  ht strt   even busness sell report   20 ct     20 product nme  nternet mrket strter kt  39  95  20 receve strter kt us ml   0the kt nclude     20  953  5  floppy dsk contn contents mrket course   20  95the complete course wrte form   20  95your usernme pssword ccess onlne course   20 rock sold money bck gurntee  20 stsfcton gurntee   0f nformton everythng   provde complete refund   0gurnteed g  et result   0 confdent nformton provde r  e completely stsfy refund money   0  20 dsppont  gurntee   20                      cut here ml                                  nternet mrket strter kt order form  code kc1 order ml send  39  95 plus  4  95 sh totl  44  90 check money o  rder pyble   20 tc schmdt  4654 e  ve s  sute b102  plmdle  c 93552  20 nme                               ddress                             ddress                             cty  stte  zp                        eml ddress
language species,guy@trl,
dental  optical plan,N/A,hello  work group locl doctor dentst offer dentl  optcl pln run pproxmtely  2 week ndvdul  3 week entre fmly  further detl plese cll  1800  4636021 toll free plese refer d code emjc56 p  s  cll detl before 13  1998 dentl pln receve optcl pln free  thnk
weight loss patch north america print form reply fax 816356  7310 info  call our one minute information line 913383  7979,N/A,ptch weght loss here reseller need  stck forget  work 24 hour per dy  lunch det prl 1  1998 py money  poston yourself  sle tem  20 plce decde  gmble  wn  lose ern  2500  0 per week  py frst week   20 totlly compny found doctor  super weght loss documentton      sn  92t one wt round     ye  reserve poston  nme                    phone                       fx                   ch enterprse drect representtve compny   20 everythng possble ssst buld sle  fx 816356  7310  nformton pck fx  20 sp  form prerecrut  contct  20  fll nme sponsor below fx eml  20  strt  don  92t mss exploson                                                                   sponsor nme sponsor phone sponsor fx  20 prnt form reply fx 816356  7310 reply fx tody
comparative romance linguistic  mla discussion group,scolina@asu,
macro  siouan,kdammer@hotmail,
vacation ,N/A,full detl  http    814493884  web22b5f  trp  html most exotc plce erth       flord  specl onlne promotonl vcton pckge sbrought lmted  don  t wt  vst our webste nformton prce pckge nfo   sorry  offer vlble trvel gent resle  offer vlble world wde    full detl  http    814493884  web22b5f  trp  html
eskimo snow scottish rain,N/A,nt eskmo word snow  scottsh gelc specl word  turdh  stop rn  compre  th tusge nn  wter  rn  th turdh nn  dryspell  stop rn    rnn e turdh sn fhesgr  mde dryspell fternoon  stop rn  whle  fternoon  kevn donnelly
re  word own opposite,N/A,content  length  129 pr synonym one sense ntonym nother   outgo  retre mry s  neff bm reserch
journal announcement,anneh@atlas,
95  8 capital fm,N/A,nt wnt receve eml  clck follow lnk remove ddress our ml lst  http    cptlfm  com  unsubscrbe                                                                     http    cptlfm  com  hlloween  spook our przewn specl   prmry colors  gossp move premere   stll crzy  rock  roll lugh bg screen   hot musc  best relese strght screen   fntsy record lbel  fvourte bnd top   shop  fvourte musc doorstep                                                                       hlloween  spook our przewn specl  why ghost unded fun hlloween   ve bumper pckge spooky fun  ctch ltest gretest scry move wn box set clssc horror flck  prepre spellbnd prze b  wtch rght here  http    cptlfm  com  prmry colors  gossp move premere  john trvolt emm thompson str revel portrt dulterous us presdent  relese nt better   ll gossp strght thursdy nght s strstud premere  hed over  http    cptlfm  com  stll crzy  rock  roll lugh bg screen  s crzy tle unlkely bunch rock str  nclude jmmy nl blly connolly  s crsh onto bg screen   ve stck wld rock  n  roll prze wn our  stll crzy  competton  nt mss fun  http    cptlfm  com  hot musc  best relese strght screen  s bg week musc   ll brng nfo ltest relese  our regulr roundup musc spn cd plyer  focus megstr celne don u2 unmssble lbum  s hot ht musc need  http    cptlfm  com  fntsy record lbel  fvourte bnd top  ultmte musc gme run couple week  s never too lte prt become success musc bz  pck bnd top chrt wn mze prze  http    cptlfm  com  shop  fvourte musc doorstep  our musc shop down storm  nt check esy buy ltest gretest musc  nt hestte  everythe desktop next thng fvourte musc mlbox   re lwy here help queston  musc buy experence  http    cptlfm  com                                                              dvertsement compq mtv competton glmour  gltz  fme    prt  compq  world s coolest pc mnufcturer offer chnce frend ttend 1998 mtv europe musc wrd mln  str snt  qu  robbe wllm mny feel prt dzzy tmosphere  s  even wnt tell us wnt our reporter event  sound too true  clck con cptl rdo ste    hurry  s busness show busness  http    cptlfm  com                                                             dvertsement ttnc 7up competton mny 7up fll bthtub  guess 365 nt wnt mss chnce wn supply 7up  bsolutely free  enter 7up  ttnctesco competton cptl rdo webste chnce wn bth full fzzy refreshment  whether choose bth 7up sve drnk  entrely buy 2x6pck 7up tesco scoop yourself free poster too  http    cptlfm  com                                                             dvertsement compq presro competton nstnt ccess nternet  ccelerte grphc  dolby dgtl surround   tlk ltest spce technology compq presro  wn enter competton cptl rdo webste  wnt experence performnce yourself  pop cptl rdo  lecester squre  london presro foyer ply   clck con cptl rdo ste enter compq competton tody    http    cptlfm  com                                                            dvertsement tem cd prdse provde fntstc  exclusve offer  specl dscount vlble tem robbe wllm    beutful south     plcebo     rem     south prk mny  mny  nt dely  vst ste whle stock  http    www  cdprdse  cptlfm
re  8  836  disc  punctuation,N/A,severl postng recently decry postrophe englsh plurl form  e  g   dyslexc s    sont s   grounds hold bd englsh  everyone else  lern school postrophe englsh plurl except few exceptonl cse numerl letter   1990 s    three s    usge seem fshon recently  postroph prctce wdely sort plurl form  seem long hstory lest foregn unusul word   ve notce postrophse plurl fcsmle severl seventeenth century book recently  exctly grounds condemn usge  john phllp
,N/A,h    ever strt own homebse busness money nternet personl computer   help  dsk contn 177 busness report tell set mny proftble low cost homebse busness step step  report money ever mgne  besde mny homebse busness  envelope stuff  report nclude  rse money fst ethclly  spot scm  mrket dvertse technque mny ml order busness requre few hour week  order dsk plese send  15  0  us  csh  check  money order ld sles po box 727 pw creek  nc 28130  csh money order process 48 hour fter receve  check few dy longer  prce nclude shp hndle  plese nclude eml ddress order notfy dsk shp  pc need connect prnter ble vew prnt desre report  bonus  nclude copyrght lcense sell report ndvdully whole dsk  nterest busness opportunty plese forgve ntruson  need request  remove  our ml lst one ml  thnk much
innateness,N/A,follow clm 22  dec94 post   x hppen y nnte  perfectly vld explnton x s occurrence  x hppen reson  s vld   clm  tutologous  cuse x   ve explnton   requre justfcton  pprently wrong  snce dvd power  13  jn95  object  bss   nnteness  mount     s fct lfe      ber  explnton    pprently  even re ber y  x hppen  stll nt expln x s occurrence  huh   grnt  wnt expln why  ber y   too  surely  ve explnton sort here  however prtl ultmtely turn  s better relevnt lterntve  x hppen lern x bss  generl lern prncple    legtmte objecton somethng  however  dscuss below  frst  perhp put nother  elsewhere context fuller dscusson   expln phoneme  why   phonology   bf  nturl   bls 11  2538  1985   p  31   clm nnteness  lck thereof        evlute  d  sme bss    evdence support clm nnteness  wrong clm somethng nnte  clm somethng nnte   true clm nntene wthout evdence revel  lzness mnd   clm lck nnteness  power contnue      scence show   suffcency   b  necessty   c  source post  nnte  construct  ug concentrte   tendency deprecte those nterest  b   c   beyond bnd set nnteness    ug  relly run round nnteness clm solely bss suffcency rgument  nt doubt folks  l   understnd why nnteness bd nme  trnslte syllogsmese  rgument follow form   y nnte  entl x  x true  therefore y nnte  logcn nme rgument form   ffrm consequent   clsscl logcl fllcy   whle ndvdul prctconer gulty chrge  lest lwy cse nnteness clm dsregrd  b   rgument  poverty stmulus   unvlblty negtve  ungrmmtclty  evdence   llege  lck error chld volte structure dependency clerly cse pont    e  g   chomsky s  reflecton lnguge    note further requrement bove quote stronger requre    b    y cuse x  entl  y necessry suffcent x   vce vers  e  g   z cuse both y x    whle gree decde pursue  c  grounds deprecton  nether   decde pursue  elephnt too bg one  blnd mn  fgure lone  don churm  dept  englsh  bll stte unversty  munce  47306
    home computer worker need     ,here@yahoo,
reminder iwcs,semantic@kub,
job opening,ckkz8d1@cat,
earn  100 every our phone ring   ,N/A,s dvertse 800 number   s    100 every sle compny close  doe de lest  1  0 per week begn 2nd week busness excte  never sell thng customer never tlk nyone money  nt eser  every spect sell tlk someone done completely compny  number one home bse busness 2nd row  fortune 5000 member better busness bureu u  s  chmber commerce  busness   hndle cll  close sle  send weekly commsson check   py  100 commsson  s over 50  totl sle  every sle  checks put    pocket less frst week two    quck commsson ernngs buld mntn motvton  s dvertse tollfree number d number   strted tody  dvertse busness tollfree number d  let busness close sles every dy    work pd   dvertse choose  bulk e  ml  flyer  clssfed  postcrd  etc  suppose bulk e  ml   100  0 e  ml 1  10th percent  0  1   sle rte  100 per sle net  10  0    too bd  nothng else provde mmedte ncome begn week mnml effort  before cll  wnt qulty lve opertor hndle cll  convnce better tem closer own personl sle  clerly understnd tlk once cll  plese don  t let pss  cll   1800  8112141 sk d  50030 cll   lve opertor vlble 8 m10 pm cst mondy through sturdy ble nswer queston   cll one 24hr testmonl lne 888703  5389  888446  6949  888446  6951 888731  3457  toll free
conquer thinning hair dandruff problems forever,N/A,conquer thnnng hr dndruff problems forever  20 hr ether ded de     tody stronger ever   20 s lose lose cnt regn    strengthen  leve   20 shre w  nswer thn hr problem   20 go  grow hr long cover thn  bld re  top   20 even sport pony tl whle mny thn hr vctm  20 denl often  lghtly tug hr  off  even feel  20 pn one normlly feel one pull hr   20 hr off sclp effortlessly  fll hr  20 over bthroom hr off every brush   20 method strengthen thn hr bck orgnl  20 strength   20 one frst thng once hr  de    erth  20 heven    ever bck lfe gn   20 gree   20 nobody de ever bck   20 nobody   20 hr ether   20 de    de   20 perod   20 bck   20 hr dfferent   20 bte nformton shock     20 expect fter bg boy blk bllon  dollr promse  20 cure rencrnte ded hr   20 one mn forwrd tell where  bld spot  20 once    hr   20 one   20 sde costly pnful consume method  20 trnsplnt    those rdculously ugly wg    er    hr  replcement devce   20 none   20 cure   20 one rse ded   20 cure ded mn   20 sve de mn   20 even strong gn   20 sve de hr   20 even strong gn   20 tlk preventon mntennce   20 tlk hr growth   20 tlk strenghten leve      elmnte  20 dndruff problem   20 np problem bud spek   20 re redy smplest chepest method keep whtever hr   20 leve sclp   20 re tre frustrte cure work even  fter spend  20 hundred dollr   20 re stll pry one dy cure   20 mybe lttle pech fuzz under mcroscope     20 re stll hop one hr grow   20 re stll wonder why bthtub snk full ded hr   better stop wonder hop pry     20 somethng before one dy hr bthroom floor  20 hed   20 eurek  nturl method strengthen  hr   20 beuty method work stop fll hr  20 dndruff   20 plese spend nother cent cure bldness   20 s cure   20 preventon    mntennce  method show both   20 dedcte myself reserch vow work    20 shre w  world honest method stop thn  hr dndruff   20 sell product here    nstructon   20 method prevent dndruff bldness   20 one knd world   20 method solve problem forever   20 before lose one hr       20  once work    plese feel free shre forwrd  proven smple esy  20 method w  someone     fther  uncle  brother  husbnd  boss  frend  neghbour   20 even those don  t thn hr dndruff  problem    forwrd  20 messge someone      20 love      forever   20 nother  hr tody     tomorrow  story   20 send  19  95 check money order step step gude  20 sve hr   20 ludwg feuerbch v  20 p  o box 737  20 corte mder c 94976  20 us  20
6th manchester phonology meet  programme,brockhaus@man,
consolidate debt  home improvement,N/A,s lmtedtme offer homeowners   remove nstructon bottom eml  homeowner re enttled free consultton  re nterest home mprovement  consoldte monthly bll reduce pyment  unntcpte need lest  25  0 reson  re owner  occupnt sngle fmly  free stnd resdence  dy  s mportnt ever most own home  help   ve crete vrety unque fnnce progrm opton  remember  vluble nformton bsolutely free  lern   24hour prepprovl   80  0 equty  consoldte blls  home mprovements  py college  buy cr  bot  even 2nd home    sve thousnds yerly nterest pyments    even    re selfemployed  hevy debt  been prevously declned   t prove ncome plus  certn progrm  s   prepyment penlty  pprsl requred thousnd lredy respond help  however  offer vlble ndefntely  ct  receve complmentry confdentl consultton  clck hghlght lnk below http    www  ssetmx  com  cgbn  ph  smv01980408ln1  vbnqenvsuprqpnpphx  ml reder support clckble lnk  copy bove url web browser  smply eml reply  reply voce our 24 hour messge mchne  800  5227772  follow nformton  nme  street ddress  cty  stte  zp  home phone   best senor lon offcer cll   busness phone   best senor lon offcer cll   estmte current mrket vlue home  estmte current mortgge blnce  mount borrow  qulfy   optons                                                     ml ntend nterest lrge udence communcte vluble offer  nterest offer  dvse vluble promoton feture future mlng nterest  however  desre receve offer vlue us future  plese eml us  remove  subject remove ml lst  clck below remove yourself ml  http    www  ssetmx  com  cgbn  ph  smv01980408rem  vbnqenvsuprqpnpphx copyrght 1998 sset mx  nformton contn eml messge publsh  brodcst  rewrte  otherwse dstrbute wthout express wrte consent sset mx  offer vod where prohbt lw
nlp  ia  98 deadline extension 5th,ia-98@imag,
serious    help retire 2 3 ,N/A,money why wste yours       serous retre 2 3 money u need lve lfe u lwy wnt yes  work hrd help regrdless  re current ge fnncl stuton plese serous  curous  cll number tody 24 hour record messge 1800  9950796 ext  8511 c  ed
table ronde sur la langue et la litterature yiddish,gueron@ext,
re  3  387 rule  tone grammar,N/A,response erc schller s comment modern syntx  few queston comentry  grdute student myself modern syntx stry fr theoretcl relm vory tower  hestnt delve  every two three dy nother  unversl  proposl propose someone untrue someone else  nt end gol grmmtcl theory expln why lnguge functon   explntory dequcy formulton rule fcltte tech lnguge  lbet mperfect rule strctly scentfc sense  stll worry  scentfc pper   rule prctcl pplcton  noton economy one  student certnly pprecte less  model  substnce  p  s  hope  nt stck foot mouth  s strt doctorte fce queston speclzton  syntx wnt somethng  hnd  socllngustc     brett rosenberg dept  spnsh portuguese unv  rzon
 anythe anyone internet ,N/A,netdetectve   20 esy nythng  20 nyone nternet  specl 1998 busness owner s edton   20  20 clck here  net  detectve web pge  der web user  dd  nternet uncover everythng ever wnt employees  frends  reltves  spouse  neghbors  even own boss  check nyone  nytme  nywhere  rght nternet    s secret nternet ggntc powerful source nformton  where   20 one best keep secret world rght probbly mount personl nformton   rght nternet                                             exmple  nformton vlble rght  nme ddress  lmost nstntly lve  nme ge spouse chld   color cr  vlue home   probbly  much py   credt nformton  employment record  fmly tree  mltry record  web ste vst  etc   etc   etc   even long forget drug bust college   s begnnng  de                                            news news sme nformton   lmost nyone  comple mssve collecton nternet nvestgtve tool provde    over 300 mmedtely ccessble nternet ste urls locte  credt record  socl securty  current pst employment  ml order purchse  ddress phone number   20 s mnd boggle  type quntty nformton hnd                                      20  20 copy  own copy mssve source nformton  here few thng   20  locte eml  telephone ddress nformton frend busness ssocte  unlst phone number   check busness ssocte employees   09  someone owe money  trck down debtor locte  hde sset   locte old clssmte  mss fmly member  frend  perhp long lose love   20  20  nvestgte fmly hstory  locte brth  deth  socl securty record   20  dscover locte mltry record brnch  servce  cvl wr persn gulf   20  verfy own credt report correct wrong nformton deny credt   20  check dopton record   20  nternet locte mss chld reltve   doubt boyfrend  check     20 put mnd ese   locte legl trnscrpt court order  check lw re   much lmony neghbor py   dscover employment opportunty countres round world   gret check prospectve exst employee  llow  check drve crmnl record before hre   dscover fb fle  lern even cqure copy those fle   20   ll even tps help  dscover  mount someone else s ncome  mgne ble nformton  fngertp lmost nstntly  mny uses                                   wt   s  dscover   nonymously surf net wthout boss  frend    20 nyone  ever   clok eml personl eml ddress cnt  dscover   ccess nerly 800 dfferent serch engne   speclze   phone cll through thrd prty number  cll nt show phone bll   where lst speed trps throughout us   check reputtons busness worldwde  nclude  20 those nternet   20  set foregn bnk ccount  nformton untrceble sset protecton  nonymous bnk      20  where securty products record  20 trck equpment  bomb detector much   wnte crmnls   possbly someone   20 even check own personl records   stound  nformton vlble nternet  fmly  busness  thousnds busness personl uses tool   ever  every busness copy   20  20  20  20                                                                   netdetectve   20  own copy netdetectve   verfy own record  nformton  wnt need personl busness reson  whle ste free  mny re free   mny   ll  even lnk even ste nformton  relly mzng nternet  lterlly  goldmne nformton   20  reserch kt  ll dscover everythng vlble locte  gret begnner experenced net surfer  lke   strghtforwrd  fst esly ccessble  everythe need mxmze resource nclude  mzngly smple   best   fnger tp need    20 mmedtely pece mnd trust    net detectve  explore hdden pst nyone   dscover those  20 lttle secrets everyone hs hdden  tody s uncertn world nformton nvluble                                                   does cost  order wthn 48 hour entre kt nvestgtve  20 tool  pproxmtely 35 prnt pge  specl reduce prce  25   regulr prce kt  37   nclude one full updtes  publsh  ddtonl chrge   20 mterl uncondtonlly gurnteed work  our expert spend over 1  0 hour reserch test mterl   yours  follow nstructon below  copy delver eml rght wy                                                specl free bonus order wthn 48 hour nclude  specl free  bonus  copy our nvestgtve sources progrm   20 progrm contn tool resource prvte  nvestgtor cross country own wndow  wn95 nterfce  quck esy                                                  uncondtonl gurntee remember  our publcton  uncondtonlly gurntee works delght   t lose                                         order  20 order sfe esy  nformton  receve  20 35 pge report bonus mterl eml our nstntdelvery secure order form   20  20 clck here  net  detectve web pge   20 specl note  busy nt our web  20 ste nstntdelvery order form  order fx    uncondtonl gurntee stll pply    20 fll fx form bottom pge  fx  20 us  1305  2891884 order fx  copy net detectve send eml wthn 24 hr   prefer  send order snl ml ddress below   sure nclude eml ddress delvery    send copy eml sme dy order receve  thnk  brn leed   20 leed publsh  20 p  s  wt  s  order net detectve  free copy nvestgtve source progrm  second free bonus nclude copy cryptovult  ltest toughest ndustrl strength securty encrypton softwre vlble nywhere   20 cryptovult hde nythng computer  esy   push  20 button protect fle pry eye   20  keep chld  spouse  frend  roommte  even boss prvte fle  perfect home busness   20 order   ll gld dd  clck here  net  detectve web pge   20 leed publsh  20 5800 overse hwy   st  35154 mrthon  fl  33050 fx 305289  1884 nternet publsher snce 1995                                                                                                                                       eol 2  2 nd fx ml  20 order form  plese prnt clerly  mportnt  mterl send eml  fx  leed publsh  20 1305  2891884 ml  leed publsh  20 5800 overse hwy   st  35154 mrthon  fl  33050 h  here order  netdetectve 1998 edton   25 totl  understnd uncondtonlly gurntee delver eml  nclude  free  20 double bonus copy nvestgtve sources   wndows  wn95 free  copy  20 cryptovult encrypton softwre  llow seven dy delvery crypto  vult    20  20 send eml sp  det                    nme                                                 eml ddress                                                              mportnt  plese double check ddress prnt clerly block letters  one smll error wn ble delver  order    20 pyment method  check one     credt crd     check money order enclose   20 crd type                   crd number                                                   exprton dte                nme crd                                                  sgnture                                       copy netdetectve both bonus mterl send eml sp  thnk gn order  brn leed leed publsh                                                                                                                         copyrght 1996  1997  1998 leed publsh   net  detectve  regster trdemrk leed publsh  rghts reserve  form 2  2 eol   nd
95  8 capitalfm,N/A,nt wnt receve eml  clck follow lnk remove ddress our ml lst  http    cptlfm  com  unsubscrbe                                                                     http    cptlfm  com  e17  cht  meet lve   showtme ny  pcture showtme tem week york   better  chnce tell us ste better   moves  week gret move   musc news  ltest news gossp   sportstme  lve cton nclude  rsenl v spur englnd                                                                       e17  cht  meet lve  enter lucky wnner ply lve meet fter gg  bnd jon us lve cht before ply mondy 12th 5pm  sure log sk burn queston  http    cptlfm  com  showtme york  showtme tem brodcst lve york week jon foxy drvetme york extrvgnz lve frdy 13th  pcture dventure  http    cptlfm  com  better  chnce tell us mprove our ste  receve lot gret de work mprove ste  tell us  http    cptlfm  com  moves  london flm festvl full swng s week gret move relese  prevew crem crop pck selecton  http    cptlfm  com  musc news  ltest news gossp  http    cptlfm  com  sportstme  lve cton bg gme  sturdy  ll focus premershp lve coverge rsenl v spur  redy englnd czech republc 18th  best prevew  report  pcture lve cton   http    cptlfm  com                                                                     dvertsement cd prdse tem cd prdse provde fntstc  exclusve offer  specl dscount vlble tem robbe wllm    beutful south     plcebo     rem     south prk mny  mny  nt dely  vst ste whle stock  http    www  cdprdse  com  cptlfm                                                                     dvertsement crusde croc prepre chrstms  those lwy stck chrstms present de  fox nterctve  led u  s  gme publsher own 20th century fox  nnounce lunch hghly cclm  1 plystton pltform gme  croc  legend gobbo  onto prestgous plystton pltnum rnge  check fox nterctve onlne  http    www  foxnterctve  com                                                                      dvertsement schnpp chnce  s  s fun  s schnpper  sprkle cder mngle pech flvour schnpps  extr touch clss   three frend wn tcket exclusve schnpper prty cptl rdo cf london  clck below http    cptlfm  com  schnpper                                                                      dvertsement wn compq presro nstnt ccess nternet  ccelerte grphc  dolby dgtl surround   tlk ltest spce technology compq presro  wn enter competton cptl rdo webste  enter compq competton tody    http    cptlfm  com  compqmtv
fancy flutter  here s atip,N/A,thursdy 26th mrch best rce tp dy phone 0897555293 fter 1  30pm  nt beleve  try  rsk 50p phone cll gn entertn ddtonl source ncome  fct  nformton record telephone number most rce dy consstently produce wn bet ht rte 60  7   fct   500 bet bnk mrch 1997 worth  7  719 follow smple bet process nvolve two telephone cll dy  free detl pln  leve nme ddress end cll hppy send full  20 nstructon  cll chrge per second 42p 25 seconds  note  plese nt phone before 1  30pm wste cll  2
phonetic text,karchung@ccm,
win  300usd cruise ,N/A,rquel s csno  nc  wrd cruse   300 lucky member  purchse necessry ply  jon before month end prtcpte   utomtclly enterednto next drw   jon http    www  rquelscsno  com  csno  http    www  tobet  com  sportsbook  rquel s onlne csno provde guest stteof  thert gme experence   chnce wn cruse  300   10  sgnup bonus   free csno softwre   25 csno gme   nterntonl sportsbook   horse rce   ply fun  rel  our csno secure  udt  prvte  nsure  thnk consderton
summ  concept unknown dutch,N/A,summry  concept dutch couple week go post queston re  concept englsh mercn  unknown dutch  thnk contrbute lst below  comple reply  reson request ncorporte exmple cll progrmme  l2  englsh   usng contextsentence mens derve word menng  expect low success rte condton trget word  show context method best method word  publsh result hope  fully next  thnk gn  pul olerook utrecht unversty hollnd  over  down 11  plus nchormn bgel bke  fry bsement brd bordwlk cll wt cerel cheeze wz chl chpmunk collrd green collect cll college condo convenence store corn syrup crnberry suce dner dogge bg donut dope dorm  tory  drveby shoot drven feld gol geek grdute student grnd jury grts hll pss home run ce crem flot nch jck o  lntern mple syrup mrshmllow fluff mdshp mn mnute mn moron muffn nerd pntry pckup truck pe poson vy porch potluck precnct cucus qurt qurterbck rumble strp scrum shop mll stcom snow blower submrne sndwch subwy token succotsh summer sqush summercmp tblod relsh brng  town meet tresury tg trck tret tun surprze turnpke turnstle twnky wter fountn wter cooler whp crem whp crem wcket wnter sqush yrd
parser russian,lfrumk@et,
re  5  1305 qs  canadian american  ipa  font dos  genre analysis ,N/A,generl nterest note dfference between cndn mercn ccent  ber mnd both type ccent vry qute bte  chrcterstc prt cnd chrcterstc prt us  exmple  one most wdespred chrcterstc cndn englsh merger short o long open o  e  g   hock v  hwk  lthough chrcterstc certn re us  generlly contguous cndn re merger  thus  most us border re cnd mntn dstncton    strke contrst  geogrphclly  between cnd djcent us most pont  stereotypcl cndn feture  cndn themselve   nclude those must hnd cndn selfstereotype  pronuncton  w      house   etc  nucleus md rther low  sound somethng long o  ot  spek stndrd brtsh phldelphn speker  commonlty between cnd djcent us  smlr menton feture  rse nucleus  y   rght   seem keep dscuss context cuse vowel contrst between  wrter   rder   cndn upstte ny contrst heght long center vowel spce  rther long perphery  centrl v  bck nucleus  york cty  upstte ny lest  though  seem dstnct cnd extreme rse nucleus  y   often sound front  wdespred mercn  ey  sound   eght   cnd extreme djcent us rse  low md   w  nucleus  stereotype dscuss bove  dscusson elsewhere cndn englsh del short o before r open syllble  most mercn dlect  lengthen rse merge long o   sorry  rhyme  story   rre word  sorry    sorrow    borrow  few cross us dlect  lthough generl rful re  forest    ornge  most word  cse  djcent us dlect  e  g   northern wsconsn  gree cnd  contnuum  strke border dstncton observe hock  hwk merger  s enough  lthough welcome observton loclse cndn border us dlect  brtsh  mercn ctor nt wnt nythng fct s mercn flm  cll cndn   order expln ccent  pprently nt her dfference   guess her flp t s  mercn stereotype chrcter  whle cndn lttude
free enterprise  6 figure 6 month  selle  mlm  ,N/A,3d  3d  3d  3d  3d  3d  3d  3d  3d  3d  3d  3d  3d  3d  3d  3d  3d  3d  3d  3d  3d  3d  3d  3d  3d   3d  3d  3d  3d  3d  3d  3d  3d  3d  3d  3d  3d  3d  3d  3d  3d  3d  3d  3d  3d  3d  3d  3d  3d  3d   3d  3d  3d  3d  3d  3d  3d  3d  3d  3d one ml  need ht reply seek  remove lst  thnk     3d  3d  3d  3d  3d  3d  3d  3d  3d  3d  3d  3d  3d  3d  3d  3d  3d  3d  3d  3d  3d  3d  3d  3d  3d   3d  3d  3d  3d  3d  3d  3d  3d  3d  3d  3d  3d  3d  3d  3d  3d  3d  3d  3d  3d  3d  3d  3d  3d  3d   3d  3d  3d  3d  3d  3d  3d  3d  3d  3d  3d  3d  3d re frd success  let scre deth  hello entrepreneur  nme dve strkey  queston      20 ern    mmedte  substntl  5  0   10  0   20 monthly ncome    lttle 4590 dy   requre   20 telephone  show generte sx fgure ncome  20 severl month   m tlk elusve drem resdul ncome network  20 mrket  mlm  chn letter onlne scm   20  m truly ern much every week ever before ern  20 monthly chse success progrm   20  0 frst month   ll tech    mny   3d  3d  cll  1800  3226169 ext  9508  20 serously   nyone  even better  best success  thnks  sncerely  dve strkey
harold orton centenary conference,upton@sheffield,
chicago phonetic phonology  chus  98 call,rmhemphus@midway,
business offer,N/A,m nterest crete ddtonl  ncome  20 work home   20 nvestment selle nventory delvery  20 fnncl rsk   20 mlm  nterest  plese vst web pge   20 www  hrtley   c  resdul  20 eml rech error  pologze  wsh  20 remove future mlng our compny plese reply  word  20 remove subject lne   20 thnk
stocks move ,N/A,pdc nnovtve ndustry nc   symbol pdc   otc bulletn bord prepre bg move stock mrket nlyst  recently reverse splt 40 1 currently trde 4 dollr per shre  stock ht 3 splt level prce esly ht 10 12 dollr per shre  pdc recently nnounce mjor news concern producton sle projecton  nfo check dow jone hstorcl
webentrepreneur 10  million sweepstake,e@address,
investigate anyone right browser ,goodinfoservice@yahoo,
franz boa,N/A,der fellow lngust  grdute student tchung  twn  recently  nterest bo  lfe  personlty  work  esy mterl here  nyone suggeston   mybe  mterl  thnk much dvce  rose hung
overwork underpaid ,N/A,re over worked under pd  relx        let computer work   everl thou  dollr  month  2 5 10 down rod yourself sme ded end job  put work force work 24 hour dy 7 dy week  here quote relly nspre   m sure recognze uthor   optmsm fth led chevement  nothe wthout hope confdence   helen keller  essentl element success  nother element need succeed   knowledge   nformton                   over 90 step step report strt own busness mrket  report severl busness choose  47 report ttle busness success  mny money here   ll even nother 74 report ttle success strtegy  step step nformton lot money   sure  fre method rse nstnt csh  order tody  ll even nother 28 report ttle computer nternet  gret lern step step nstructon money computer  report roylty free        copy resell every one  ech 240 report sell between  5  10 pece      s  1200  2400  sell bundle  normlly sell report together  99  0 purchse tody  19  50          m show free web ste         s rght free     s stll        order tody send one mllon eml ddresses strt       own dvertse  wsh best lfe offer  secure fnncl future wthn grsp  plese nt put off       order tody    s esy clck lnk vew 240 report plce order  order here soon credt crd cler process order send 240 report  nformton free web ste one mllon eml ddress eml      nt forget type eml ddress order form  forwrd response  wsh receve ddtonl nformton outstnd busness opportunty nformton future  plese ccept pology  dsregrd messge plese clck remove submt eml ddress here off ml lst  thnk understnd cooperton
re  major acquisition ,N/A,compny  mrk ndustry symbol  mk prce  7  8    875  shre  mk complete cquston mjor resturnt frnchse system over 40 unt  mngement project  100 mllon revenue gol  compny s stock trde  4 rnge   mk rte mmedte  strong buy    clck follow webste ddress cut pste webste browser  http    money   com  quote  tcker  mkus
re  6  797  comparative method  n  ary comparison,N/A,content  length  1653  too  note seem two noton comprson here  unlke scott delncey ssume dstngush between comprson ske buld reconstructon smply ske determne possble reltonshp  mnd  number jcque guy post demonstrte  wekness nry comprson  strength  group lnguge uncertn reltonshp  number potentl nwy cognte low rndom chnce dctte  lkelhood gnst closelyenough relte pursue reconstructon  nswer  bye  dvd power  perhp rhetorcl queston regrd ssumpton under jnhunen s clm consder fllcy   m qute sure ddress power  concluson  however  method comprson most us ccept buld check mechnsm  cceptnce set mtch  true   power  term  constrn set further mtch ccept  consder  flse  mtch  under constrnt  tret mtch  under methodology  nwy comprson   ncrese rto sgnl nose dtum  ccess jnhunen s orgnl sttement  lexs mnster  rmer summrze ccurtely  conclude ether jnhunen unfmlr ctul workngs comprtve method  concluson summrze mr dsngenuous extreme   ndeed fllcy  ether  rch lderson
genetic classification,N/A,wsh comment ssue recent dscusson nostrtc problem  demonstrte  dstnt genetc reltonshp skrt round beleve underle ssue vrous drectly ddress  ssumpton seem underly much dscusson hypothess regrd genetc reltonshp nterest unless prove true  rther odd ssumpton  one seem knd hypothess lngustcs  nywhere else scence fr   let us set sde ske rgument oftnote pont noton proof relly pplcble emprcl hypothess  ssume term loosely rbtrry hgh level certnty  seem fr frly wdespred dsnterest hypothess nostrtc hypothess wdely beleve  ssume true here ske rgument  vlble evdence nostrtc fll short mgnry level certnty deserve lbel  prove   common type recton unproven hypothess demonstrte observe smlrty due chnce  borrow  suppose someone sme tttude towrd comprtve reconstructon protolnguge  suppose someone object comprtve reconstructon nythng shllow group grounds one never prove reconstructon correct  one object certn clm genetc reltonshp grounds one cnnot conclusvely elmnte possblty observe smlrty due ccdent  borrow  one eqully object vrtully hypothess surround comprtve reconstructon grounds one cnnot conclusvely elmnte lterntve possblty  comprtve method best guess one protolnguge  never provde proof reconstructon fct correct  why bother  nswer obvous  hypothess represent our best guess pont much scence  why mny lngust seem object pply sme hypothess genetc reltonshp  why mny hstorcl lngust hypothess nostrtc hypothess ether lughble upset  why nt rect sme comprtve reconstructon  snce  unproven   why nt rush red everythng nostrtc conclude  evdence tntlze conclusve  s relly excte hypothess   why double stndrd  wnt suggest nswer queston  nswer  rght  provde nsght nture mny debte surround controversl hypothess genetc reltonshp  nmely  queston genetc clssfcton ntrnsclly nterest  qute prt detl hstorcl work ply role support hypothess   however  prmrly nterest detl hstorcl work tself  queston genetc clssfcton ntrnsclly nterest  nterest fr nevtble consequence hstorcl work  frst sort lkely recent work reclssfy penutn lnguge excte  whle ltter sort unlkely rect  unless penutn speclst  one move bck  blty pply comprtve method become ncresngly dffcult  detl hstorcl work become ncresngly specultve  mny hstorcl lngust  dsstsfy   depth  lwy much confdent genetc clssfcton comprtve reconstructon  our confdence ndo  europen lnguge fmly surely greter our confdence specfc clm proto  ndo  europen  move further bck  expect hypothess cnnot entrely confdent  lest promse evdence  where comprtve reconstructon suffcently specultve stsfy lngust nterest trdtonl comprtve work  snce lngust nterest genetc clssfcton except bproduct detl hstorcl work  lngust lkely hypothess unnterest  hnd  lngust queston genetc clssfcton nherently nterest  fct detl hstorcl work possble rrelevnt  fct hypothess unproven unprovble source concern fct comprtve reconstructon lwy unproven unprovble  vew correct  much debte surround controversl hypothess genetc clssfcton bse  substntve queston  smply sort queston dfferent nterest  mtthew dryer
ez finance,tiamo@looksmart,
capital fm,N/A,http    cptlfm  com  vlentnes  love  musc  crd flower   brt wrds   ll bckstge   under spotlght  m   moves  s move   musc books  mx gret red   sheryl crow  sngle lve revew                                                             vlentnes  love  musc  crd flower   frdy send love one crd flower drect ste  wn dnner cptl rdo cfe vlentne dy vlentne serende cpellum 98 degree  one else competton one  nt mss our fntstc brgn vlentne musc vdeo   brt wrds   ll bckstge  bggest nght brtsh musc clendr here februry 16   ll bckstge pcture lve webcst  cton bckstge bg wnner bck 4pm 16th   under spotlght  m  every week st down rtst grll under spotlght dffcult queston  weekend m fess crop crcle   moves  s move  week mze nmton bug s lfe ket wnslet open cross country   musc books  mx gret red  prevew book eclectc set rtst betle mrlyn mnson  erosmth lou rmstrong  s somethng everybody curl nspre   sheryl crow  sngle lve revew  pre  order sheryl crow s sngle  nythe down  sure  re frst  s ply lve februry 18  ll tell  much  much http    cptlfm  com                                                           nt wnt receve eml  clck follow lnk remove ddress our ml lst  http    cptlfm  com  unsubscrbe                                                            sk reports  fresh snow  pck powder snow  check skus report  180 resort updte 3 dy  lwy keep dte del snow condton  nt tkeoff wthout  http    cptlfm  com  cgbn 3  webobject  skwether                                                           dvertsement bet musc mestro wn our fntsy record lbel gme  here s chnce prove rep rewrd  our top twxter wlk wy elonex webrder pc  ply twx  buddy bet   hurry  sooner strt  better chnce wn  http    www  fntsyrecordlbel  com                                                           dvertsement book  vst mzon  co  uk 40  off thousnd populr book  book wnt seconds uthor  ttle subject  order one clck mouse  choce over mllon book  nclude hundred thousnd us ttle   re bnd book  re  clck lnk yourself  http    www  mzon  co  uk  exec  obdo  redrecthome  cptlmluk1                                                           dvertsement set pulse rce psson sor    s vlentne s dy mllenum  extr specl send love one vlentne s gft nterflor  romnce r  better flower  http    www  nterflor  co  uk  cgus  showprod  pl  mode  ukukgroup  vlref  source  cptl
s  hattorus die,N/A,englsh verson offcl nnouncement relese jpnese press fternoon februry 1  1995    kzuto mtsumur jnury 31  1995 gret sorrow regret  behlf fmly  nform our respect techer  lngust dr  shro httorus  member jpn cdemy  pss wy  ge eghtysx 0  3 o  clock  jnury 29th  1995  fter long llness  nform frend funerl plce sennchdus kdo  19 mnmus  motomchus  shnjuku  ku  tokyo  jpn 160  tel 33353  4541  fx 33360  6714   13  0 o  clock  februry 16  servce nondenomntonl  grteful pry us soul rest pece  sncerely yours  hjme ktmur  chrmn funerl servce commttee
language resource  evaluation workshop,vraskin@purdue,
info,N/A,der on  hppy  de mny  shre nterest fgurtve lnguge  excte  s lnguge work  opertonl lnguge  computer bnry  opertonl lnguge humn mnd  pcture  psychotherpy cll metphor therpy  fgurtve sttement tret lterlly   nterest fgurtve speech    s pproch fgure fgurtve  speech hel dssolve persstent uncomfortble  feelng  fgure speech slt lnguge reflect nner fgure  subconscous mnd   exmple  someone s  cloud over hed  subconscous mnd cloud   cloud feel rel nternlly subconscous mnd ccept  rel  s why drem pper rel conscous  mnd turn off durng sleep    20 mportnt s key nner mnd  tret  fgure  pcture  rel open subconscous mnd  ccept mge rel begn  fgure mge  reflect our nner world brng fscnte nformton  surfce  work wthn relm person s own symbolc  representton problem ssue fcltte profound chnge   usng word core our feelng help  chnge behvor  decson choce   20 strong connecton between fgurtve lnguge hel   understnd produce verbl technology enter  control center mnd hel psyche  fgure  lnguge root psyche  where thought  feelng  decson orgnte  ffect chnge vntgepont  produce greter stsfcton personl lfe professonl  performnce  productvty  bove  stte mnd  never  underestmte power mnd ffect relm helth  hppness  best gn mprove control lfe   control center where thought feelng begn  thought feelng  conscous wreness wthout effort our prt  drectly conscous mnd  lnguge subconscous  nether englsh nor jpnese  pcture mge  metphor therpy unque  nnovte pproch spek sme  opertonl lnguge nner mnd  subconscous mnd  foundton our ego  emoton   where most depresson  nxety  et compulsve dsorder   phob  obsessve thought  urge unwnt behvor orgnte   whle lredy  s understnd  behnd ech symptom persstent uncomfortble feelng  blty spek therpeutc pcturelnguge  nner mnd where obstcle begn   uncomfortble feelng trl led root lmost  problem  chnge occur root lwy dynmc  chnge surfce led outwrd chnge   nner  hel promote outwrd chnge  control stronger mnd  goe drectly control center mnd dd beneft  recpture wholeness nnte strength ber   nturl course grow lose prt self  djust demnd world  chld  subject  buse  neglect trum  our sprt brek bruse long   conform put our feelng sde  dult   re  ctch lfe threten stuton where deth pper mmnent   even us ego dssocte pror  event  shut down vod event feelng   ego somewhere else let  hppen  qulty chrcterstc self lose  leve  vgue  lnger feel somethng mss  recover mss frgment self restore  esoterc nonsense  concrete dscplne bse recent  dvncement permt drect ccess our nner mnd  spek  lnguge nner mnd fford best opportunty hel  occur  restorton self dssolve gret mny negtve feelng   mnd clerer stronger  metphor therpy  unlesh strong  nnte power wthn mnd s blty hel tself  crete bse  selfconfdence genune   20 wnt word metphor therpy  snce  rel hope  plese shre letter   prt  hppy specfc nformton  pproch nswer queston   d  exmple helng ccomplsh  fgurtve lnguge  plese let  best   20  20 drs www  ngelfre  com  k  drsegel
    direct emailsecret  stumble block,N/A,re redy rech prospects wthout techncl hssle  drect eml mrketng  drect eml smlr prncple nvolve fmlr model drect postl ml  correctly  one s success sure  perform correctly  become cse luck  4 bsc prncple drect eml  re fmlr four bsc process nvolve successful drect eml cmpgn  bsc step professonl  consstent successful drect emler  foundton root drect eml model  bsc process nclude follow  1  consstently ccess fresh lst 2  consstently updte lst 3  consstently send d resonble ntervl  repetton key  tv commercl  4  optmze d subject  order pull  d d  d cronym model crete powerful effectve sle letter  wdely dvertse tody  grb one severl drect ml drect eml letter red lest three  powerful effectve letter follow d  s d stnd   grb prospect s  ttenton   crete  nterest  provde nformton d  crete stmulton produce  desre   demnd mmedte  cton  need current supplementl prospect eml lst  need fresh lst every dy  every week every month  need prospects  never rech before  nswer yes  our eml updte servce provde fresh eml contct  never run eml prospects                                             nfo  24 hr   626839  3835  us                                            19gj643d5697
free info ,N/A,der nlpeople                                                                                                                                 recently eml ddress someone nterest excte opportunty  error  longer nterest  plese ht reply  type remove subject lne  remove mmedtely our dtbse                                                                                                                                 plese  plese yourself bggest fvor lfe keep letter untl red crefully  lredy through ml decde keep  throw wy    ve lfe  nt rsk lose best chnce rel securty hppness ssume nythng pont  plese red entre letter crefully before rsh judgment  promse  ll thnk us lter   s lfe been tretng   enough money bnk support yourself fmly   lose job   survve mjor unexpect expense wthout deeper debt fle bnkruptcy   fford nce vcton every wthout flot lon   relstc ffordble ern second csh ncome excess  200  0 per  nswer yes queston  need respond subject  bg money    re lrge dose genune honesty expln esly substntlly mprove fnncl outlook  thnk god bless opportunty shop onlne
whole part,polus@risc1,
dream  need money ,N/A,let show pln work  mny                                                                 20 lest  50  0 less 90 dy   20 mnmum outly  enormous return hed  try   bsolutely nothe lose                                                               electronc mrket progrm work perfectly        mn reson letter convnce system honest  lwful  extremely proftble  lrge mount money short  pproch severl before check  jon one expect return mnml effort money requre  ntlly let one orgnzton ttorney  stonshment  receve  36  470  0 frst 14 week  money stll  sncerely yours  phlp  brown der frend   test opportunty send few eml knd response  mtter sme  response receve mze  try rep money bck  strt lttle nvestment ncome return tremendous exctng     20 s nothng money ml  god bless   20    plese prnt future reference    money  mkng phenomenon   20 prnt letter  red progrm    try    proftble unque progrm   demonstrte prove generte lrge sum money  progrm show fntstc ppel huge ever grow populton need ddtonl ncome  legtmte legl moneymke opportunty  requre contct  hrd work  best  never leve house  except ml  beleve dy lucky brek wt  s  smply follow esy nstructon  drem true   20 thousnd progrm rse cptl  20 strt own busness  py off debt  buy home  cr  etc   even retre  chnce  nt pss  overvew extrordnry electronc mrketng progrm  bsclly   sell thousnd product  5  0 cost us next nothng produce eml  network busness  buld our busness recrut prtner sell our product  every stte u  s  llow recrut busness onlne  computer   product progrm seres four busness fnncl report  ech  5  0 order receve  snl ml  nclude eml ddress sender  fll ech order  smply eml product buyer   s      5  0 yours  gretest electronc mrket busness nywhere       follow nstructons exctly  let s fce  proft worth   re tremendous     remember 4 pont  ll top         n s t r u c t o n  s        s must  1  order 4 report lst number lst below   ech report send  5  0 csh  eml ddress return postl ddress  cse problem  ech person lst  order  sure request ech specfc report  need four report  sve computer resell  2  mportnt   lter nme  sequence  nstruct progrm  proft   nme ddress under report  1 yours  move one down report  2  move nme ddress under report  2 report  3  move nme ddress under report  3 report  4  nme ddress under report  4 drop off lst doubt bnk   plese certn copy  everyone s nme ddress ccurtely     move report  product poston  3  entre progrm text  nclude correct nme lst  sve computer  4   re redy strt mssve dvertse cmpgn worldwde web  dvertse web  nexpensve  hundreds free plce dvertse  nother venue eml ml lst  buy lst under  35  100  0 ddress   20 strt d cmpgn soon  lwys provde smedy servce orders    requred reports    order ech report number nme    lwys send  5 csh  concel  ech order requestng specfc report nme number  lwys send frst clss prorty ml provde eml ddress quck delvery   20                                                   report  1  20   250  0 through multlevel sles  order report  1  g p  o  box 75 wller  tx  77484                                                  report  2  mjor corportons multlevel sles  order report  2  edco nterests  20 p  o  box 1108 huffmn  tx  77336                                                    report  3  20  sources best mlng lsts  order report  3  bll hne 4383 hrmony ln  snt mr  c  93455                                                     report  4  20  evlutng multlevel sles plns  order report  4  n  b  bostrom 3871 hwy 527  hughton  l 71037                                                                     free eml permnent ddress http    www  netddress  com
nt orbit cyberspace  skyrocket ,N/A,lunch onlne sle strtosphere growth       free  sgn 48 hour free  chrge ccess our smpler dtbse over 9 mllon trget  mss ml frendly eml ddress  100  rsk free offer  clck
specific language impairment,N/A,nnouncng specl ssue lnguge cquston specfc lnguge mprment  sl  chldren  guest edtor  hether k  j  vn der lely submsson ppers specl ssue request topc relte lngstc chrcterzton sl chld  nclude lmt syntx  morphology phonology  crosslngustc perspectve  sl theory lnguge cquston  dt expermentl  nturlstc both  dedlne submssons  september 1  1997 pper peer revew follow usul revew polcy lnguge cquston  plese follow gudelne submsson lnguge cquston send 4 mnuscrpt copy  dr  hether vn der lely deprtment psychology brkbeck college unversty london mlet street london  wc1e 7hx  uk
create ,N/A,vcton  most exotc plce erth       flord  specl onlne promotonl vcton pckge s brought lmted  don  t wt  vst our webste nformton prce pckge nfo   sorry  offer vlble trvel gent resle  offer vlble world wde    full detl  http    856777947  k2  pc73  trp  html removl our ml lst plese  http    856777947  k2  pc73  removepge  html
affordable family dental cbe,N/A,over 30  0 dentst ntonwde  ll one ner   10  0 month fmly sve verge 3080  dentl procedure  nclude   routne clen polsh  fllng  root cnl  crown  dentures  brce   selnt prevent cvty   cosmetc dentstry tooth whten veneer   pperwork  preexst dentl problem qulfy wt perod  toll  free doctor loctor number  further detl plese cll 1800  4636021 plese refer d code    jj0521 p  s  cll detl before 28th dentl pln receve optcl pln free  thnk
sle 31,efilb01@yubgss21,
special stream cognitive society,sonuallum@compapp,
gurt 1995  long post ,gl@guvax,
re  6  44 varia  animal  kant innateness,mpicone@ua1vm,
bull    one,N/A,messge compose extrctor pro bulk e  ml softwre   20 wsh remove dvertser s future mlng  plese  reply  20 subject  remove  softwre utomtclly block  future mlng                                                                                   tre those getrch  quck scheme seem poor  rch  compny sure  ern substntl ncome end  hssle   hde fee cost     wnt   http    www  geocty  com  mdsonvenue  7621
re  200  0 1st subscribers ,N/A,compny  cvlcde sport network  nc  symbol  w s p n prce  3   3  0  shre  wspn expect 200  0 subscrber  12 mllon revenue frst operton  wspn ndcte lrgest dgtze sport flm lbrry unte stte  wspn upgrde mmedte  strong buy    http    fnnce  yhoo  com  q  s  wspnd  t 2314
re  answer  per request,johnsonkl334@yahoo,
icslp  98,icslp98@tourhost,
 line sale lead,N/A,re prequlfy sle led  wnt ncrese sle wthout spend fortune dvertse doesn t work  kll yourself coldcl  led genertor  www  ledgenertor  com rel sle led help grow busness  led genertor ml lst  though  plce wste precous dvertse dollr  rther  led genertor ptent onlne servce ctully generte rel  hghqulty sle led busness  mtter re sell  led genertor help qulfy prospects redy  ble buy 24 hour dy  sve money  reduce coldcl  dvertse  telemrket  ggrvton  cost effort sell  ncrese sle  mrket  dentfy prospects  ncrese mrket shre whle reduce sell cost  shorten sellcycle wste less money unqulfy prospects  system  led ll   m web browser http    www  ledgenertor  com  lne sle led led genertor  s someone work  jeff
toc  cognitive linguistic 9  1  1998 ,mouton@degruyter,
re  real life saver  ,N/A,re probbly ws  usully dd nt red unsolcte e  ml m sure gld red  one   don  t let most expensve mstke lfe   red     ll gretful dd                                                                                    hello  nme kren lddell   m 35  yerold mom  wfe  prttme  ccountnt  rule  delete  20 unsolct  junk  eml ccount prmrly busness   receve ssume  20 sme eml countless delete ech  two month  go receve gn   20 ctchy subject lne  fnlly red  fterwrd     ok    m try  20  certnly fford nvest  20  hnd   s nothng wrong crete  20 lttle excess csh   promptly ml four  5 bll  fter  receve report  py frend mne  20 smll fee send eml dvertsement  fter red  report  lern  20 esy bulk eml free   20 prepre result  everydy sx week   p  o  box overflow  20  5 bll  mny dy excess fll extr ml bn  ve  upgrde corportesze box   20 stun money keep roll  husbnd sve severl  substntl downpyment house   20  purchse house 40  down   re  vence  tly celebrte  promse  follow drecton eml  prepre eventully set sde  20 hour ech dy follow  count money     lest much money   20 nt need wz computer   ll bet lredy   open envelope   20 remove money  send ml   re bnk   red  20  ll understnd esy     20    kren lddell follow copy eml red long comment  try                                                                          t e s t m o n l s        progrm work  must follow exctly  especlly  rule try plce  20 nme dfferent poston  wn work  ll lose lot  potentl ncome   m lve proof  20 work  relly gret opportunty reltvely esy  money  lttle cost   20 choose prtcpte  follow progrm exctly   ll  fnncl securty   20 sen mclughln  jckson  ms nme frnk  wfe  dor  lve bel  r  md  cost  ccountnt mjor u  s   20 corporton pretty money  receve progrm  grumble dor  20 receve  junk ml   fun whole thng  spout  knowledge populton  20 percentge nvolve    nt work  dor totlly gnore  suppose ntellgence  20 jump both foot  mercless fun  redy  ly old  tell   20 thng nt work     lugh  wthn two  week receve over 50  20 response  wthn 45 dy receve over  147  200  5 bll   shock  sure  20 fgure nt work  m belever   jon dor  hobby    20 seven untl retrement   rt  rce  s  owe  20 mlm  frnk t   bel  r  md wnt pss long best wsh encourgement   doubt vnsh  20 frst order  even check u  s  post offce  verfy pln legl   20 defntely  works    pul johnson  rlegh  nc mn reson letter convnce system  honest  lwful  extremely proftble   20 lrge mount money short   pproch severl before  20 check  jon one expect return  mnml effort money  20 requre  stonshment  receve  36  470  0 frst 14  week  money stll   20 sncerely yours   20 phllp  brown  esq  gmble type  severl week mnd  prtcpte pln   20 conservtve  decde ntl nvestment  lttle  20 nt enough order lest money bck  boy   surprse medum  sze post offce box crm order  whle   overlod strt pck  20 ml wndow   ll money 10  lfe before  nce thng  20 del nt mtter where u  s   lve  smply nt better  20 nvestment fster return  mry rocklnd  lnse  m receve progrm before  delete  lter wonder  nt try   20 course  de contct nother copy   wt untl eml nother  20 progrm    11 month pss    nt delete one       41  0 frst  20 try   d  wlburn  munce  thrd prtcpte pln  qut our  job  soon buy home  20 bech lve off nterest our money  erth  pln work  20  ske  fmly s ske nt pss  golden opportunty  luck  20 hppy spend  chrle frchld  spokne  w progrm delete eml couple  one dy  decde fnlly try   20 owe over  35  0 bll bll collector hrrse dly   enough money  20 work job  consder bnkruptcy  wthn 90 dy  py off bll  20 ble qut 9 5 job  enjoy lfe buy  whtever wnt  even  20 enough money leve over buy brnd cr  one try   s  gret   try  20   t loose  20 nvestment    relly works     09 crl espn  port rchey  fl                                                                  legl  moneymkng phenomenon  prnt letter  red drecton  red gn                                                                     embrk most proftble unque progrm  ever  mny over   20 demonstrte prove blty generte lrge mount  csh  progrm show  20 fntstc ppel huge evergrow onlne populton  desrous ddtonl ncome  legtmte  legl  moneymke opportunty   requre contct  20  hrd work  best  never leve  house  except ml  20 bnk   20 truly lucky brek  ve wt  smply follow  esy nstructon letter   20 fnncl drem true  follow correctly   multlevel mrket progrm work  20 perfectly    100  every   20 thousnd progrm   rse cptl strt own busness  py off debt  20  buy home  cr  etc   20  even retre   20 chnce  nt pss                                                                                                             overvew extrordnry  20 electronc multlevel mrketng progrm                                                                                                           qute smple  sell product  5  0 cost next nothng reproduce   multlevel busness   20 buld our busness recrut prtner sell our product   every stte u  s  llow  20 recrut multus  level busness onlne  vum computer   product progrm seres four busness fnncl  report cost  5  0 ech   20 purchse report  grnt permsson copy sell   ech order receve vum  20  snl ml  nclude    5  0 csh  nme number report order  eml ddress  optonl   stmp  selfdress envelope send request  report fll ech order  smply enclose request report  stmp selfddress envelope  20 receve ech order  ml product buyer   20  s   5  0 yours  esest electronc  multlevel mrket busness  20 nywhere   20 follow nstructons letter prepred receve  20 stggerng benefts         n s t r u c t o n s        must  1  order 4 report show lst below  cnt sell  nt order   ech report  send  5  0 csh  nme  number  report re orderng  stmped  selfddressed envelope  eml ddress  optonl  person whose nme pper   20 lst next report   20  plce order  sure order ech four  report   20 need four report sve resell    wthn few dy receve  vum ml  ech four  report  sve ccessble send 1  0 s   20 order  2  mportnt   lter nme lst next  ech  20 report  sequence lst   nstruct below  20 step   through  d  lose mjorty  proft  once understnd work   ll nt  work  20 chnge  remember  method test  lter   work   below lst vlble report  b  fter  ve order four report  replce nme  ddress under  20 report  1 nme ddress  move one  down report  2   20 c  move nme ddress under report  2 down  report  3   20 d  move nme ddress under report  3 down  report  4   20 e  nme ddress under report  4 remove  lst doubt collect 50 grnd      plese sure copy everyone s nme ddress  ccurtely         3  entre letter  nclude modfy lst nme   sve  20 computer  chnge nstructon porton  letter   20 4   re redy strt dvertse cmpgn worldwde  web   20 dvertse web  nexpensve   hundreds  20 free plce dvertse  nother venue  dvertse eml lst  buy lst under  20  2  0  ddress py someone mnml chrge cre  sure  strt  20 d cmpgn mmedtely  5  every  5  0 receve  must ml report  order   s  lwys provde smedy servce  20 orders  gurntee eml send    20 nme ddress  prompt cnt dvertse  untl receve report                                                                                                    reports                                                                                                                      order ech report number  nme                     note   lwys send  5 csh ech report  20  lwys send order v frst clss ml  20  sure csh concel wrp lest two sheet  pper  plce sse   20  one those sheet pper  nclude    number  nme  report order   b  eml ddress   self ddress stmp envelope remember put postl  ddress                                                                   report  1   250  0 through multlevel sles   20 order report  1   20 tp mrket group p  o  box 821438 south flord  fl  330821438                                                                report  2  mjor corportons multlevel sles   20 order report  2  sun ngel nvest po box 311 chsk  mn 55318                                                                  report  3  sources best mlng lsts  order report  3  ps nvestment po box 21 crver  mn 55315                                                                  report  4  evlutng multlevel sles plns  order report  4  djs nvestment 601 pmelum dr  clrk summt p 18411                                                                                                                                                                                         here  s mzng pln   money                                                                                                                     let s decde strt smll work   ssume gol 10  20 prtcpte frst level   plce lot free d  nternet esly lrger  20 response   ssume everyone else orgnzton  10 downlne  20 member  follow exmple cheve stggerng result below  1st level   10 member  5                                  50 2nd level   10 member those 10   5 x 100               500 3rd level   10 member those 1  0   5 x 10  0      50  0 totls               55  550 remember frend  ssume prtcpte  recrut 10 ech   20 moment hppen 20 prtcpte  most  100 s prtcpnt   20  cost prtcpte prctclly nothng   surely fford  20    20 obvously lredy nternet connecton eml free     report  3 show most  20 productve method bulk eml purchse eml lst   lst  bulk eml vendor even  20 work trde  50  0 onlne every month                             tps success                             tret busness  prompt  professonl  follow   20 drecton ccurtely   send four report mmedtely  order strt  receve  5 order  must send   20 request product  report comply u  s  postl   lottery lw  ttle 18  secton 1302 1341 ttle 18  secton 3005  u  s  code  code federl reg  vol  16  secton 255 436  stte   20  product servce must exchnge money receve    20  lwys provde smedy servce orders receve   ptent persstent progrm  follow  nstructon exctly  result undoubtedly successful   bove  fth yourself succeed                   success gudelne                  follow gudelne gurntee success  nt receve 10 20 order report  1 wthn two  week  contnue dvertse untl   20  couple week lter receve lest 100 order  report  2   20 nt  contnue dvertse untl  once receve 100  order report  2   20 relx   20 system lredy work  csh contnue roll   s mportnt remember  every nme move down lst  plce front  dfferent report   20 keep trck progress wtch report  order   20 wnt generte ncome  send nother btch eml strt  whole process gn   20 lmt ncome generte busness  note  need help strt busness  regster busness  nme  ncome tx  20 hndle  etc   contct locl offce smll busness  dmnstrton  federl gency  free  20 help nswer queston   nternl revenue servce offer  free help vum telephone free  20 semnr busness tx  become successful moment strt movng towrd worthwhle  20 gol            order reports tody strted rod fnncl  20 freedom
rule,manyman@finuha,
,iulc@indiana,
request,N/A,ncrese personl prestge money ern power through dvnce unversty degree  emnent  nonccredt unversty wrd degree  200  degree grnt bse present knowledge experence  further effort necessry prt  short phone cll requre b  m  mb  phd dplom feld choce  detl  cll 770492  2925 br72
query  write phonology,hfraser@metz,
university durham  chair japanese,N/A,genertve lngustcs deprtment unversty durhm  m dvenport  j emond  sj hnnh  bd schwrtz m tllermn  m young  scholten  elt speclst   jpnese progrmme expnd  however  present lecturer jpnese w mcclure  forml semntcs  cornell phd   longtme orgnser ts jpnese   mcclure presently bss enlrge jpnese est sn deprtment  before focus chnese   jpnese professorshp open  curous chrcterstc unversty durhm serch stff member set lterlly dy rther week  loyl member lngustcs deprtment  further comment strnge fct lfe  nonetheless  dmnstrton honestly determne hre best cnddte   course  mens everythng  dm lttle   thus  bsolutely top cnddte serch   wthn two week  close dte 2 dec  prefer re hstory  lterture  poltcs socl study wthn jpnese study  however  sold socolngust  even one genertve component  compre whtever cnddte bref serch unerth   brevty serch fvour cnddte qute core re seek  fct         key messge  lot publcton mn thng  moreover  durhm bte short top womn stff  socolngustc womn professor jpnese st qute cnddte  mght nce sdewy move round glss cel one s own country   quck move  heck food nt gret  s dmp  s shower  etc    lst lngust bove  consder lngustc event  conference  reserch grnt  etc  recently nvolve durhm  bove frendly too  post begn 1 oct  1995 soon possble therefter  send cv  detl possble  full creer hstory publcton grnt wrd  cover letter  mr  jck boyd  drector personnel unversty durhm old shre hll durhm dh1 3hp uk nclude nme  ddress  tel  fx number 3 referee  ndcte dte jn  feb  present durhm ntervew  uk resdent need send 5 copy  one  specl form  1 pge  mr  boyd send  lngust eml ddress fx send us smll note
home page journal language,mkappus@semlab2,
love profile  ysuolvpv,N/A,hello thnk stop   mny pc hot vdeo  most erotc  stop our guest oodles free fun  clck here enter thnk busness pst  hven
invite ,N/A,hello  nme chrsse   m 18 old student fntstc body love show off  strt work plce where lve computer  whtever wnt  check  s free try  clck here prevew  thnk lot
re  request overview,smithhammel66@yahoo,
,carnoalus@genie,
post spanish italian,towell@mod-lang,
query  font,rreck@emunix,
call tonight     ,N/A,hey on  welcome lrgest most populr dte servce servce every country  cty world re lone tonght         cll    1900  9504669 re goe wy busness trp need compny end       locl sngle meet sngle  cll tody locte grl guy drem       over 3000 grl dly us cll toll free 1888  4484688   ldes cll free                                                        remove our future mlng  plese reply subject remove  eml enter globl remove flter  thnk
gent conference,pala92@engllang,
,ionandr@aifh,
carnie  linguistlist  org,carnie@linguistlist,
dick armey s slip correction,N/A,curous nyone ctully nterest verfy whether rmey s slp ctully slp  snce someone sk dely between utternce  brney fg  correcton  her reply  dely less second  mo  utternce defntely slp slur  fctor support concluson  prt dely  phonology  etc   prmry mong fct rmey nt stupd  s ph  d  economc  poltcl svvy hmself elect mjorty whp  poltclly  lngustclly  tendentous lkely ssert someone poltcl skll dvntge utternce  shme member lst nxous professonl skll  buse  order poltcl pont  two week dscusson nyone ctully nqure dtum  one wonder much lngustc reserch drve gend  qulty reserch    dve whrton
language power bibliography   announcement,listserv@tamvm1,
language teache list,birgitr@bgnet,
eureka,N/A,hey  check  everythg ste free  s ctully stuff everydy  coupon food  dne  nme  clck lnk gret gft mnute  youself  http    ftw  nu hed  clck
sound pattern spontaneous speech,esca@icp,
summary  polish phonology,N/A,too long go post request polsh nformnt lngust hope quck response queston polsh phonology fully ddress lterture  response tremendous  snce detl nterest  snce sure respondent wnt nme  summrze follow  most respondent report contrst between sequence  k  e   kje   g  e   gje   where  k    g   men front velr probbly qute front p  c   though  mnorty respondent report contrst  pprently result recent presumbly spred sound chnge  those speker contrst  most report smlr contrst between  x  e   xje  sequence  lthough one two  contrst   x  e  v   xje   both dstnct  xe   specl nterest ttest form pper before one suffx  rther peculr one  suffx spell  ewcz form nme stnkewcz bnchewcz  cler nme estern polnd   x  e  pronuncton thus borrow stndrd polsh estern dlect ultmtely est slvc  belorussn  ukrnn   synchronclly  however  genune contrst one specl nterest those phonologst nterest unversl govern possble system contrst  e  g   lexcl phonology s structure preservton    gret thnks everybody respond fr  once verfy whether uthorze publcze s nme post  nonymous  cknowledgement  ddtonl nformton topc welcome  lexs mr
background  ,N/A,locte nyone nywhere us old frends    lost loved ones    dedbet dds moms judgment debtors    fugtves our fee s  50  0 gurnteed locte  socl securty number  our fee s  75  0 gurnteed locte wthout socl securty number  nformton need  usully much  depend  sometme nme  helpful nformton consst ddress   current   socl securty number lwy helpful  det brth  bsclly nformton feel  serch perform  sset    crmnl bckground    mrrge  dvorce    workmn compenston    busness credt report    drver lcense record    non  publsh phone number    ntonl rel estte    socl securty deth fle    bnkruptcy len judgment    corporton profle ntonl    credt report personl corporton    pre  employment bckground pre  trl comprehensve report    bnk sset nformton    sfe depost serch    stock  bond  etc            serch us           nformton cll sk mchel jenkn cll toll free 1800  4645458 vs    mstercrd    dscover crds ccepted      24 hour servce      8  l  dlccess
,N/A,hello  our nughty lttle cty mde especlly dult http    208  26  207  98  freeweek  enter  html once here  wont wnt leve
iscll3,N/A,thrd nterntonl symposum chnese lnguge lngustc tenttve progrm conference dte  july 1  3  1992 conference ste  nterntonl conference hll  ntonl tsng hu unversty  hsn  chu  twn  roc progrm july 1 9  10  9  30 open ceremony 9  3010  20 keynote speech  jme d  mccwley  justfy prt speech ssgnment mndrn chnese  10  2010  40 brek 10  4012  10 sesson hung shun  fn  lexcl nnovton semntc chnge jme h   tus  ctegory shft wordformton redundncy rule chnese  ls l  s  cheng  compound lexcl reltonl structure  12  10  1  30 lunch 1  30  3  0 sesson  hsn  hseh  lexcon morphology compostonl cogntve grmmr  rchrd sprot chln shh  source constrnt mndrn morphology  feng  hsus lu  synthetc compound chnese  3  0  3  20 brek 3  20  5  20 sesson  shen y  mng  rgument structure resulttve verb compound chnese  chee lck ho  x b y  specl compound pttern nne yue  lexcon syntctc chnge  lexcl dffuson chnese syntx chn  f len  recprocl pronoun southern mn dlect  dchroncdlect pproch  july 2 9  3010  20 keynote speech  robert l  cheng 10  2010  40 brek 10  4012  10 sesson v mtthew y  chen  phonologcl dgnostc morphosyntctc sttus  dme xu  lexcl morphologcl condton mndrn nsl vrton  yu  cho hso  theoretcl proposl mndrn prosodc morphology  12  10  1  30 lunch 1  30  3  0 sesson v huus  kung  word order  specfcty object poston mndrn chnese  zhng zheng  sheng  dscourse genre spectul mrk chnese  guo jnsheng  rght  dslocton rght locton   fterthought phenomenon mndrn mrker speker  ntenton  3  0  3  20 brek 3  20  5  20 sesson v ke zou  chnese b  constructon  morphosyntctc nlyss  hongm zhng  c  commnd pproch morphosyntx  sylvum chen dngxu shus  feed relton between syntx morphology  evdence chnese nomnl v  n compound  weus  ten tsus  note zemeyng fmly  morphosyntctc study  july 3 9  3010  20 keynote speech  c  t  jme hung 10  2010  40 brek 10  4012  10 sesson v llly chen  dectc verb lus  khus    twnese  wynn cho  negton clusl structure chnese meus  chun lu  verb  noun dverbl functon  grmmtclzton  ju   cus  mndrn chnese  12  10  1  30 lunch 1  30  3  30 sesson v smuel c  s  leung  development cntonese spect mrker  gn  cntonese  spek chld  thom hun  tk lee  two cquston study quntfcton shen xonn  study rhythm mndrn prosody  chng meus  chh  prmetrze ccount tone sndhus phenomenon chnese 3  30  4  0 brek 4  0  4  50 keynote speech  t  c  tng regstrton form nme  sex  ml ddress  fflton  e  ml ddress   regstrton fee  proceedng 3 lunch box nclude   speker  free udence  us  30 b  ccomodton  moonlght hotel  hsn  chu cty  sngle room provde free chrge speker 4 nght  june 30  july 3  b  locl rrngement commttee reserve room moonlght hotel prtcpnt servce desre  1  nghtly rte per sngle room  us  35  50 2  nghtly rte per double room  two bed   us  51  0  plese ndcte shre roommte py roommte  c  post  symposum buffet  speker  free b  udence  us  22 totl   b  c  plese send regstrton form pyment before june 10  1992  both spekers udence regster
sum  verbal  pronominal feature difference,fvpelalum@sd,
re  6  108 sum  word own opposite  part 2 ,N/A,ve enjoy dscusson word own ntonym  frst clssc exmple ltn ltus  hgh   deep  ft  fgure unmrk pont vew  clen empty swm pool  deep  become  hgh   lst comment    one long wonder  rsk   rsk wn gme   shock  teenger  frst  rsk lose gme   somethng  prnt  prevously  stll nclne towrd  complement rsk desrble result  undesrble one  whether ft dscusson  wonder nyone else smlr  opposte  recton thought s cse  rsk   benjus
 7 money maker e  mail service,N/A,plese follow nstructon letter crefully  mmedtely prnt red twce  greetng hopefully nme stll lst below  retre ttorney  two go mn letter  letter brng sme letter front  sk verfy fct letter legl  tell revew bck  frst red letter offthe  wll de money  week lter meet gn clent dscuss ssue  tell letter orgnlly brng 100  legl  clent sk lter letter 100  legl  dvse smll chnge letter rght  curous letter  tell work  long shoot  decde gnst prtcpte  before clent leve  sk keep updte result  two month lter cll tell receve over  800  0 csh    ddn t beleve  sk try pln myself  few dy decde much lose  follow nstructon exctly ml 200 letter  sure enough money strt  slowly frst  fter three week open dy  fter three month money stop  keep precse record ernngs end totl  868  439  0  ern lve lwyer  nyone legl professon tell  lot stress job  tell myself thng work retre prctce ply golf  decde try letter gn  send 500 letter   three month fter totl  2  344  178  0  couldn t beleve  meet old clent lunch work  tell few smlr letter round  one dfferent fct seven nme letter  fve most  fct lone result returns  fctor dvce sure whole thng perfectly legl  snce one wnt rsk nythng llegl  bet curous lttle chnge tell   send letter  legl  must sell somethng expect receve dollr  tell nyone send dollr must receve somethng return   send dollr ech seven nme lst  must nclude slp pper plese put ml lst nclude nme  ml ddress eml ddress  phone  optonl   key progrm  tem receve dollr send seven nme below  letter rght ern thousnd  work together mprove ech s lfe  follow smple nstructon below exctly  less three month receve over  800  0  0 gurnteed      mmedtely send  1  0 ech seven lst below  wrp dollr note  type hndwrtten  plese dd ml lst nclude nme  ml ddress  eml ddress  phone number optonl  1  lbm enterprses 167 hmlton st  ocensde  c 92054 2  cms cybermrt po box 153 lnden  tx 75563 3  kln 6719 s  109th e ve  tuls  ok 74133 4  w  f  h  po box 774 butler  nj 3845 5  m  brd 658 shenndoh ve  sn mrco  c 92069 6  mtc 15 hrtck ct  bltmore  md 21236 7  jtk po box 21177 st  petersburg  fl 337421177 b  remove nme next  1 top lst move rest nme poston  plce nme  7 spot  best sve fle enter nformton lne  7  creful type ddress proof red  c  complete bove nstructon opton ml letter two  1  through us postl servce 2  through e  ml  letter prove perfectly legl both long follow bove nstructon  purchse membershp our exclusve ml lst  ml over nternet  browse through re send  cut pste eml ddress wherever nternet  remember  doesn t cost nythng ml nternet  mss e  ml network ml lrge volumes  hghly recommend one  lwy eml mount purchse ddress fresh  e  ml letter nme ddress poston  7 bove  cll bulk eml compny  lowest rte net  fst  effectve returns provde excellent servce   760430  1067    wnt eml mny  brng bg pyoff  compny most effectve progrm     keep mnd lmt mount nme send  nme send money  strongly encourge ml letter fmly frend reltve     s servce s 100  legl     refer ttle 18  secton 1302  1342 u  s  postl lottery lw  ssume  exmple  7  5  return rte  conservtve  frst ttempt 9  5  second over 11   1  ml 200 letter  15 send  1  0 2  those 15 ml 200 letter 225 send  1  0 3  those 225 ml 200 letter 3  375 send  1  0 4  those 3  375 ml 200 letter 50  625 send  1  0 5  those 50  625 ml 200 letter 759  373 send  1  0 6  those 759  375 ml 200 letter 11  390  625 send  1  0 pont nme drop off lst   frst sx level receve over  813  615  0    work every  depend mny letter send  exmple bove  ml 200 letter  ml 500 letter  receve over  2  6  917  0  check mth yourself  wnt  gurntee correct   knd return  ve try  try once gn   gurnteed    sure send dollr ech seven nme lst note dd ml lst  together prosper    p  s  ve red fr  let sk one smple queston  q  lose    7  0 gn ncome  exmple letter  smll rsk  smll expense  huge potentl returns    relly lose  nvte jon our ml lst tody   wshng hppy success excellent1998  p  p  s 95  return pont    need compny send bulk eml cll cyber bulk 760460  1067  provde excellent servce lowest prce net
 64,lak@hamarlh,
prodigious nfl picks,N/A,hello sportsfns     vd sportsfn myself    20 enjoy d   prodgous pck ssocte   one best sport hndcp system country  our predcton decde consensus  20 nlyss system predcton seven best hndcppers country     one thousnd  20 cller phon us pst week   20 lredy prove ourselve  chnce  20 us cll yet  wnt nform 19  6 lne  pst two week  76 percent    nclude wn 10 12 bg  pcks 6  2 nfl plyoff  reson  feel extremely  confdent two wn pck sundy s chmponshp gme feture denver pttsburgh green by sn frncsco   20 sure our predcton cll two  bggest pcks    nt lose money try pck gme  20 yourself even cll hndcpper whose prce per cll   20 much expensve ours  let us work  money   20 us cll fter frdy delver          20 1900  7739777  10 per cll  20 must 18 older p  s  fter wn 1000 sundy  us cll mondy our wn bsketbll pck  wn super bowl pck fter jnury 22   20  20  20
did information yet ,N/A,vcton  most exotc plce erth       flord  specl onlne promotonl vcton pckge s brought lmted  don  t wt  vst our webste nformton prce pckge nfo   sorry  offer vlble trvel gent resle  offer vlble world wde    full detl  http    856777947  m  nutty2  trp  html  must nternet explorer
submit 600,N/A,spm  receve messge member sfeml lst  wsh prt lstclck here                                                                  wnt ste found submt 600 s defntely web ste lttle unless those nterest  submt web ste 600 dfferent serch engne drectory  gurnteed submsson mjor serch engne nclude  lt vst ol netfnd excte hotbot nfoseek lyco  mgelln northernlght plnet serch web crwler yhoo  netscpe snp  com sve yourself trouble promote web ste submt600 tody    40 mllon web ste 400 mllon web pge dd every dy  thus  tody chllenge ever ste esly  wnt ste found clck here trouble log our url plese eml us request nformton regrd submt 600 clck here
finalist announce         ,N/A,dult   dre   clck
sum     ,bfwhite@watson,
analysts choose  adlu  microcap bestock pick,N/A,beleve optn polcy  request nvestor eml  plese reply  off our eml lst utomtclly  reply remove   dlu  otc  bb  ptent  trdemrk product  top mngement  sec form 10 report complnce  bg four ccount udt  nterntonl dvertse cmpgn  dgtl mge nternet pplcton  nvestor relton  smll flot  mcro  cp everythng rght                                                                                                                            der nvestor  nlyst bestockpx choose dlu mcro  cp june  99 frst pck  swss bse  surfce cot technology compny everythng nvestor  dlu consumer mrket  dgtl mgery nternet prnt pplcton  85 bllon photogrph per trget mrket grow  reserch mnufcture process compete drectly dlu s ptent  trdemrk  brghtec  lklne rreerth lumnescent technology  dd strong mngement  stchus  stchus dvertse cmpgn  full sec form 10 report complnce  tg ernst young ccount udt  smll shre flot undervlue shre prce compnent bestockpx mcro  cp  frst pck                                                                                                                             bestockpx nvte nvestgte ccurcy our reserch  develop publcly vlble source  our  pck  bse potentl sgnfcnt returns  endorsement solctton purchse stock securty  receve full lst bestockpx monthly  nnul fee  50 u  s   plese reply eml  subscrbe  subject lne                                                                                                                            bestockpx nvest  frst pck  recomendton currently own shres dlu common stock                                                                                                                           d send complnce sente bll 1618  ttle 3  secton 301  http    www  sente  gov   murkowskus  commercleml  s771ndex  html
submit 600,N/A,spm  receve messge member sfeml lst  wsh prt lstclck here                                                                  wnt ste found submt 600 s defntely web ste lttle unless those nterest  submt web ste 600 dfferent serch engne drectory  gurnteed submsson mjor serch engne nclude  lt vst ol netfnd excte hotbot nfoseek lyco  mgelln northernlght plnet serch web crwler yhoo  netscpe snp  com sve yourself trouble promote web ste submt600 tody    40 mllon web ste 400 mllon web pge dd every dy  thus  tody chllenge ever ste esly  wnt ste found clck here trouble log our url plese eml us request nformton regrd submt 600 clck here
re  genderless,ortmann@ling,
95  8 capital fm,N/A,unsubscrbe eml http    cptlfm  com  unsubscrbe                                                                  http    cptlfm  com july 7 july 21   prty prk  re  lve experence rght here   festvl gude  99  wn tcket red leed   under spotlght  sefrut suede   lve revews  ln morrsette  celne don   wcked women  wn our competton  specl offer   dj pcks  steve penk led revew blur   cptlfm  com shop  best prce musc                                                                   much  much http    cptlfm  com  prty prk  re  lve experence rght here  sundy july 4th 30 chrttop rtst ply lve front 100  0 fn d prnce s trust  re  lve experence check our exclusve photo rchve our cht str   festvl gude  99  wn tcket red leed  pln ctch lve musc open r summer nt mss our festvl gude  wn tcket red leed  s ply  most mportntly survve festvl experence  plus stck offer bck ctlogue cds rtst ply summer   under spotlght  sefrut suede  spotlght turn bnd strt s  sefrut frst sngle suede redy performnce v99 next month  ctch ple pst under spotlght ntervew   lve revews  ln morrsette  celne don  two superwomn vst cptl week redy  wn us over turn our stomch lve performnce   ll close personl   wcked women  wn our competton  specl offer  wck women concert july 24th hyde prk beneft brekthrough brest cncer memory ronn s mum  ronn  mrtne  republc  honeyz ply  wn bg our competton check our specl offer   dj pcks  steve penk led revew blur  penky pck blur sngle  coffee tv  fvourte trck off lbum  13       cptlfm  com shop  best prce musc  ltest lbum relese nclude rcky mrtn  specl summer complton offer bsement jxx s second sngle pck both sngles lbum specl prce  sure check ste july 20th our oneoff boybnd offer  preorder forthcome lbum relese   preorder desptch sturdy pror relese dte delvery dy relese  plese llow three work dy uk delvery  uk delvery 1  0 sze order  much  much http    cptlfm  com                                                                  dvertsement check mrvn tmr webste  ctch groove summer mrvn tmr fntstc sngle  groove mchne   hl croydon wlthmstow  two young londoner pop world storm  sngle ooze summer vbes  full motown nfluence  s bet  s fresh s most defntely ctchy  check webste www  mrvnndtmr  com vdeo box selecton  542                                                                   dvertsement constellton csno specl promoton constellton csno  premer csno nternet offer specl del cptl rdo regster member  sgn between june 22nd july 21st follow url receve  30 free ccount    http    www  vrtcsno  com  csno  cptlrdo  htm try offer  ply blckjck  vdeo poker bccrt onlne enjoy qulty grphc ls veg wn odds  best bet nternet    plese  note one sgn per vstor llow                                                                   dvertsement sound   one coolest feture cptl ste course our strem udo   re modem  sound ever crckle mybe cutout modem cnt downlod fle fst enough keep  need bt hghwy  strem udo  vdeo mtter  work even better bt hghwy s 128k dgtl ccess  fct whole nternet experence better bt hghwy  work convert exst bt phone lne hghspeed dgtl system two lne once nsted one before  nterest  keep lsten prce converson hlf prce  resst  let s check webste http    cptlfm  com clck smll blck button top lsten lve select lnk below  http    www  hghwy  bt  com                                                                dvertsement shroud secrecy    relnd  4th july  become pln mr mr beckhm ceremony stll shroud secrecy  wn drem wed dress honeymoon our posh beck wedd competton  clck below    http    cptlfm  com  webweddng
language policy,N/A,dmttedly   m mddle dscusson  mss erler messge  however  strke m  hle s dsturb feelng  reference  nonlngustc  ssue  ctzenshp   ethncty    mnge lnguge pln project wthout consderton nonlngustc fctor  ddton study lnguge tttude  government polcy pst present  lnguge educton socl moblty  etc  etc   somethng else perhp    whle lnguge plnner  s  fvor legl restrcton outrght  legl promoton lnguge lnguge  seem opposte course  ctully led unoffcl restrcton lnguge  s   someone menton cse spnsh englsh us  week her rdo  npr   news report monolngul englsh speker cnt work mmus re nt spek spnsh  report reference poltcn s support englsh offcl lnguge us   ntonl  federl level  one rgue spnsh mnorty lnguge  locl  cty level  one rgue  here cse promoton spnsh led unoffcl restrcton englsh  speker  lest cty level  term employment opportunty  pont defnton  mnorty lnguge  depend specfc stuton  currently nvolve smllscle lnguge pln project  cpcty drector  toughest decson cross  nonlngustc  fctor   emoton  feelng de towrd nt spek lnguge  even smll project extremely complex  deborh du brtell  ph  d  lngustc progrm ednboro unversty pennsylvnum ednboro  p 16444 us 814732  2736
auto insurance rate too high ,N/A,der nlpeople   m sure  ll gree uto nsurnce cost too much  even drve record   routne  rte ncrese drve cost through roof  dscover mny sgn excellent compny mzngly low rte  hlf most rte  ve shop round nsurnce southern clfornum  most ether qulfy frend qulfy love  nt qulfy  nother compny operte severl western stte cheper mny compny clm  lowest rte vlble   send  2 csh  pv 1257 n kenmore ve  2 lo ngele  c 90029 fold pece pper e  ml ddress rush nformton rght wy  prefer hrdcopy prntout  enclose selfddress  stmp envelope  p  s  bonus nclude two mechnc s tp sve lot certn common repr job  quck esy check generl condton engne  nt repr mnul book before  gret home mechnc
free stealth 3  0 bulk email software   ,N/A,relesed    30  0  0 eml ddress  plus 12 bonus    nclude free stelth 3  0 bulk eml softwre ddress less 21 dy old  ern nsne profts rght formul product  servce  messge   20 thousnd  hundred thousnd  even mllon   20 severl opton  trdtonl method nclude prnt dvertse  drec  t  20 ml  rdo  televson dvertse  effectve    20 two ctch   re expensve consumng   20  one shot messge her   20 rght  nternet   globl communcton fronter  chnge  20 drmtclly  nclude countless ndvdul welthy   20  electronc mrket   s commonly refer  effectvely  20 level ply feld type busness  nternet mrket group onlne mrket busness  20 over 5  help gol true   20 help mny ndvdul succeed mrket product  20 effectvely  s smple  fct soon  20 problem csh send  20 bulk eml   20 here one mny true success story    ml 1 1  2 mllon eml one our customer   20 sell home worker mnul  29  95  hbe result  20 typcl scry  over 700 order  700 x  29  95  3d  20  0   20 gentlemn mze  fter skeptcl   20 relly hppen   nche  nche  20 eml  buy our full lst set lfe le  ss  20 sx month  sell smple mnul vum e  ml  one mny success story her everydy   20 sound true   tell  rell  y  20 work  why else mny ndvdul   20 wste  meg buck  nt even hestte one mss most  20 effectve mrket nywhere   perod   20 here  s bottom lne here order tody    30 mllon eml ddress    1 per lne smple text formt cd   2e multple fle 250  0 greter  code need open fle    20 receve eml ddress follow domn    ol   20 prodgy  compuserve  delph  gene  juno  ppelne   20 ntermp  msn  mc  5 mllon mxed eml  20 ddresses   com   net   nme lst bove seperte  20 fle domn nme convenence  plus bonus specls      2 free bulk eml progrm    pegsus eudor  ble lod our nme 2 dstrbuton lst softwre s   20 crete dstrbuton lst sve hour work  mmedte   20 round clock lunch  whp mny dstrbuton  20 lst  depend speed modem  20 length messge  ble send round 10  0 30  0 messge per hour free     stelth mss mler  bulk eml  most populr bulk  20 emler world  full work veron progrm   20 product send over 250  0 per hour   vlue  399  0    setup nstructon tp stelth mss mler    free check fx softwre    299  0 vlue    where free web pge    super note pd    softwre help mnge lrge text  20 fle    wnzp self extrctor    progrm need decompress compress fle  hndy  20 del fle zp formt    over 5  0 plce dvertse free     proft 2500 sery     7 mnul tech mrket  20 nternet offer work one sty cler   20 show where web desgner free much   20 much  everythng  99  0    specl bonus    order wthn 24 hour deduct  20  0 lst prce  lmt  prevously sell seven mnul lone over  400   20 complete pckge low prce  79  0 nt even hestte one   reserve yours tody  lst completely free duplcte  contnul  20 bss  dd nme remove undelverble remove  20 request   20 result clenest eml ddress vlble nywhere  20 over over gn  frcton cost  20 compny chrge  typcl rte cqure eml lst  20 1 cent hgh 3 cent per eml ddress  s  nformton hghwy  robbery   protect e  ml ddress  1st  send e  ml stelth mss mler  progrm w  ll protect eml ddress whle send e  ml speed 250  0 messge per hour  28  8 connecton   2nd  collect nqury remove request vum utoresponder  usn  g utoresponder  nt even red flme  move remove lst forget  strt ern meg money strt  order our eml pckge  smply prnt ez order form  20 below cll us nytme  ccept vs  mstercrd  mercn express  personl check  20 money order                                          ez order form  20 cll our 24 hour order lne  1561  6970657  order  deduct ddtonl  2  0 phone order   20      ye  order 30  0  0 eml ddress  20 plus bonus  99  0      order wthn 24 hours  plese deduct  20  0 prce totl  79  0  plese select one follow shp      receve pckge overnght   m nclude  20  12 shp      receve pckge prorty delvery   m nclude  20  4 shp      plese dd  10  0 order outsde u  s  dte                                                      nme                                                     ddress                                                  cty  stte  zp                                           phone number                                          eml ddress                                           type credt crd   20       vs      mstercrd     mercn express credt crd                                            exprton dte                                         nme crd                                           mount                      20 sgnture  x                         dte  x                                                                       best luck   pologze e  ml send error  permnently remove ml lst smply http    www  ntspm  org thnk  thnk   e7  11 sesson 10 se
secret noveau rich,N/A,stumble upon somethng rel lfe chngng  work full prt pce   home offce  mlm  scm   job tour prospects through turnkey system utlze strong support tem llow ccess understnd powerful opportunty vlble through ssocton  personl selle   complete trn tem support fngertp   mmedtely   1  0  0  5  0  0 per week typcl most ssocte wthn thrty dy  turnkey led vlble                                                                                           homebse busness opportunty  lucky dy  over twenty thousnd ndvdul  lkemnd entrepreneur  ntent upon proft  wthn four  turn onetme nvestment powerful money operton  mny excess  50  0  0 per month  sk spek her story  growth progresson wthn ssocton llow trvel exotc plce  lern secret welthy   money keep  hndson educton mny welth buld opportunty  s rght  re redy  roll sleeve work   clck lnk below contct                                   clck here          clck here put word  succeed  subject feld plus nformton below clck send                                                        plese nclude follow  wthout nformton contct                                                       nme home work phone number best contct                                                              remove ml lst clck lnk below  clck here put word  remove  subject feld clck send
free enterprise  6 figure 6 mth  selle  mlm  ,N/A,3d  3d  3d  3d  3d  3d  3d  3d  3d  3d  3d  3d  3d  3d  3d  3d  3d  3d  3d  3d  3d  3d  3d  3d  3d   3d  3d  3d  3d  3d  3d  3d  3d  3d  3d  3d  3d  3d  3d  3d  3d  3d  3d  3d  3d  3d  3d  3d  3d  3d   3d  3d  3d  3d  3d  3d  3d  3d  3d  3d one ml  need ht reply seek  remove lst  thnk     3d  3d  3d  3d  3d  3d  3d  3d  3d  3d  3d  3d  3d  3d  3d  3d  3d  3d  3d  3d  3d  3d  3d  3d  3d   3d  3d  3d  3d  3d  3d  3d  3d  3d  3d  3d  3d  3d  3d  3d  3d  3d  3d  3d  3d  3d  3d  3d  3d  3d   3d  3d  3d  3d  3d  3d  3d  3d  3d  3d  3d  3d  3d re frd success  let scre deth  hello entrepreneur  nme dve strkey  queston      20 ern    mmedte  substntl  5  0   10  0   20 monthly ncome    lttle 4590 dy   requre   20 telephone  show generte sx fgure ncome  20 severl month   m tlk elusve drem resdul ncome network  20 mrket  mlm  chn letter onlne scm   20  m truly ern much every week ever before ern  20 monthly chse success progrm   20  0 frst month   ll tech    mny   3d  3d  cll  step 1  cll 850654  7727 ext  6200 8 mnute bref overvew  try ccomplsh  yes  8 mnute toll cll   cost pproxmtly  1   her   20 step 2  cll 800322  6169 ext  9508 leve nme phone number best  rech  contct personlly order cll  receve much nformton requre  best decson possble future  step 3  menton  eml d2  messge  serously   nyone  even better  best success  thnks  sncerely  dve strkey
2  882 s   np np,N/A,s much restrctve s   np np  s   np pro qute overrestrcton
unique email advertisement,N/A,hello follow nformton men spm upset nyone  why nclude dvertsement subject lne opton delete before open messge  relble nternet compny full nternet mrket  whtever need mrket busness product    m  help cheve success  plese tret nother pece junk ml  me success    m  estblsh 1994 help mny nternet mrket busness product successfully  sell rndom bulk eml lst  nor dvertse dult ste chn letter  rght lrgest form communcton through nternet  1998 nother record brek  over 60 mllon nternet ccess world wde  number contnue rse rte over 40  0 per month  best mrket product servce through nternet  rndom bulk ml  sk  why send one pece eml  nformton follow sme prctce nternet dvertse  nternet communty beneft drect dvertse  sk offer      custom trgeted eml ddresses mtter trget  comple gret lst busness nterest offer   nstnce  send newsletter nterest mlm  comple lst currently nvolve mlm  lst busness opportunty  comple lst  tell us trget  comple lst  even trget lst geogrphclly  exmple    busness sell cd s  compny bse ny  gther lst ny nterest cd s  clent nvolve mlm  sk us trget 1000 opportunty seeker strt  surprse 7 downlne one ml  nother clent wnt send letter brdwtcher  trget 5000 brdwtcher    become hppy clent ours  trget   nvestor  busness  nterntonl ddress  womn  mn  ge group  cte  stte  doctor  lwyer  etc     our clent result 140   trget mlng strt  50 per thousnd  offer better prce hgher quntty  complete prce trget eml 1000 trget eml ddress  50 us eml  50   100 2000 trget eml ddress  85 us eml  85   170 5000 trget eml ddress  250  chrge us eml  10000 trget eml ddress ml  500 100000 trget eml ddress ml  1  0 1 mllon gurntee trget eml ddress ml  5  0 offer gurntee our lst trget topc  keep mster fle our clent order gn never duplcte ddress us emlng eml reply drectly eml ddress  prefer ml yourself  sell eml softwre  here few  rpd fre ml server     turn computer ml server  495  0  free demo  stelth mss mler    send eml rte 100  0  per hour  395  0  free demo  ml pusher     newest bulk eml softwre  gret progrm   300  0  free demo  servces offered   m  webste mrketng pckge plce webste top serch engne  our best result nfoseek  gurntee top 10 lst   300  0 frst month  300  0 every month fter complete web mrketng pckge  1  trget eml mount 200  0 per week  2  post webste bbs  nternet bulletn bord system relte topc   3  url lnk ste relte topc  3  newsgroup postng  1000  per month  4  bnner d relte subject serch  5  webste submsson serch engne gurntee 1st pge plcement nfoseek submsson top 8 400 serch engne postng  submsson  bnner d url dvertse reply eml ddress copy every plcement where d nternet  totl prce complete mrket pckge  2500  0 per month busness  product  wnt nformton  need further    m  here help   full servce compny  help dvertse need  plese cll us toll free 1800  9427913 tody  forwrd her hppy nswer queston  once gn  our gurntee pece eml receve us  wsh success future  gn our toll free number 800942  7913 our fx  732367  2229 ccept    vs  mstercrd  mercn express check fx thnk
,coffee@northcoastcoffee,
gurt 1995  conference program ,gl@guvax,
re  6  793  qs  mohawk  russian  bann german  mel  cuk,jpkirchner@aol,
q   english ,N/A,content  length  1562 recent query ww er suppresson germn ow brng nother ssue  mny lngustcs feld commonly term  englsh  men movement whose member  mny whom nonntve englsh speker  refer themselve  offcl englsh movement   term  englsh   possbly ntentonlly  mply totl bn lnguge  propose  offcl englsh  mendment  ve one propose orgnzton u  s  englsh  stte clerly construe restrct lnguge englsh prvte lfe  dly busness ffr  stuton speker s sfety stke   ve poll  prtculrly clfornum  clm nywhere 60  85  vrous mmgrnt group  ffect mendment  ctully fvor one  drect opposton ctvst group clm represent  cnt mgne fvor  englsh  mendment plce totl bn ntve lnguge  leve sde blnket de  lfe poltcs   nyone tell recent cse   30  lw completely bn lnguge englsh vote somewhere u  s   nt s mpossble  d one   jme krchner
luck    ,N/A,dult   most fun st   clck here
uce  successful,N/A,unusul project  des  everyone mllonre nonproft foundton seek successful  wlk lfe  20 extend experment 1  crete gret personl welth  prtcpnt 2   20 prtcpton self study course lwy whtever  wnt desre   20 wthout lmt compromse  pplcnts must pror success  20 feld  feld  temwork skll wllngness lern  essentl  must  20 ble devote snglemnd focus sx month  project  must possess  20 desre freedom personl welth crete  must  work lrge  20 mount csh  short telephone ntervew determne  potentl  20 sutblty poston  project s everyone   cll 1800  3723134 x 2002 leve number  hold strct  confdence   20 dy cll followup ntervew  eml   20
query  email address,jule@nynexst,
book  germanic linguistic,service@benjamin,
internet pc user group,download@www,
discourse colloquium  final program,dever@isp,
gotta    ,N/A,thousnds dollr spm  thousnds eml ddress  here somethng money  cost  5  helps solve spm problem net  clck here  http    wsus  com  sfeddress  nfo  dc  reg  1685 thnk
update  ausschreibung professur allgemeine sprachwissenschaft,N/A,hnwese zur bewerbung uf ene c4  professur fuer llgemene sprchwssenschft der unverstet hedelberg  de usschrebung st erschenen  usschrebungsdenst de deutschen hochschulverbnd   usgbe 3  vom 12  jnur 1995  rhenllee 18  d53173 bonn  telefon  49 228 36 40 2  fx  49 228 35 34 3  ensendeschluss fuer bewerbungen st der 22  februr 1995  her en pr hnwese zur bewerbung uf ene c  4 professur deutschlnd  de bewerbung muss enthlten  en nschreben den dekn der neuphlologschen fkultdt der unverstet hedelberg  huptstrsse 120  d69117 hedelberg  dss mn sch um de stelle bewrbt   en tbellrscher lebensluf  enthltend schulsche und unverstere usbldung  beruflche lufbhn  sprchkenntnsse  evtl  uszechnungen und wchtge prvte verheltnsse wr hert  knder   ene lste der veroeffentlchungen   ene lste der gehltenen lehrvernstltungen  mn knn belebge hnzufuegen  wenn e fuer ene gute presentton geegnet erschent  uch de eussere form st ncht drekt geregelt  offprnt der schrften brucht mn noch ncht enzusenden  mn wrd dzu engelden  wenn mn de engere uswhl kommt  noch en hnwe zu qulfkton  deutschlnd st fuer dese stelle de hbltton ene vorussetzung  d   en spezeller kdemscher grd zusetzlch zur promoton   von uslendern werden glechwertge qulfktonen erwrtet  d  h  der regel  dss mn schon professor sen muss  wenn mn sch um dese stelle bewrbt
wow    incredible ,N/A,vcton  most exotc plce erth       flord  specl onlne promotonl vcton pckge s brought lmted  don  t wt  vst our webste nformton prce pckge nfo   sorry  offer vlble trvel gent resle  offer vlble world wde    full detl  http    856777947  l  blckkey  trp5  html
beat irs  payno ,zz214@usa,
book  comparative general grammar,pub@roslin,
sample adult,N/A,dults fve mnutes free tody  clck here ddress gn  http    208  220  30  2  pmsph
press release  6  28  99 cd vol  5,takeoff17@usa,
word own opposite  part 2 ,aeulenbe@indiana,
re  8  810  sum  french loan word  language evolution,N/A,summry french lonword englsh  bugh 10  0 word fgure jespersen s  growth structure englsh lnguge   jespersen bugh ctully try count  fct  s worth jespersen sort fct  chpter french nfluence book    suznne kemmer
capitalfm  com,website@www,
affordable family dental cbe,N/A,over 30  0 dentst ntonwde  ll one ner   10  0 month fmly sve verge 3080  dentl procedure  nclude   routne clen polsh  fllng  root cnl  crown  dentures  brce   selnt prevent cvty   cosmetc dentstry tooth whten veneer   pperwork  preexst dentl problem qulfy wt perod  toll  free doctor loctor number  further detl plese cll 1800  4636021 plese refer d code    jj0625 p  s  cll detl before july 1st dentl pln receve optcl pln free  thnk y
capitalfm  com,N/A,http    cptlfm  com  nother level  cht lve group tuesdy   whtney houston  wn whtney s entre bck ctlogue   b  wtched  red book extrct wn sgn copy   ltest brgns  pck ltest cds 9  99   westlfe  ronn s bnd under spotlght   dj  pck tp djs wn                                                             nother level  cht lve group tuesdy  s stop wyne  dne  bobk mrk  off uk tour prl strem fb relese   ll here webcht even tuesdy 23rd mrch  strt tough queston   whtney houston  wn whtney s entre bck ctlogue  s dv end  celebrte success fntstc lbum   love love    ll offer chnce wn lbum  plce best prze   b  wtched  red book extrct wn sgn copy  every week untl lunch prl extrct b  wtch s book  everythng possbly wnt edele  kevy  sned lndsy  bck ech week pck b  wtch book token wn sgn copy   ltest brgns  pck ltest cds 9  99  lwy best musc mze prce  sometme ourselve  pck ltest lbum lkes blur  brtney sper  kulum shker emlum 9  99 rght here   westlfe  ronn s bnd under spotlght   ve brely begn  re huge  ter hottest bnd wy ronn ket s gude hnd st under spotlght probe  frnkly bzrre  queston   dj  pck tp djs wn  ech week dfferent 95  8 cptl fm jock shres secret top  week feture everyone s fvourte even host  jme cnnon  red every week wn chnce hng studo dj  much  much http    cptlfm  com                                                     dvertsement wnt englnd ply frnce weekend  mgne full vp hosptlty dy twckenhm clsh ttn st mrch 20th  pr tcket  unlmt hosptlty  wy  clck lnk below enter detl chnce wn once lfetme pckge  http    cptlfm  com  englndvfrnce                                                    dvertsement fed py monthly subscrpton nternet ccess     brethe net  led sp  plese nnounce tem cptl rdo  free nternet ccess  long  ll receve 5 free eml ddress  10mb web spce techncl support 24 hour dy  365 dy  cll chrge 50p per mnute   smply vst cptl rdo nternet cfe pck free cd   http    www  brethe  co  uk  brethenet order onlne telephone 0800 783 7439 order free cd                                                       dvertsement sore foot    hevy hert  forget ptrol hgh street best property del  property broker let st home  work wherever ccess nternet browse hundred property  lesure   connect best    http    www  propertybroker  co  uk                                                     dvertsement wnt wnner  competton zone  where everyone where mny before    free holdy  cnem tcket  beer  beverge weekend brek  stll here  clck below enter one fbulous competton prze wt wn  http    cptlfm  com  compzone
document design,design98@kub,
modern greek acquisition,am001@aix370,
thank continue support   12828 ,N/A,specl thnk our tem web  entertnment  sgn specl lcense del top entertnment fclty cross world  plese enjoy our complment trust vlue customer forwrd contnue our servce future tody  http    208  144  10  20   scout  ndex  html                                                                           55444
one yet ,N/A,remove ml lst http    www  ngelfre  com  k  themn11  removepge  html           flord  bhms  cncun fmly holdy               select enter lmted  fmly getwy 2 dults 3 chldren 4 dults  offer vlble world wde lmt  nformton  http    www  ngelfre  com  k  themn11  trp  html
journal   information,informat@po,
re  free web site,ziaza99@sh,
tone grammar,N/A,none exmple menton john cown s recent post summrze response topc pper nvolve lnguge lnguge solely mrk grmmtcl oppose lexcl dstncton  one wonder stress  doe nybody exmple lnguge stress dstnctve mrk grmmtcl ctegory  possble exmple mnd need further reflecton  nybody cler exmple  one nterest  exmple  too sure  nvolve tongn perhp persn
minus workshop split constituent,cavar@rz,
50  return investment   ,N/A,proft brekup merc s lrgest monopoly   200 mllon extr ncrese economc growth  own pece explode mrket  over 50  nnul returns resdul ncome  r  sep qulfy  complete detl  clck here t
   holiday florida    ,maryj@digital,
hi  ,N/A,der frend  extremely mportnt nnouncement  us  us mportnt nnouncement mportnt nnouncement                                                                                           future depend    us  us before lern  mportnt nnouncement   plese red follow  edtorl excerpt  frst mportnt publcton  unte stte  york   conclude our revew fnncl orgnzton                                                effect chnge  90 s  specl ttenton cll  world currency crtel  orgnzton bse clfornum   member orgnzton mss hundred mllon  dollr currency mrket legl method never dvulge generl publc  whle purpose yet   presence most certnly feel   nbc nghtly   member world currency crtel  orgnzton                                                        lwy  keep low profle themselve  most powerful welthest hemsphere   excerpt lter  frst let us  mportnt  nnouncement                                                                                                               gld nnounce frst  world currency crtel orgnzton nstruct lmted number worldwde convert  25 one hundred legl currency  trnsct frst converson  fter  quckly esly own hundred even thousnd ech every month  dvntge  secret flw    3d  3d  3d  3d  3d  3d  3d  3d  3d  3d  3d  3d  3d  3d  3d  3d  3d  3d  3d  3d  3d  3d  3d  3d  3d   3d  3d  3d  3d  3d  3d  3d  3d  3d  3d even explosve yet dsclose  whle currency fluctute dly  show convert  99  20  580 mny wnt  mens  ble convert  99 mercn legl currency dollrs  20  580 sme  mny wsh   20 every dy  every week  every month  leglly effort  lessly  5 10 mnute ech  home  offce even whle trvel  need ccess phone lne ddress  best  cty erth    gn  must reterte  nyone source never  endng  long globl fnncl communty contnue dfferent currency vry exchnge rte   secret flw  exst                                              erler  frst trnscton  show exctly own  over over gn  mount exchnge ech entrely  work 2 10 hr week  soon jon lst  mllonre dly bss mny dy  trnscton smple even hgh school kd  world currency crtel orgnzton unform globl currency bck gold   untl  llow  lmted number ndvdul worldwde shre unlmt proft  provde world currency dfferentl  espouse poltcl vew nor sk  however  our prent orgnzton welth exchnge nt   20 beneft gretly knowledge shre ourselve long beneft lkewse  mn concern surely   beneft  short  fter become member  strt trn  cton home  offce  telephone through ml  even whle trvel  erler  frst trnscton  show exctly over over gn  one stop ern hundred thousnd even mllon dollr ech long  secret flw  exst                                                 nt beleve us  experence ourself                                                                     unlke nyone else  ssure gret fnncl freedom dd our  quckly grow bse supporter jon lst mllonre  crete  secret flw  world currency mrket   don  t envy us  jon us tody                                               one membershp fee  195  0   jon us mrch 25  1998  our compny s second nnversrry dte  jon us  25 dmnstrtve cost  mportnt document  nstructon  contct nme  ddress  phone number pertnent nformton ml mmedtely   dvntge our nnversrry dte jon us tody   reply fter mrch 25  1998  must py  195 membershp  exceptons eml enqury   upon become member  promse keep nfo confdentl                                                       choose cncel membershp reson  must return document refund wthn 60 dy                                                       mportnt                                        1      wrte nme  ml ddress clerly pper 2      below ddress  plese wrte e  ml ddress  optonl  3      top left hnd corner  wrte word  member  4      ttche check m  o   25 plus  3 postge  shp  totl us  28  0  5      pyble  welth exchnge nt   ml  welth exchnge nt  9903 snt monc bl  sute  405 beverly hlls  c 90212  u  s    overse request must dd us  10  0 extr postge                                                    here edtorl excerpt                                                          wll street   dscreet group mercn  operte under guse world currency crtel recently  begn rumble world fnnce mrket  whle  gme completely  certnly wtch those mjor move curency contrct   fnncl week   wtch  montor  extrct knowledge try become one   soundest fnncl dvce someone   ntonl busness weekly   whle reporter leve  cold method  operton  ble confrm world currency crtel member lterlly mss gret fortune overnght                              end
workshop analogy,analogy@cog,
ipa market,charmius@u,
teeth bleach  whiten kit,N/A,dentst whten blech tooth cost  300   600   process successfully utlze dentl professonl over 8  yourself sve     purchse dentcl kt  mnufcturer supples dentst   135  us nternet consumer  shp worldwde  vst mercn dentl supply  llc webste  http    www  teethwhte  com
phonology,N/A,certmen phonologcum  per mrco bertnetto  lvo get  georgus  dvd mchel  ed   certmn phonologcum   pper thrd corton phonology meet  prl 1996  torno  rosenberg  seller 1997  pp  291  prce lt  63  0  pproxmtely us  37   sbn 887011  717  0  generl ssue  hn bsboll  dnsh schw  judth m  brodbent  revew hume s ccount consonnt vowel ntercton mltese rbc  bruce l  derw  test phonologcl unversl lbortory  tob scheer  vowel  zero lternton support theory consonntl ntercton  prosodc theory  crolne fery  mor mesure weght syllbc consttuent  krjn helsloot  poetc meter metrcl prosody  phonologcl phrse tln bnd free verse  mchel kenstowcz  hyng  sook sohn  phrse focus northern kyungsng koren  tln dlect phonologcl theory  mtthew bslom  john hjek  rddoppmento sntttco  wth hppen theory too tght   mrco ghnus  segment  prosodc unt  mbsyllbcty lgurn  mchele loporcro  vowel epenthess lguer ctln  mchel l  mzzolum  stress ltn romnce lexcl stress tln  stephn schmd  typologcl vew syllble structure tln dlect  edwrd f  tuttle  preferentl pseudometthess  tlo  romnce dlect
selfopposite,dasher@netcom,
prosperous home business,macsvc@bigfoot,
re  5  1500 comparative method  polarization  review,rankin@ukanvm,
query  tagalog philippine informant,N/A,re ntve speker tglog phlppne lnguge receve nswer queston usge
icslp abstract due 1 98,icslp98@tourhost,
   ,N/A,drve vehcle free    hype hox  hundreds drve brnd crs  suvs  mnvns  trucks  rvs  mtter us type vehcle choose  qulfy our progrm  choce vehcle  color  opton  don  t cre  drve vehcle  promote our progrm  excte opportunty drve brnd vehcle free  plese ste  http    209  134  14  131  ntr wtch short 4 mnute udo  vdeo presentton nformton our excte cr progrm  nt wnt short vdeo  wnt us send our nformton pckge expln our exctng opportunty drve vehcle free  plese here  http    209  134  14  131  ntr  form  htm dd group hppy drvng vehcle free  hppy motor
speaks language ,iyo1vaf@mvs,
dr  tina s  alster  cosmetic laser surgery  www  skinlaser  com,N/A,s one mlng  re nterested  smply ht  delete   essentl gude cosmetc lser surgery  clck here  tn s  lster  m  d  found drector wshngton nsttute dermtologc lser surgery  lecturer dermtology hrvrd medcl school clncl ssstnt professor dermtology pedtrcs georgetown unversty medcl center  recognze one nton s led prcttoner dermtologc lser surgery  book revel revolutonry erse wrnkle  ge spot  scr  brthmrk  mole tttoo   burn process  must red nyone consder cosmetc lser surgery  clck here  thnk  mchel h  stoke nformton technology consultnt wshngton nsttute dermtologc lser surgery
6  351 language policy,N/A,frnk shen focus dvsve effect promote one severl ndgenous lnguge poston offcl lnguge much quote justfcton speker notchosen lnguge feel dsdvntge  menton effect ntroducton foregn world lnguge vernculr  ntroducton foregn offcl lnguge  frc  led explct negtve tttude mongst speker themselve towrd lnguge  lterntve selecton ndgenous lnguge offcl lnguge seem dsdvntge whole populton  most frcn country foregn offcl lnguge generlly low penetrton elte  knowledge offcl lnguge become fctor determne ccess power wellpd job  sme vernculr gnore stgmtse  mens lttle fund vlble development tech  mens  bck tove skutnbb  kng  comment  populton cnnot exercse  rght lern mother tongue  both orlly wrte  hgh level   ssumpton frnk shen quote bse flse deprture pont  nmely colonl lnguge sve frcn country ter own nternl dvson  nt recll wr bse lnguge dfference pror colonston  frc solve lngustc dversty develop lngu frnc  djt  recently  1993  show socl nterntonl lnguge englsh french solve communcton problem frcn mss mny cse contrbute towrd  pthology lngustc bkwrdness   fct lnguge  wolof  swhlus  hus  lnglum  ctully spred  wthout much offcl help  seem ndcte  generl wllngness cooperton culturl lngustc tolernce gnore poltcl boundry nhert colonzton  djt   1993  162   spencer  1985  395  clm ntroducton europen lnguge frc retrd spred cll  frcn vehculr lnguge   however  degbj  1994  2627  sceptcl blty frcn lngu frnc ccept outsde present geogrphcl domn  wrn gnst mposton lnguge  seem need threelnguge polcy ndum  one lnguge communcton outsde world reltvely smll secton populton  one lngu frnc ntonl regonl communcton vrous vernculr locl busness prmry educton  mny frcn country de fcto stuton trlngulsm common frc outsde lngust seem relse  suggeston vod subtrctve lnguge lern  chrcterse mny frcn communty  tove skutnbb  kng  volton mnorty  lngustc rghts   source refer  degbj  e  1994 lnguge tttude frc  socolngustc overvew  clevedon  multlngul mtter  djt   p  g  1993  lnguge development frc    nterntonl journl socology lnguge 100  101  149166  spencer  j  1985  lnguge development frc  unequl equton    wolfson  n  j  mne  ed   1985 lnguge nequlty  berln  mouton  387397  ugust cluver deprtment lngustc unversty south frc
computer assist learn french  special edition  call  ,zock@limsus,
m   scandinavian linguistic,andersh@isl,
re  5  1304 sum  linguistic imperialism,N/A,wed  16 nov 1994  lngust lst wrte    grmmr book englsh   18th century    peter tn  true merc  englnd lredy fr number 16th century  17th century  couple hstorcl exmple surely hrd necessry relton between lngustcs mperlsm  von humboldt  germny nt even exst nton budon de courteny  polnd dtto fct  proponent crtcl lnguge wreness lngustcs potentlly nstrument lberton  s trusm scence bd  seem nother cse pont  rchrd nghm
lectureship linguistic,N/A,s c h o o l o f e n g l s h n d l n g u s t c s u n v e r s t y o f d u r h m lecturer genertve lngustcs successful cnddte must complete  process complete  doctorte  must ble demonstrte strong reserch focus hstorcl lngustcs  phonology syntx   romnce lngustcs vum dssertton  publsh work re  blty tech socolngustc dvntge  post tenble 1 october 1992  slry wthn rnge 12  860  17  827 pound per nnum lecturer grde scle  ccord experence  further detl obtn personnel offcer old shre hll unversty durhm durhm dh1 3hp unte kngdom  tel 091374  3158  fx 091374  4747  whom pplcton send lter 15 1992             plese quote reference 083
reduplicative construction polarity,ljonsson@macalstr,
dick armey s slip,N/A,dve whrton  determne dely between rchrd rmey s  brney fg  remrk correcton less second  confdent must  slp slur   presumbly blmeless   snce rmey ph  d  welth poltcl svvy  dvntge utternce   vctm   lngust ulteror gend  world one respond sttement  whrton suggeston 75 go repet observton freud offer ntroductory lecture effect merely somtc phonetc concommtent slp cnt expln why occur   put  s tell polcemn drkness nght solton street cuse purse sntch  possess rmey   republc pont one fortyseven member  gngrch mong  vote gnst george bush s het crme sttstc ct  llow government record volence gnst homosexul  vote exclude ds mercn dsblty ct  vote deny government fund group boycott boy scout merc grounds orgnzton s ntgy polcy  refuse sgn voluntry sttement own offce nt dscrmnte gnst homosexul  course remrk nt  ntentonl   evdence pretty thck rmey hrbor sort nner demon le wt brech conscous ttenton  most nhbtnt lte 20th century cknowlege cquntnce pesky creture  ct wllful represson someone deny exstence entrely  mybe whrton beneft doubt  mybe genune vctorn nnocence    those theorst rgue lve twlght modernst er  stll   edu  ddress  yet  whom even begn dwn
minority language context,lachner@aal,
request,N/A,nterntonl drver  s lcense need drver s lcense  too mny pont trouble  wnt lcense never suspend revoke  wnt d nghtclub hotel checkn  vod tcket  fne  mndtory drver s educton  protect prvcy  hde dentty  unte nton prvlege drve freely throughout world   conventon nterntonl rod trffc september 19  1949  world court decson  hgue  netherlnd  jnury 21  1958  dvntge rghts  order vld nterntonl drver s lcense never suspend revoke  confdentlty ssure  cll    1937  5869313
saving discovery ,N/A,messge compose extrctor pro bulk e  ml softwre   20 wsh remove dvertser s future mlng  plese  reply  20 subject  remove  softwre utomtclly block  future mlng                                                                                   plese ccept nvtton where ffodble  nternet redy computer  home securty system  cosmetc  nutrtonl  product  phone crd  vdeophone much    full detl clck lnk  http    www  reesendssocte  com  fun  stuff  html thnk
,gsil@scf,
re  5  939 binary comparison,N/A,sure doerfer never bnry comprson llow  e  g   turkc mongolc turkc  mongolc   mnchu   tungusc once   contry  over over gn bnry comprson prove exstence genetc reltonshp whole group  mrcel erdl
next,N/A,messge ttempt lngustc communty  next workstton  cube  slb  turbo  whtever model   prtculrly re phonetcs phonology  result survey  plese ndcte reply  thnk
dutch acquisition error  summary,ascld@let,
deserve break ,wylddave@yahoo,
uk linguist  invitation,uclyrah@ucl,
bill under control monthly bill manager 98  99,marchale@mjksw,
corpus software,N/A,m computerze socolngustc corpus spek french englsh  grteful nybody nformton concord text retrvl softwre   m mcntosh mcrocomputer  thnk    louse chrbonneu  lloyd
book  language plan,2307@compuserve,
sum  moo site,g44409a@nucc,
success guaranteed   ,N/A,our reserch ndcte follow mterl nterest  prefer lern esy much need ncome  plese  smply delete letter  further nsure eml nture  couple unversl  remove  lst subscrbe nternet  flter eml ddress send gnst  remove  lst over 1  0  0 subscrber  plese ccept pology send error                                                      lest  50  0  less 90 dy  red enclose progrm    red gn                                                       der frend  enclose nformton somethng lmost let slp through fnger  fortuntely  sometme lter rered everythng study  nme pul cmpo  23 yr  old presently tenns nstructor  grdute 1 1  2 go rutger unversty psychology degree  wnt pursue mjor study  strt ntervew vrous compny  ccept  reject mny dfferent plce  mnly nsurnce storkbroke compny  every plce bsclly sme thng      work 6080 hour week ntlly lttle py wrte down every person possble future clent  lzy person  however  motvte beleve  nterest creer  del dely creer lttle whle pursue own gol drem set myself long remember  wnt trvel round ply smller professonl tenns tournment  one problem              money            long story short  progrm   ustrlum  clfornum  flord mssourus mouth pece ply tenns crut  fgure cost  1012000 esly ffordble   20  rsk   chnce pursue drem   m hppy clm  receve progrm vum eml  progrm receve pst  opnon  cost effectve  ether too dffcult comprehend ntl nvestment too much rsk work  even though stll skeptcl  thnge one mny scm multlevel  opportunty   fgure  20 wn brek throwth lttle mount wy slm chnce lot money   wt second  beleve ntellgent person someone myself  scm   mny sme  even  t work  fgure lest money bck   september 1997  receve progrm  nt send  sk  nme off ml lst  thnk goodness    fter red severl  sure red correctly  nt beleve eye  fter detrermnge progrm legl chn letter  decde  why  ntlly send 10  0 eml  gret thng eml nt need money prnt send progrm  tell  hope nt turn off promse myself rp nyone off  less one week  strt receve order report  1  october 13th  receve 26 order report  1  red gurntee progrm  must receve 15 20 orders report  1 wthn 2 weeks  don  t send outmore progrms untl   frst step  50  0 20to 90 dy  november 30th  receve 196 order report  2  bck gurntee   must receve 100 ormore orders report  2 wthn two weeks  send progrms untl  once 100 orders  rest s esy  relx   50  0 gol    196 order report  2  96 need  st bck relx  jnury19th  eml 10  0  receve  58  0 everydy  plese red ttch progrm  chnge lfe forever  remember  wn work nt try  progrm work  must follow exctly  especlly rule try plce nme dfferent plce  nt work   ll lose lot money  report  2 expln  lwy follow gurntee  15 20 order report  1 100 order report  2  50  0 moren 20 90 dy  m lvng proof works   choose prtcpte progrm   m sorry  relly gret opportunty lttle cost rsk  choose prtcpte  follow progrm fnnl securty  sncerely  pul cmpo                                                                                                 legl  moneymkng phenomenon  prnt letter  red drecton  red gn   embrk most proftble unque progrm ever  mny over  demonstrte prove tsblty generte lrge mount progrm show fntstc ppel huge evergrow onlne populton desrous ddtonl ncome  legtmte  legl  moneymke opportunty  requre contct  hrd work  best  never leve house  except ml bnk  truly lucky brek  ve wt  smply follow esy nstructon letter  fnncl drem true  follow correctly  electronc  multlevel mrket progrmwork perfectly    100  every  thousnd progrm   rse cptl strt own busness  py off debt  buy home  cr  etc    even retre  chnce  nt pss                                                            overvew extrordnry electronc multlevel mrketng progrm                                                           bsclly   send thousnd product  5  0 cost next nothng produce eml  multlevel bussness recrut prtner sell our product  every stte u  s  llow recrut multlevel busness onlne  vum computer   product progrm seres four busness fnncl report cost  5  0 ech  ech ordrer receve vum  snl ml  nclude    5  0 csh  nme number report order  eml ddress where eml report order  fll ech  smply eml product buyer   5  0 yours  most esest electronc multlevel mrketngbusness nywhere  follow nstructons letter ndbe prepred rep stggerng benefts          nstructon         must  1  order 4 report show lst below  cnt sell nt order    ech report  send  5  0 csh  nme  number report re orderng  eml ddress  return postl ddress  cse problem  person whose  nme pper lst next report   plce order  sure order ech four report  need four report sve computer resell   wthn few dy receve  vum eml  ech four report  sve computer ccessble send 1  0 s order  2  mportnt   lter nme lst next ech report  sequence lst  nstruct below step   through  d  oryou lose mjorty proft  once understnd thswork   ll nt work chnge  remember  method test  lter  work   below lst vlble report  b  fter  ve order four report  replce nme ndddress under report  1 nme ddress  move one down report  2  c  move nme ddress under report  2 down report  3  d  move nme ddress under report  3 down report  4  e  nme ddress under report  4 remove lst doubt collect 50 grnd  plese sure copy everyone s nme ddress ccurtely    3  entre letter  nclude modfy lst nme  sve computer  chnge nstructon porton letter  4   re redy strt dvertse cmpgn world wde web  dvertse web  nexpensve  hundreds free plce dvertse  nother venue coulduse dvertse eml lst  buy lst under  20  2  0 ddress py someone mnml chge tkecre  sure strt d cmpgn  mmedtely  5  every  5  0 receve  must eml report order   s  lwys provde smedy servce orders  gurntee eml send  nme ddress  prompt cnt dvertse untl receve report                             lble reports                               order ech report number nme    note   lwys send  5 csh ech report  lwys send order v frst clss ml  sure csh concel wrp lest twosheet pper  one those sheet pper  nclude    number  nme report order   b  e  ml ddress   c  postl ddress                                                                                       report  1   250  0 through multlevel sles  order report  1  solomn ng 1025 mcky dr  pt  37 sn jose  c 95131 us                                                                                      report  2  mjor corportons multlevel sles  order report  2  pcc po box 3535 mrgte  nj 08402 us                                                                                      report  3  sources best mlng lst  order report  3  cunnnghm mrket po box 3556 frmngton hll  m 483333556                                                                                       report  4  evlutng multlevel sles plns  order report  4  dre2succeed po box 30306 bethesd  md 208240306                                                                                        here  s mzng pln  money                                                                         let s decde strt smll work  ssume gol 10 prtcpte frst level   plce lot free d nternet esly lrger response   ssume everyone else orgnzton getsonly 10 down lne member  follow exmple cheve stggerng result below  1st level   10 member  5                        50 2nd level   10 member those 10   5 x 100              500 3rd level   10 member those 100   5 x 1  0           5000 4th level   10 member those 1  0   5 x 10  0        50  0 totls                   55  550  remember frend  ssume prtcpte recrut 10 ech  moment hppen  20 prtcpte  most 100 s prtcpnt   cost prtcpte prctclly nothng  surely fford  20 chnce  55  0   obvously lredy nternet connecton eml free    report  3 show most productve method bulk eml purchse eml lst  lst  bulk eml vendor even work trde  50  0 onlne every month          tps success           tret busness  prompt  professonl  follow drecton ccurtely   send four report mmdtely whenthe order strt  receve  5 order  must send request product  report comply u  s  postl  lottery lw  ttle 18  secton 1302 1341 ttle 18  secton 3005 u  s  code  code federl reg  vol  16  secton 255 436  stte  product servce must exchnge money receve    lwys provde smedy servce order receve   ptent persstent progrm  follow nstructon exctly  result undoubtedly successful   bove  fth yourself md succeed          success gudelne        follow gudelne gurntee success  nt receve 10 20 order report  1 wthn two week  contnue dvertse untl   couple week lter receve lest 100 order report  2  nt  contnue dvertse untl  once receve 100 order report  2  relx  system lredy work  csh contnue roll  s mportnt remember  every nme move down lst  plce front dfferent report  keep trck progress wtch report order  wnt generte ncome  send nother btch eml strt whole process gn  lmt ncome generte busness  note  need help strt busness  regster busness nme  ncome tx hndle  etc   contct locl offce smll busness dmnstrton  federl gency  free help nswer queston   nternet revenue servce offer free help vum telephone free semnr busness tx  ddton  wnt free web ste wnt money  here  http    member  spree  com  ymfung         t e s t m o n l s        progrm work  must follow exctly  especlly rule try plce nme dfferent poston  wn work  ll lose lot potentl ncome   m lve proof work  relly gret oppotunty reltvely esy money  lttle cost  choose prtcpte  follow progrm exctly   ll fnncl securty  sen mclughln  jckson  msmy nme frnk  wfe  dor  lve bel  r  md  cost ccountnt mjor u  s  corporton pretty money  receve progrm grumble dor receve  junk ml   fun whole thng  spout knowledge populton percentge nvole    nt work  dor totlly gnore suppose ntellgence jump both foot  mercless fun  redy ly old  tell  thng nt work      lugh  wthn two week receve over 50 response  wthn 45 dy shehd receve over  147  200  5 bll  shock  sure fgure  t work  m belever  jon dor  hobby   seven untl retrement   rt rce  s  owe mlm  frnk t   bel  r  md wnt pss long best wsh encourgement  doubt hvev vnsh frst order  even check u  s  post offce verfy pln legl  defnely  works    pul johnson  rlegh  nc mn reson letter convnce system honest  lwful  extremely proftble  lrge mount money short  pproch severl before check  jon one expect return mnml effort money requre  stonshment  receve  36  470  0 frst 14 week  money stll  sncerely yours  phllp  brown  esq  gmble type  serverl week mnd prtcpte pln  conservtve  decde  t enough order lese money bck  boy  suprse medumsze post offce box crm order  whle  overlod strt pckngup ml wndow   ll money 10 lfe before  nce thng del nt mtter where u  s  lve  smply nt better nvestment fster return  mry rocklnd  lnse  m receve progrm before  delete  lter wounder nt try  cuse  de contct nother copy  wt untl eml nother progrm  11 month pss      t delete one       41  0 frst try   wlburn  munce  thrd prtcpte pln  qut our job  soon buy home bech lve off nterest our money  erth pln work  ske  fmly s ske nt pss golden oppotunty  luck hppy spend  chrle frchld  spokne  w order reports tody strted rod fnncl freedom
first israelus seminar computational linguistic,shuly@c,
,manboca@hotmail,
base generate adjunct,adger@uk,
debtfree sound ,thall14@sprynet,
re  s ,N/A,keep red    send bulk eml dvertsement busness web ste over 25  0  0 nternet free  shudder bulk eml   smple truth   bulk eml works  bulk eml nt work  wouldn  t redng  thousnds compny send bulk eml drmtclly mxmze proft  why nt      even fortune 500 compny send bulk eml mllons     every sngle dy free   bulk eml  rech 250  0 per dy free dvertsement busness web pge    mgm  smll computer bord mnufcturer over  30  0 busness send 3  0 eml ddress    power promoton  nternet mrket compny  clm over  500  0 every sngle bulk eml lone    snford wllce  founder cyber promoton  tell world ntervew compny over  1  0  0 every through bulk eml       competton fortune bulk eml        why nt  regrdless sell    promote busness web ste over 250  0 every sngle dy  queston busness drmtclly mprove    1 every 10  0 order free bulk eml dvertsement  25 orders per dy  much proft  bulk eml  dvertsng cost nvolve  everythng sell 100  pure proft    receve bulk eml dvertsement  relze      mllons over world receve sme    bulk eml dvertsement   ndvdul send    bulk eml probbly mde fortune   bulk eml free dvertsng mss  form dvertsng even close   mny busness dvertse never fford pst  cost send mss eml extremely low  response rte hgh quck    us tody    why ren  t      comprson bulk eml v conventonl form dvertse bulk ml 50  0  0 through postl servce cost  25  0  0    web ste bnner dvertsement 50  0  0 nternet cost  5  0  0    bulk eml 50  0  0 nternet cost nothng  bulk eml 100  free  web ste   probbly spend hundreds dollrs hours submt web ste   newsgroup  serch engne  onlne clssfed  bnner dvertse stll  receve few hundr ht per dy     our web ste open june 23rd  1997 b  send bulk eml dvertsement our web ste 200  0 sme dy  c  next morn  our counter ndcte receve 12  763 hts less 24 hours  expect sme  better result dvertse web ste mllons through bulk eml free   uncommon receve over 50  0 hts per dy web ste dvertse through bulk eml  our web ste    newsgroup   serch engne   onlne clssfed   bnner dvertsement fct  our web ste lst where nternet  yet  contnue receve over 20  0 hts every sngle dy  smply send bulk eml free    ctully buy nythng nternet  recent survey survey net purchse hbt nternet user  ndcte    50  purchse somethng nternet   40  severl purchse nternet   80  de shop computer   50  onlne purchse computer  nformton relte   20  purchse nternet reson   cross  buy   bulk eml drmtclly mxmze busness proft  wonder       send bulk eml   here neuport nternet mrket  crete smple  top lne bulk eml pckge  contn everythng ever need send bulk eml mllons nternet rte 250  0 per dy free  our esy follow   step step  bulk eml nstructon gude through entre process send bulk eml mllons nternet free wthn mnutes  our bulk eml softwre llow trget bulk eml udence exct mtch  over 25  0 dfferent ctegory choose     country  cty  hobby  nterest  employment  nme     trget    wnt fresh   trgeted eml ddresses  our bulk eml pckge  nclude softwre ever need extrct over 500  0 trget eml ddress every sngle dy over 20  0  0 web stes over 30  0 newsgroups worldwde     post dvertsement over 30  0 newsgroups free   our newsgroup bulk dvertse softwre llow post free dvertsement busness web ste over 30  0 newsgroups ech redershp 100  0 ech     nyone computer send bulk eml  wndow 3  0   95 nt bse pc mc softwndow 5mb dsk spce  everythng ever need send bulk eml over 50  0  0 nternet rte 250  0 per dy free  our bulk eml softwre run bckground wndow  whle bulk eml send rte 15  0 per hour  ble contnue computer vrtully slow down     reders de dvertsement s bulk eml  bulk eml send our bulk eml softwre pper personlze recpent frst nme ech every ndvdul receve   der john  der mry  etc    reder de sme messge receve  send mllons mllons over world    nternet provder bulk eml  send bulk eml nternet servce provder world   our bulk eml softwre llow send bulk eml over 50  0  0 nternet rte 250  0 per dy free lttle fer ever lose nternet ccount  thnk our stelth encode bulk eml softwre  eml ddress utomtclly removed heder bulk eml send  nternet provder prctclly de send bulk eml mllons mllons over world rte 250  0 per dy free  never worry receve sngle complnt bulk eml send  our bulk eml softwre utomtclly flter remove complnt receve  yes  bulk eml 100  legl     bulk eml s unlke form dvertsng  bulk eml  expect huge mount order wthn mnute send frst bulk eml dvertsement   ccord recent  svp survey  41  check eml dly  bulk eml  tlk nstnt orders    send dvertsement busness web pge   1  0  0 1 10  0 order    100 orders  much proft  bulk eml rech mllons mllons free rte 250  0 per dy  rech mny  regrdless sell  everythng sell 100  proft succeed     neuport nternet mrket present  bulk eml pckge   bulk eml softwre our bulk eml softwre  blty send personlze bulk eml dvertsement over 50  0  0 nternet rte 250  0 per dy free    newsgroup eml extrctor softwre  usng our newsgroup eml extrctor softwre  blty extrct over 500  0 trget eml ddress every sngle dy  over 30  0 newsgroups ech redershp 10  0 ech     web eml extrctor softwre  usng our web eml extrctor softwre  blty extrct mllons hghly trgeted eml ddress over 20  0  0 web stes worldwde     newsgroup bulk dvertsng softwre  our newsgroup bulk dvertse softwre  clck mouse  dvertsement busness web pge post free over 30  0 newsgroups  ech redershp 100  0 ech     bulk eml reder softwre  our bulk eml reder softwre red respond bulk eml  smple esy    step step bulk eml nstructons  nclude smple  esy follow  step step nstructon  gude through entre process send bulk eml over 50  0  0 nternet free  even never computer before  nstructon send bulk eml esy 1  2  3    bulk eml hndbook  book tell everythng ever wnt bulk eml  lern wrte successful bulk eml mrket letter  hndle hundreds order receve bulk eml  sell best vum bulk eml  etc   book necessty nyone nvolve bulk eml    resle rghts 280 bulk eml money mkng reports  lfetme resle rghts reproduce  sell dstrbute mze money report vum bulk eml prce wsh    unlmted customer  techncl support  ever queston regrd our bulk eml pckge  unlmted customer techncl support ssst bulk eml queston  our  1 gol customer stsfcton       receve everythng bove   295  0   wt  order sundy  december 14th  chrstms specl  temporrly slsh prce our bulk eml pckge lmted  129  0   order rght  throw over 35  0  0 newest freshest eml ddress  bulk emlng  bsolutely free    399  0 vlue  bsolutely confdent our bulk eml pckge drmtclly mzmze busness proft  30 dys try our bulk eml pckge free   busness ncrese mnmum 300  wthn 30 dys purchse our bulk eml pckge  eml us send full refund  questons sked  chnce ever ever try bulk eml free  bulk eml compny world offer mze rsk free money bck gurntee  few dy untl chrstms  dvertse   bllons over world spend mssve mount money chrstms gft      drmtclly mxmze proft   gurntee send bulk eml wthn 1 hour order our bulk eml pckge   ble  3175 promote compny through drect eml  send 12  0 sell product cost  25  expect     rchrd schott  psden  c  wthn 10 dy ble collect over 100  0 eml ddress proft  4  0     mtt llen  omh  ne  recently strt busness onlne  strp eml ddress ol cs clssfed  send 3  407 eml letter over 400 jon compny 5 dy     dvd sheenhm  dll  tx    bulk eml pckge esy orderng nstructons  order bulk eml pckge credt crd rght cll us   707  5888895 once receve order  eml our web ste url  contn our entre bulk eml pckge vlble downlod  gurnteed redy send bulk eml our bulk eml pckge under 1 hour orderng                                                                   py us csh  csher s check  credt crd  us money order  us personl check  us bnk drft postl ml fx  order form locte below    plese prnt form  fll blnk send   long pyment u  s   129  0  neuport nternet mrket 6585e commerce blvd sute  281 rohnert prk  c 94928 unte stte merc compny nme                                                     nme                                                        street ddress                                                   cty                          stte  provnce                    zp  postl code             country                             phone number                   fx number                       eml ddress                                                       py credt crd  plese fll follow blnk  credt crd type  mex ccept                              credt crd number                      exprton det         sgnture                                                        order fx credt crd pyment  plese prnt order form  fll blnk fx order form   707  5888868 note  send pyment vum postl ml  receve  129  0 prce our bulk eml pckge  order must postmrk mondy  december 15th                              onetme ml  eml gn        eml ddress never sell nyone
   correction hellenistic greek announcement,jtauber@tartarus,
universal,N/A,suppose lnguge nflect verb person  number  sometme gender subject  nflect nps cse number  freesh word order  commonly  drop  subject pronoun specl nflecton verb ndcte understnd subject mpersonl overt subject phrse  full np pronoun  occur  otherwse everythng sme norml verb form  lnguge volte nybody s fvorte unversl current frmework
summer    nonsurgical liposuction overnight  guaranteed results   2525 ,N/A,dtelne  june 1999  columb  sc sprk nterntonl  mport compny bse south croln  nnounce brekthrough herbl product crete mmedte  permnent ftloss frcton cost lposucton surgery vlble unte stte frst bck full stsfcton gurntee   mercn nt resort pn expense lposucton surgery mmedte result stubborn ft cellulte   expln sprk presdent jme yte   our revolutonry herbl gel gently rub skn  lposome formul quckly penetrte ftty tssue where lqefy excess ft contct  body tret lquefy ft wste product elmnte nturlly through urnton   nother gret dvntge   yte contnue   our product retl under  200 produce rel ft loss   wter loss   24 hour   lthough our product unte stte  sell nterntonlly four  sttstcs over one mllon nterntonl customer show verge permnent ft loss 1 1  1  2 nch ech ftprone re   mdrff  stomch  hp  thgh  upper rm   one pplcton   yte further expln herbl gel sfe effectve mny need cheve ndvdul ftloss gol  whether slghtly overweght extremely overweght    re excte our product lmt budget enjoy mmedte  drmtc result once rch fford   wthout surgery   wthout spend fortune   nformton  clck here vst our web ste http    homepge   com   shn342434 spek drectly ftloss speclst  cll tollfree  1888  6893097  lmted   bg svngs order june 30  1999    sve  33  95 buy two product   sve  58  95 buy three product remove  cll tollfree  888689  3097                                                                                                               39624
q  email address pier marco bertinetto,N/A,content  length  83 snce old ddress longer work  nybody one  lexs mr
book  phonetic  speech production,2307@compuserve,
 adv  free investment newsletter ,remove@stoc100,
lifeplan ,N/A,lfepln  gol settng shrewre lfepln help decde exctly wnt cheve lfe  help set trget gol gude chevement  downlod lfepln control gret lfe  lfepln http    www  btnternet  com   mndtool  ndex  htm l lfepln shrewre  try before buy
bulk email profit,N/A,20 ml thousnds eml messges per hour  kddng   send eml messges  1  0 s messges  hour  28  8k modem  yes  1  0 s messge hour                                                       mllons eml ddresses          100  0                                                               ll receve 2 hghspeed eml softwre progrms ntroduce      floodgte bulk eml loder   20      goldrush stelth mss mler  sme softwre bulk eml servce                                                      floodgte bulk eml loder verson 5  2 goldrush stelth mss mler verson 3  215 wndow 95 wndow 3  1 support 17  20  relly free form flter  fle formt                                                     send 20  0  mrketng letters every sngle dy     every few dy  fct  send few thousnd  mrket letter ech dy  nt long before  m completely  swmp eml nqury phone cll  esy   ech one bulk mlng cost nothng  tech  provde tool  ll need   ve mrket letter   ll show open  floodgte   ll deluge nqury  led  rel sle   nothng eml lone  wrte mrket letter esy  often rewrte  mrket letter hlf dozen before result  m   once letter  probbly   sme letter over over gn  predctbly  consstently  close sle  week fter week  month fter month  one hour send mrket letter thousnds  fresh eml ddress   thnks wndow progrm   s cll floodgte goldrush stelth mss mler  s bulk  eml loder eml softwre progrm   re nterest  electronc mrket  progrm  progrm  1  floodgte wndows floodgte bulk eml loder mport smple text fle nyone  downlod compuserve  prodgy  delphus gene  nternet   text fle contn clssfy d  forum messge  dtum  member drectory  ech fle fll eml  ddress  floodgte desgn red fle strp eml  ddress  sort ddress  remove duplcte   formt output fle  10  20 30 ddress per lne   one smple step  pont clck   ll need ether wndow bse nternet ccount merc   lne ccount send mrket letter  nether ol nor  nternet chrge send eml  send letter 1  0  10  0   cost lwy sme  nothng   prepre mlng 50  0   20 less 1  2 hour open nternet ccount  send ech letter 20  0    floodgte drectly wrte dstrbuton lst   lwy collect ddress  publsh  newsletter dsheet   ll sme ddress over over  gn  s rel power  ddress  ve prevously  collect  press few button prepre ml 50  0   less hlf hour   lst nternet ccess provder locl  cll re goto  http    thelst  com clck re code   floodgte user gude tech  step step  downlod  rght fle  strp ddress  fnlly  cut  pste formt ddress mrket letter    nternet ccount  crete dstrbuton lst  one  ve  few wn even  s smple  brve  drng  pushng technology lmts  prctce send unsolct eml usully  frown upon  most servce provder rule gnst    jywlk  lttle enforcement  s llegl   someone tell  sk provde ctton   nt let nonsense fx  s eml    cnt s  sometme  lot  compln  wrn letter  s  1 200 wrte bck tell   off lst     thnks floodgte remove lst feture  mny  reply bck thnk send nformtve letter  s  lwy nce  most though  reply   send  nfo    usully two three letter close  sle  floodgte user gude provde prove formt  wrte successful mrket letter   ll test rewrte  test  rewrte   once  ve  push few button  open  floodgte    floodgte bulk eml loder currently supports 17  fle formts 1  compuserve clssfed  send mrket letter everyone  run clssfy d   ll tech downlod  clssfed sngle d ctegory  one most  responsve lst buyer  check eml every dy  re  lredy busness  2  merc  lne clssfed  downlod 1  0 ddress 15 mnute   excellent lst busness busness sle  3  compuserve forum  jon forum downlod hundred  forum messge mtter mnute  4  merc  lne forum  choose dozen forum   trget lst  5  prodgy forum  prodgy llow esly export group  forum messge  trget lst  6  nternet newsgroup  trget lst   ll ble  send mrket letter everyone post messge  newsgroup  esly collect 1  0 s ddress per hour  7  merc  lne member drectory  most member drectory llow  serch cty stte  ol  serch busness  type  hobby  computer type  etc  gem member drectory  buld huge trget lst  8  compuserve member drectory  mjor resource   re  trget ml sngle cty  collect  1  0 eml ddress hour  9  delphus member drectory  delphus member drectory llow  serch bse key word  trget ml  lst  sngle serch esly generte 5  0 ddress  10  gene member drectory  smlr compuserve member drectory   downlod nme much qucker  esly pull hundred  thousnd ddress ech member drectory  11  compuserve fle cbnet  run clssfy d  sve  response cm fle cbnet   ll ble esly reuse  ddress  send mrket letter everyone sngle  folder  buld mster lst clen hrd drve  12  free form  text fle eml ddress  floodgte support  chnce free form flter  need  enter key word serch  13  compuserve form profle  forum membershp drectory   esy  buld trget lst here  ech serch esly brng 500  ddress  14  gene profle   re buld trget lst   ll lot  ddress quckly gene  15  ple ddress  red floodgte mster fle bck floodgte  merge fle selectve mlng  useful mngement  eml ddress lst purchse  floodgte flter llow nclude exclude group  ddress fnl dstrbuton lst  exmple   nclude eml ddress end  com exclude   gov  exclude noc  root  ddress lmost  gurntee negtve response  flter fully confgurble  together  buld reusble mster fles floodgte mntn mster fle ech mrket letter   downlod sme plce regulr bss  wnt  send letter  floodgte compre  ddress those mster fle  prepre ml lst   ddress  course  dd  mster fle  ech ml mster fle grow grow  crete mny mster lst need  strt  mrket cmpgn   ll wnt send letter everyone  mster lst  wrte newsletter  ech send  newsletter   ll send everyone mster lst  remove lst often  reply tell off ml  lst  plce ddress remove  mst fle never  receve nother letter gn    operte busness most professonlsm possble  don  t fooled compettor try copy floodgte   follow lst descrbe why floodgte better          floodgte mture  bug free product  ntl relese    floodgte over 100 pge step step  documentton    floodgte one offer money bck gurntee    floodgte testmonl   20   flter flter  floodgte offer cpblty    20   floodgte everythng  combne  clm   20   floodgte fr esest     cut pst  floodgte   20   fr  best techncl support  quck mth floodgte py tself few dy  cut  dvertse cost down lmost nothng  competton  floodgte progrm  nt leve dust   75 mllon  few keystroke wy   let s mth   eml 50  0 sle letter  1  2 hour   let s product brng  5 proft per sle   let s 1  response  occsonlly hgher    s 500 order x  5  3d  2  500 proft   mgne 500  0  letter busness   mrket onlne  mrket nythng onlne drect eml  mrket  conventonl postl drect ml mrket  possblty  prctclly endless  sell offlne  sell onlne  esy nstll esy lern floodgte eml loder requre wndow  suppled mnul tell  where    need bsc  computer skll lern lttle prctce help  our computer svvy techncn  progrm  2  goldrush stelth mss mler progrm confuse slow speed progrm  cll themselve  stelth   progrm one world  send eml hgh speeds one sngle connecton  nternet   20  cutt edge eml technology  frst s knd    most powerful bulk eml sender world   nothng even  close   20 thnk our top progrmmer s  technology vlble  plce   20   one  dlup sdn connecton needed   20  termnted connectons   20  wtng send lrge mounts eml   20  mmedte response mss mlngs   20  control confdence  20 sendng eml sent    huge mounts   20  send whole lst one dy  whether 500  0  20 5 mllon  st bck wt  20 orders pour   20  downlodng undelverble nmes  bulk emler s drem true        goldrush stelth mss mler connect multple ml server  20   multple connecton  sngle server combnton two  smultneously   one sngle dlup connecton   20 send multple smultneous mlngs     20 vew complete detl mlng  show ech server  connect  sttus connecton  mny messge  through connecton  etc    show trck mss emler nt wnt      20 here few feture goldrush stelth mss mler offer      20  forge heder  messge d  sp s spn wheel   20  dd s bogus uthentcte sender heder   20  dd s complete bogus receve  receve lne  20 rel  dte stmp recpent heder   20  doe requre vld pop ccount enter order  20 send mlng   20  esy operte  20  plus much   20  speed 1  0 s messge  hour  28  8k modem    20 specl ntroductory prce     20 both floodgte  20 goldrush stelth mss mler  499  0   20 updte    sve  149  5 order  one frst 100 orders   20 step plte ply bg boy tody receve  complete 2 softwre pckge unbelevbly low prce   349  95   20  bulk eml softwre sell much  2  500 cnt even  close cut edge technology ese  ccurcy speed     speed    speed    20 try goldrush stelth mss mler  floodgte bulk eml loder  10 dy free   20 receve unlmted techncl support 30 dy                                                                mllons eml ddresses mllons mllons eml ddresses cd mllons eml ddress seprte domn nme  ddress smple text formt one per lne  ddress follow domn  pplelne  msn  mc  juno  delphus  gene  ol  compuserve  nternet   com   net  mllons  vlble dskette downlod  wnt mllons ddresses  100  0  buy our floodgte  goldrush softwre pckge  bonus ncluded   mllons ddress yours  100  0 ddtonl  ddress delver smple text fle bulk eml progrm  cd rom  cd  begn mkng money mmedtely                                                                      specl bonus  1     stop lose sp dl ccount   20 order floodgte  goldrush softwre wthn next 5 dy   receve progrm  receve   20  complete nstructon  keep dl ccount  show heder   plus everythng need strt    20 mportnt notce  ntlly offer 100 copy  progrm sle  frst  frst serve bss   extreme power progrm offer     specl bonus  2     20 receve two progrm  receve  over 250 reprnt resell rghts reports strt mrket money mmedtely     20 hot seller nclude   20 1  top rte serch engne  20 2  70 money report  20 3  75 money mkng plns  trde secrets much much     20   200 retl vlue  free      20    specl bonus  3    two softwre progrm  receve our  ddress  grbber  utlty progrm enble grb 100 s thousnds  eml ddress newsgroup mnute   100 retl vlue  free      specl bonus  4    receve checks eml  phone fx mchne  softwre progrm  receve pyment product servce nstntly   wt customer chec rrve  softwre doubt  dd sle  customer nt credt crd  mpulse buyer  softwre  prnt pyment soon customer  check nformton  dd nformton  proper blnk check spce  prnt bnk                                                      free demo  test drve  our stteof  thert softwre   20 fx us eml ddress request   09 1561  9666839                                                     hurry    reserve yours tody   20  nterest dvntge most powerful bulk  20 eml softwre world strt money hnd over fst      prnt ez order form below fx ml our offce  queston nt hestte cll us  1561  9656139 system requrements 386 lrger wndow 95 wndow 3  1 8 meg rm extr 5 mb hrd drve spce floodgte  goldrush run fst mc 24 mb rm  softwndow  notes stsfed users  everythng  wthn one week frst ml   receve record number order  need prnt money  decent sle letter  thnk   rndy lbertson  wolverne cptl   fter floodgte utlty progrm dy tody  let  two fnest progrm ever buy 52   support superb  thnk   vernon hle  prme dt  system  frst dy floodgte pegsus send 1  469 sle  letter  fr  ve 25 postve response  work gret     thnk   donld pror  floodgte wesome   recently strt busness onlne   strp ddress ol  cs clssfed  send 3  497  eml letter over 400 jon compny 5 dy   needless  py tself   dvd sheehm  ompd  ble floodgte extrct nme nternet news  group  work perfectly  needless  excte  technology   mrk eberr  nsde connecton  gret pece softwre nvluble mrket tool    joe kuhn  mllennum group  d progrm fntstc  fter  lod system  wnt test  frst hour   collect 6  092 eml ddress   rchrd khn  ld  communcton  love floodgte progrm  sve hour hour   begn wonderful fun mrket onlne  thnk  much wrte progrm   beth onell  eudor  ks  softwre brllnt  techncl support  ve  receve  genune love respect     floodgte dvne pckge  wsh sooner   tom  snder  peorum  l  relly floodgte softwre pckge work   esy  relly trck  lredy sve  ncredble mount energy   john bern  jr   frfeld  nj  s gret floodgte  delphus  collect  50  0  ddress wthn 20 mnute onlne   rchrd khn  rb  ssocte                                                  e  z order form  plese prnt order form fll blnk       plese send order form check money order  pyble  ted keller p  o  box 741342 boynton bech  fl 334741342  561   9656139       ye  try cuttngedge softwre  dvertse busness thousnd onlne whenever   understnd 10 dy trl softwre  fully  delght  cheerfully refund purchse prce   queston sk  plese rush floodgte goldrush pckge        order wthn 72 hour  qulfy receve  floodgte goldrush pckge substntl dscount  order  both softwre pckge  349  95   sve  150 off retl  prce     softwre sell much  2  499  95        order wthn 72 hour  qulfy receve  unlmted techncl support 30 dy        wnt receve pckge overnght   m nclude  18  0  shp chrge        wnt receve pckge 2nd dy   m nclude  10  0   nclude nsurnce  return recept  shp chrge         m order floodgte  goldrush softwre wnt order  mllons eml ddress  ddtonl cost  100  0  enclose         m order floodgte  goldrush softwre  wnt order mllons eml ddress cd  enclose   249  0   checks  llow 1 week bnk clernce  nme                                                  compny nme                                                  poston                                              street ddress                                               cty  stte  zp                                             phone numbers                                                fx numbers                                                  eml ddresses                                                                                                          ccept check  money order  mstercrd  vs  mercn express  ether ml order  20 us fx order   561   9666839                                                             tody s dte                20 vs     mstercrd     mercn express     dscover         20 crd                                                        20 exprton dte                                              20 nme crd                                                 20 blle ddress                                              20 mount chrge                   sgnture                                             gree py ted keller ddtonl  29 fee check return  nsuffcent uncollectble fund  sgnture  x                                 dte                 plese send order form check money order pyble  ted keller p  o  box 741342 boynton bech  fl 334741342  561   9656139                                                     plese pste check here  fx check  need send orgnl check  ml  drft check  exct nformton  orgnl check fx us  plese fx bove order form check  1561  9666839  19  02osne  gw
q  wordnet spanish ,accuosto@fing,
50  better return ,N/A,federlly mndte  electrc deregulton  llow huge svngs consumer huge profts nvestor  proft brek merc s lrgest monopoly  electrcty deregulton  utlty ndustry 2 1  2 sze telecommuncton ndustry prove lest 2 1  2 opportunty   us tody  mgzne   nov  1997 v126n2630p14 rep  schefer  r   colo   chrmn house energy power subcommttee owner electrc compny relze potentl nnul return 50 100  nvestment  every someone turn lght  proft   lmt number openng prtner stll vlble r pprove progrm fmly opportunty esy retrement  lern nvestment severl thousnd dollr grow 3040  50 thousnd dollr next few provde ncome lfe  ye  r qulfy  genune busness  rel greement  mult level mrketng sellng nvolve  offer opportunty nvest rep rewrd prtcpte potentl proft electrc compny  begn future tody    cll us 1800  4441050 free  cost  oblgton vdeo presentton nformton pckge contn complete detls our outstndng opportunty
submit 600 is definitely,N/A,spm  receve messge member sfeml lst  wsh prt lstclck here                                                                  wnt ste found submt 600 s defntely web ste lttle unless those nterest  submt web ste 600 dfferent serch engne drectory  gurnteed submsson mjor serch engne nclude  lt vst ol netfnd excte hotbot nfoseek lyco  mgelln northernlght plnet serch web crwler yhoo  netscpe snp  com sve yourself trouble promote web ste submt600 tody    40 mllon web ste 400 mllon web pge dd every dy  thus  tody chllenge ever ste esly  wnt ste found clck here trouble log our url plese eml us request nformton regrd submt 600 clck here
email 57 million  99,N/A,57 mllon eml ddresses  99 wnt money  put touch over 50 mllon vrtully cost  one cent ech thess nme  proft over  500  0  0 s rght  57 mllon fresh eml ddress sell  99  fresh ddress nclude lmost every person nternet tody  duplcton  sort redy ml  best del nywhere tody  mgne sell product  5 1  10  response  s  2  850  0 pocket    nt beleve  knd money rght sme thng  why much eml sell product     work  even tell ml esy follow stepby  step nstructon nclude every order  57 mllon eml ddress yours keep  over over 1 cd  offer everyone  excellent rsk  rewrd rto offer nothng  money must stop drem cton                                          bronze mrketng setup 57  0  0 eml ddress cd nme text fle redy ml     99  0                                         slver mrketng setup 57  0  0 eml ddress cd nme text fle redy ml    8 dfferent bulk eml progrm tool help mlng lst mngement   139  0                                         gold mrketng setup vrtully everythng   57  0  0 eml ddress cd nme text fle redy ml    8 dfferent bulk eml progrm tool help mlng lst mngement  over 500 dfferent busness report sell nternet  100 ech  full rghts resell report  pckge eml ddress  softwre ml redy sell nformton product          collecton 100 best money dd currently flot round nternet   189                                         pltnum mrketng setup those redy  own net  57  0  0 eml ddress cd nme text fle redy ml    8 dfferent bulk eml progrm tool help mlng lst mngement  over 500 dfferent busness report sell nternet  100 ech  full rghts resell report  pckge eml ddress  softwre ml redy sell nformton product          collecton 100 best money dd currently flot round nternet        floodgte  goldrush fully regstered softwre   number 1 most powerful mss ml softwre world tody  nothng compre speed  relblty  performnce  blty  stelth  functon  pckge llow net own personl  money tree      379                                         severl wys order    order phone shp cd contnng 57 mllon  nmes wthn 12 hours order    1  ccept  mercn express vs mstercrd type crd mx  vs  mc                  exprton dte                            nme credt crd                         credt crd                                  bllng ddress                             cty                                          stte                 zp                      phone nclude re code                    eml ddress                               bll select mount ccount plus follow shp cost shppng cost 3  85 frst clss ml shppng cost 15  0 24 hour express ml  federl express sles tx dd r resdent    send correct mount csh  check money order     fre power      1320 n   b  st   sute 11224    fort smth  r 72901 2  send sme bove request credt crd nformton bove ddress  3  cll phone  530876  4293  24 hour phone number plce credt crd order  fre power  prvte compny fflte  endorse  ol  msn  nternet servce provder  copyrght 1998 rghts reser
            ernie s 8           ,N/A,every week erne evlute hottest ste nternet most populr ctegory   week s hot pck ctegory  gme ste   check our pck hottest ste  free csno stes  wn buck rsk    clck here clck here gmblng serch engnes  vst most populr gmble ste nternet    clck here clck here sports hndcppng stes  free sport selecton   clck here clck here gmblng nformton stes  ltest news   clck here clck here sty tun next week our hot  trvel  pck
re  6  249 dick armey s slip correction,N/A,m sorry orgnl post  seem obvous phonologcl msprocess possble type  slp  del  ndeed  nt  speech error  lterture  fk   frnk  seem totlly lkely error  vew  nyone phonologcl context    surely suspcon must prvtely slur representtve frnk creep publc dscourse    e   regster problem rther phonologcl one  seem unfortunte  respond  poltcl gend  prt erler post  lngust refuse brng our competence ber queston fer  poltcze   mrk
sum  native speaker intuition,N/A,severl week go post queston current sttus  ntve speker ntuton  our dscplne  prtculr  wonder problem pose vrton nterpretton sentence  vrton sometme become pprent tech  modern englsh grmmr   course tret englsh syntx nonforml  surfcestructure term prmrly m nonlngust  post  menton two sentence rse vry ntuton  dscuss summry frst  vz    john sk mry leve   one student clm mbguous between red where mry leve john leve  clm second red somethng  john sk leve   clerly mens john leve  sk mry  before contnue dscusson  must pont clss solct nterpretton sentence  nor expect chllenge red  essentlly presuppose  ssume   erroneously   student  perhp pont cler post lst  snce severl respondent mply problem rse solct nterpretton judgment  ndeed  genertve  grmmr  however  though pproch syntx course genertve request nterpretton sentence  student sometme chllenge ssumpton men  student nvolve merely contentous  chlk dfference personlty contnue unbsh  descrbe student contentous cse certnly dstorton  observton rse  seem  genune desre grp ssue  severl respondent pont recent reserch syntx del thorny ssue nterpretton  georgum green report one student  tm wllm   complete dssertton nfntve complement  one mjor pont  llustrte recton     john sk mry leve   subject nfntve  cll equus constructon syntctclly fx   hbe dssertton del rtculte prgmtc prncple govern nterpretton  msled us long nterpretton syntctclly fx    both dn lford dle russell note nterpretton sentence  john sk mry leve  men  john sk mry s permsson leve  enhnce power  sttus dfferentl between two nps  dle wrte  relworld stuff us len towrd one  red  pont where  re even wre potentl mbguty   provde exmple relworld stuff  johnny sk techer drnk wter   sentence fr eser red subject sentence subject nfntve  pont   ve chnge lexcl tem  frst object someone lkely poston grnt permsson  subject sentence someone lkely wnt perform cton nfntvl   follow lne nqury  tony bex offer enlghten pr exmple   1  techer sk chld leve room   2  chld sk techer leve room  contend sentence  typclly nterpret prgmtclly ccount perceve uthorty   e    1  techer tells chld leve   2  chld sk whether s  leve   ether cse  lkely chld leve  note pr exmple prove prtculrly muse llumnte student   especlly those    permsson  red peculr  tony s exmple demonstrte extent prgmtc knowledge ply prt nterpretton  response nfntve problem consttute one severl lne pursue respondent   tech undergrdute syntx course  comment dffculty few student even rudmentry syntctc nlyss  e  g   subject  predcte splt  often clm unversl strtegy mong englsh speker   comment fmlr problem ntuton ftgue  sum  werd strng 50 sound  strng 50 sound werd    stll ssue entre enterprse seprte syntx  prtculrly genertve vrety  though cler decontextulze sentence potentl rse one ntepretton  fct de dscuss crson schutze s forthcome book   emprcl bse lngustc  grmmtclty judgment lngustc methodology   publsh unversty chcgo press 1995  post  crson contend judgment dtum  provde rel  useful dtum  systemtcl creful collect  course speker dffer certn pont     nterest queston whether rnge vrton systemtclly constrn nterest theory grmmr expln   fnlly  one thred contrbute lrry hutchnson  menton hstory ntrospecton century   pont fct  frst psychology lb set ntrospectonst  completely over behvorst ntrospecton dump     lngust 50 s pretty much under swy behvorst  emotonlly gnst ntrospectonsm     enthussm generte chomsky sweep wy behvorst vewpont  long contempt ungude speker opnon   thnk respondent  cte below  nsghtful helpful remrk  hope dstort poston serous  mrlyn slv respondent  dn lford  mrk rnold  lure buer  krk belnp  tony bex  scott delncey  jkob dempsey  susn ervn  trpp  georgum green  lrry hutchnson  ngo plg  jm jewett  jule levn  chr l  steve mtthew  dn mxwell  mchel plmer  jenmre rouher  dle russell  mry ellen ryder  crson schutze  lnd shockey  jcque steyn  one respondent prefer remn nonymous
 language resource european minority language ,briony@cstr,
sumerologist ,N/A,re sumerologst nswer few fctul queston sumern  lexs mr
  through s body  mind  ,news@asiancityweb,
confidential report,N/A,revel secret fbulously welthy  offshore specl report  5599  unfr  dscrmntory dvorce settlement obsolete  report   ruthless credtor crnge red report   lwyer broke red report   hertless tx gency red red report   sneky poltcn nformton report everydy   greedy bnker doe wnt red report   report blck blled most government gency   bck stbbng reltve hte report  chnce lttle guy rch   20  rch even rcher   s true  s lttle leve lttle guy rch  u  s  mny country  strct rule regulton  dopt u  s  government hrd strt run  busness  own home  rse f rch re gong offshore  rch rcher pply most powerful welthbuld  secret tody  mny mllonre buld  empre offshore  outsde home country  whle busness  nsde country  legl tx shelter  20 key s borrow money work leverge  blty cqure money borrow leverge  borrow key welth buld tech  sme even lttle money strt   20 welth secret  merc s super welthy sme welth buld strtegy  where tody decde  someone else s  money become rch  s smple     problem convnce offshore specl report  5599  report everythng need strt   strt jon elte  2  5  u  s  ctzen   rch    here s hghlght report  5599 offer    rch  poltcns even rcher trust  sme  ncorporte offshore   completely prvte  wy  government s regulton  own secret offshore ml ddress   one  rel ddress  offshore prvte check ccount   depost money  py bll  offshore  pper trl  offshore tx hven   leglly dely elmnte tx  one   even government  offshore bc s trust   sset protecton credtor   government  hgh yeld offshore nvestment opportunty    rch 1  4  week money  offshore  tx free   sme  money opportunty   secrecy thrve ndustry  report tell ddtonl nformton rch  borrow money roll over progrm tx free self  lqudte lon  concept never repy one penny  self  lqudte lon  offshore  one tech needs report  j  o  b   month money    job  3d  over brek   selfemploy  py self employment tx  prme cnddte lw suts every drecton  sck tre frvolous lw sut  dd  u  s  2  67 lwyer every 1  0   lwyer hungry need sue someone reson survve  professonl doctor  techncn  rchtect  stock  broker  ccountnt  yes even lwyer   those  hgher verge tx brcket  mrry mrry pln lve  hpply ever fter  bck relty  u  s  dvorce rte  exceed 60  every  prtner wnt sure prtnershp true 5050 del  future  lve country strct rule regulton  lmt where run busness mnge  money  wnt retre fford lck  ncome rule put upon government  restrct  receve decent ncome  hgh udt rsk udt  government  dcttorl tx gency  gulty untl proven  nnocent  py government 40  60  tx  sck tre  close bnkruptcy need soluton soon  possble  20  40  unte stte  pycheck wy bnkruptcy  ye those  wnt sure chld receve 100   nhertnce wthout government stel wy  wnt keep busness personl ffr prvte   hrd dy ge computer  drem fnncl ndependence wnt  thousnd week run own home bse busness  wnt fresh strt lfe  nyone desre hed forttude  bg jon 2  5   rch  rch need report  relly surprse money need report   even choose few few dollr frustrte  return nvestment  need report  1  4  money ev wt   soon mong chose few  receve offshore specl report number 5599   50  0 u  s    s  probbly spend move nght  town   50 us bet system   jon rch  strt free bonus  1 1000  selle report  order offshore specl report number 5599 receve  certfcte regstrton llow full reprnt rghts  duplcte report sell whoever wherever wsh   keep money  py us nothng   20 free bonus  2 self  lqudte lon report yes    s possble borrow thousnd never repy one penny   remrkble system expln mnul credt  check  cosgner employment verfcton  fter revew  report put own self  lqud  self  lqudte  lon fnncl rrngement  element  rbtrge    compenste blnce   dvnce  pont  fund  utlze  expln ech three topc  pge  sum mens money  20 those order report december 1  1997 elgble receve  free bonus  3  4 below  free bonus  3  sure money web ste  thng often overlook most comer  vod those mstke  wnt money web ste  free bonus  4  guerllum gude bulk eml   everythe need  bulk eml  must nternet mrketer  plus 100  0 flmeproof eml  ddress free downlod  fresh nme  mrket product  once gn yours  50 plus  5 sh    order  complete follow form ml pyment tody  dvntge free bonuses     receve nterntonl money order pyment  tech  prech prvcy  plese send personl busness check u  s  postl money  order  bewre those nt prctce prech                  cut here                       ye  order llot  understnd receve  free bonus        order fter december 1  1997  understnd full reprnt  rghts sell report  5599 keepng money  plus free  self  lqudte lon report    check post mrk     money order pyble kmberly nle ml   20 tromol po 105 yogykrt 55002 ndonesum frst nme                                       ddress                                               cty                      stte        zp  postl code            country                             e  ml ddress                                        det                                                 cut here
sle conference announcement,sle@rullet,
mental lexicon,jarema@ere,
list software worldwide,address@15,
bulletproof web host     50 per month ,N/A,fresh ol ddress extrct week  1  0  0        20 2  0  0        35 3  0  0        50 10  0  0       100 ddress flter through 50  mllon globl remove  lst  vlble    bulletproof web host     50 per month  bulk eml servce     ll send d 20  0  10 clck here  plese note  lst vlble prox  70  ol  domn  lst
re  2  882 s   np np,mmorse@vm1,
re  ems simply best best ,N/A,remove nstructon below  remove request respectfully mmedtely cut edge eml technology   express ml server  mc  275 lmt  best eml progrm  try  red messge  prove work nywhere less downlod demo free our full servce web ste  complete step step nstructonl tutorl  vst our web ste  http    138  27  44  5  certh   c  user  mc try before buy  love  s bulk emler drem true   sme softwre  695  0   495  0 l  s  enterprse cll  808876  1550 nformton order copy tody  275  lmt   fx order  nfo request   808  8786869  nclude nme  phone number  eml ddress  vst our web ste  http    138  27  44  5  certh   c  user  mc 60 mllon eml ddress excellent  remove lst  servce vlble  99  ccept mjor credt crd  vs  mster crd  mercn express  dscover crd ccept check fx  smply fx check  808878  6869 nt hestte  cll tody offer lmt  express ml server  express ml server  ems  bulk eml softwre thng work  ems trnsform computer personl ml server  ddtonl hrdwre  ems softwre complete control mlng  ml send orgnte computer delver drectly mlbox recpent  snce ml orgnte computer  longer necessry nternet servce provder s ml server  prevous generton stelth clok type progrm  work uplod ml provder s ml server  progrm send ml through provder ml server wthout uthorzton  consder theft servce   problem  prevous generton stelth type progrm uplod messge fster ml server process  mny cuse provder s ml server bog down crsh  obvously  provder furous  furthermore  send hundred thousnd messge  unfortuntely  most smply flter delete ml server  lucky 10   20  ml delver  ems softwre computer emulte ml server ctully control wtch ml delver pece pece  100  delvery rte progrm nywhere nternet  100  delvery rte nternet eml ddress  bold clm true  ltest techncl dvnce bulk eml snce dvent stelth type progrm  progrm verfy domn vldty eml ddress before send ml  drmtclly reduce bounce bck undelverble  bounce bck undelverble sure bog down server  control where wnt bounce bck ml  eml ddress wnt ems  ems work dl nternet ccount   ol consder dl nternet ccount  sdn lne t  1 t  3  run wndow 95 nt  her person lose dl ccount softwre  one reson bulk eml frown upon numerous sp s  nternet servce provder  try send much ml  quck crsh ml server sp  wn hppen ems softwre snce nt snce nt ml server sp send ml  progrm ctully send ml drectly computer   bon fde ml server  recpent ml server vod potentl block prevent rech those ml lst   forge  heder rndomze nythng 100  ml delver  lthough progrm llow rndomzton customze heder  send ml omt      reply  porton heder  wnt send messge color  problem ems  select font color mouse  clck bckground color  wnt font bold put tlc  pont clck  wnt messge center shft leve rght  once gn pont clck  unlke   sme  dfferent nme  softwre strghtforwrd esy  log ol  lredy computer d need ems  provde techncl support phone nswer queston  ems work wndow 95 nt computer  requre ddtonl hrdwre softwre  ems softwre send speed 80  0 messge per hour delvered modest pentum 28  8 modem  rte drmtclly ncrese sdn cble modem course t  1 even fster  wnt dvntge brekthrough bulk eml technology us cll number below  nt pln repet mlng product dvntge opportunty  cost  275  0  money spend consder buy stelth  mny    operte sme   400  hppy stelth nt mnd frequent loss dlup ccount  lot complnt  lot ml delver due block crsh ml server delete ml  long result low response rte mlng  defet purpose eml frst plce  few wre technology  lredy lep bound hed competton  usng  sell nythng wsh  over over   consder decde offer ml servce   ve probbly eml clm send dvertsement eml cost  200 per 100  0  most nt relze 20 30 ml py send ctully delver  ml servce proftble  softwre  dvertse servce mllons free  cd roms 60 mllon ddress help strt  purchse  vst our web ste  http    138  27  44  5  certh   c  user  mc cll  m  c  phone   808  8761550 fx   808  8786869 plce order tody whle supples  ll hppy send demo copy nswer queston  cll us our full servce web ste ddress remove our ml lst dd our  globl remove lst  smply  http    www  ctct  com remove request respectfully mmedtely
re  6  100 sum  ipa history  hacek ,N/A,stemberger suggest north mercn lngust hcek follow trdton nterntonl nterntonl phonetc ssocton  lbel western europen orgnzton  even cursory glnce p membershp lst show p nterntonl body  mny north mercn member  govern elect councl  over hlf member outsde western europe  severl councl unte stte  estern europe  polnd russum   chn  jpn  ustrlum  fnlnd  south frc  ngerum  north mercn lngust dverse symbol follow truly nterntonl conventon   let hppen gree pproprte hcek pltolveolr sound  hcek dcrtc mrk nturl clss sound  propose 1989 kel conventon p  vote down conservtve collegue  consder mportnt keep p stble possble  pont vew  prefer mne  nevertheless pont democrtclly pprove nterntonl stndrd unless one keep  reluctntly vod hcek  peter ldefoge
capitalfm  com,N/A,unsubscrbe eml http    cptlfm  com  unsubscrbe                                                                  http    cptlfm  com  prty prk  best concert screen   festvl gude  99  our meg roundup summer festvl   tn cousns  under spotlght our weekly ntervew   musc gossp  ctch ltest pop hppenng   professor pop  prof nswer muscl queston   cptlfm  com shop  best prce musc                                                                   much  much http    cptlfm  com  prty prk  best concert screen  sundy july 4th 30 chrttop rtst ply lve front 100  0 fn d prnce s trust   ll brng cton lve webcst cton both stge behnd scene  cht fvourte rtst  exclusve photo  stun offer best musc  where 12  30pm 9pm july 4th rel prty sprt   festvl gude  99  our meg roundup summer festvl  pln ctch lve musc open r summer nt mss our festvl gude  ntty grtty glstonbury  red  t prk  v99 mny  s ply  most mportntly survve festvl experence  plus stck offer bck ctlogue cds rtst ply summer   tn cousns  under spotlght our weekly ntervew  spotlght turn tn cousn week s relese sngle  forever  dvnce lbum  klle  next month  ctch ple pst under spotlght ntervew   musc gossp  ctch ltest pop hppenng  keep dte word street pop  delve ltest news ln morssette  mel g  ronn ket  r  e  m   where   professor pop  prof nswer muscl queston  weekly brek reserch pop s obscure corner  professor pop nswer queston  msher lyrc  cover verson  theme tune nythng else  ve puzzle over  much  much http    cptlfm  com  cptlfm  com shop  best prce musc   ltest lbum relese nclude jmroquus s  synkronse  11  99  plus sve bck ctlogue ltest tour  long wt lbum chemcl brother  11  99  blonde ger summer tour pck lve lbum 7  99 sve bck ctlogue   preorder forthcome lbum relese  95  8 cptl fm s chr trrnt relese ultmte summer prty lbum 28th june feture ht both pst present  preorder 11  99  order must plce 6pm 25th june   plus chnce preorder nsync s debut lbum 11  99 due relese 5th july   preorder desptch sturdy pror relese dte delvery dy relese  plese llow three work dy uk delvery  uk delvery 1  0 sze order  http    cptlfm  com  shop                                                                  dvertsement constellton csno specl promoton constellton csno  premer csno nternet offer specl del cptl rdo regster member  sgn between june 22nd july 21st follow url receve  30 free ccount    http    www  vrtcsno  com  csno  cptlrdo  htm try offer  ply blckjck  vdeo poker bccrt onlne enjoy qulty grphc ls veg wn odds  best bet nternet    plese  note one sgn per vstor llow                                                                   dvertsement buy home never eser  need vst propertycptl  lnk best orgnston rght home never eser  wtch crefully    mny feture propertycptl prze wn  http    cptlfm  com  propertycptl                                                                  dvertsement wnt tody  s    s excte s london  rdo world here frst uk  wthn rdo world  crete own chrcter cht round globe  vst cptlfm  ttend onlne event lsten lve whle meet frend    wnt  clck lnk below    http    cptlfm  com  newrdoworld                                                                   dvertsement wnt wnner  competton zone  where everyone where mny before    free holdy  cnem tcket  beer  beverge weekend brek  stll here  clck below enter one fbulous competton prze wt wn  http    cptlfm  com  compzone
webmine,N/A,free whte pper dtum mne web dtum  http    www  webmner  com  pper  htm
ancient vocal tract simulation,N/A,work follow work ltmn  lebermn et l reconstructon vocl trct homnd erly humn must  beleve mechncl smultor output  nterest detl  whether nyone try computer smulton phonetc rnge vocl trct dffer those modern humn e  g  hgher lrynx  relte queston  letter scentfc mercn go orgn lnguge work bse fllcy  mmml humn brethe swllow sme   red seem underly mjor work  d confrmton wrong someone pont where debte  debte  pont vew  gnornce ntomy  physology bologcl nthropology  seem queston frly esly resolve emprclly  ptrck mcconvell  nthropology  northrn terrtory unversty  po box 40146  nt 0811  ustrlum
punctuation,punct-l@milwaukee,
1998 nic symposium,jen@ling,
lately ,N/A,remove ml lst http    vctorn  fortunecty  com  kngston  80  removepge  htm           flord  bhms  cncun fmly holdy               select enter lmted  fmly getwy 2 dults 3 chldren 4 dults  offer vlble world wde lmt  nformton  http    vctorn  fortunecty  com  kngston  80  trp  html
call paper  dgfs meet 1998,tenthije@phil,
electric motors,N/A,der sr  mdm mnufcturer electrc motor vz  c  motor  dc  motor  specl type motor  enter nterntonl mrket order bulk quntty mnufcturer motor  mrket motor under own brnd nme bulk prce notpossble mnufture home country  offer sx month ste fclty gnst confrm rrevocble letter credt prme bnk us dollr  vst us http    www  elmomchne  com our wde spectrum product  wt fvourble response end  regrd  nuj ptel propretor telefx   91 79 6421347
win   ,N/A,enter super novum sweepstke    wn free vcton two gretest csnos round world    clck rght here  rght  frst stop  0 ls veg  enjoy luxurous sty ls veg strp where fbulous entertnment exceptonl dne  second stop sun cty  rejoce splendor south frcn resort town whle gmble fr southern hemsphere  fnl stop  monco  world s most royl cty  where  ll gmble relx mdst europen splendor  totl   ll 11 nght 12 dy luxurous entertnment gmble most spectculr csno world offer   0 enter  clck rght here  rght
2nd acm international conference digital library,diglib97@sis,
university alabama  matesol program,N/A,deprtment englsh unversty lbm nvte pplcton tenure trck ssstnt professor poston our m    tesol progrm  strt ugust 1995  duty nclude tech  2 course  semester   reserch servce  our m    tesol fculty work closely our collegue u s englsh lnguge nsttute  el   ph  d  pply lngustcs tesol requre  strength lnguge tech methodology second lnguge cquston theory  competence lest one lnguge expect  nterntonl tech experence hghly desrble  preference cnddte nterest work our fculty rhetorc composton  welcome collborton collegue foregn lnguge deprtment through our emerge m   t  progrm college rt scence  preference cnddte nterest clssroomorent reserch  reserch opportunty  1  our lrge freshmn composton progrm seprte secton nonntve englsh speker   2  u s ndependentlydmnster ntensve el lrge nternl progrm frequent externl progrm   3  u s welldevelop selfnstructonl lnguge progrm  crtcl lnguge   locte blck wrror rver westcentrl lbm  tuscloos unversty town 100  0 mld clmte resonble lve cost  50 mle southwest brmnghm wthn hlf dy s drve tlnt  gret smoky mountn  nshvlle  memph  orlen gulf cost  send letter pplcton  c  v   nme 3 reference  representtve publcton ctherne dvy  chr tesol serch commttee  dept  englsh  box 870244  unversty lbm  tuscloos  lbm  354870244  unversty lbm ffrmtve cton  equl opportunty employer  serch remn open untl poston fll  however  serch commttee begn revew pplcton dec  1  1994  possblty ntervew ls meet orlen  l  tesol meetng long bech necessry   pplcnt let us conference pln  ctherne e  dvy dept  englsh  box 870244 unversty lbm tuscloos  lbm 354870244  205  3489522
discourse conference final call,gurt@guvax,
req,N/A,unversty degree progrms ncrese personl prestge money ern power through dvnce unversty degree  emnent  nonccredt unversty wrd degree  200  degree grnt bse present knowledge experence  further effort necessry prt  short phone cll requre b  m  mb  phd dplom feld choce  detl  cll 602230  4252
book  morphology,pub@roslin,
re  6  221 sum  progressive future reference,bertinet@sn,
query  causative korean,hiromus@psych,
8  859  disc  punctuation,N/A,john phllp  8  859  sk  respect postrophse plurl  e  g   dyslexc s    sont s     exctly grounds condemn usge    one joy lngustlst here queston sk  cdemc ddress    benjus wld perceptvely remrk  ebonc debte  lngust  lngust  beleve equl vlue lnguge form  perhp wden queston  grounds condemn prtculr vrton humn symbolc behvour  vocbulry  ccent  spell  non  s unt  fcl hr  clothe  te unte lce    l  nswer unverslstc  down one two tyrnncl reson   ll hrm job prospects   even tyrnncl  peer fun  depend reference group   whom  mercn reder   much feel fght  lot cdemc lngust fct neutrl ssue   wnt sort compenstory justce usge dsdvntge group   threten lnguge  bologst collegue   threten speces     course  selfserve morl reson   expln gulf ncomprehenson between  hrd common grnd between those beleve  better oneself  those nvdous rubbsh  roger depledge freelnce trnsltor toulouse
promote business online ,info@emcu,
word own opposite,N/A,st sdore sevlle source  lucus non lucendo   pul werth suggest  however  s ccdent benjus wld ttrbute  etymology  vrro  11627 b  c  e    ltter responsble etymologcl gem vllum    quod e vrcre nemo posset   vllum   cmp wll  one  vrcre  s trddle over     de lngu ltn   v  117  qu vx gus potest  hnc ngportum  qu nl potest gus  hnc ngulus  where hrdly possble nythng  gus   drve   cll  ngportum   lley   where nothng  gus   drve    ngulus   corner    bd   v  41   footnote loeb edton  de lngu ltn  refer  dervton contrry men   cte nother exmple  ludus  quo mnme ludtur  school  lttle ply   festus  122  16m   kren bumer yle unversty
re  6  797  comparative method  n  ary comparison,N/A,gotch  two seprte fllcy rgument gnst nry comprson dscuss recently power  delncey  guy pprently seek defend   1  jnhunen probblty mtch occur purely chnce compre jpnese four lnguge four compre one lnguge  smply cnnot true probblty vlue between 0 1  probblty cse bnry comprson  5  predct 2 cse nry comprson  mpossble  2 between 0 1   2  fllcy purely mthemtcl  lthough suspect nvolve element confuso  cse  one rgue nry comprson ever tlk mtch 2 n lnguge   guy s number  scenro 100  word lst shft menng  14  5 probble spurous mthce bnry comprson 5  8 mtch between 3 5 lnguge  0  13 one between 4 5  much smller number yet cse 5 5  sure jcque defne spurous verfy number  certnly rght order mgntude  consder lnguge  ntl probblty mtch declne  usully hppen toy model rel dtum   hppen need fewer fewer n lnguge compre gree  thus  guy s exmple mtch between n  2 lnguge 5 less lkely occur chnce one between 2 2  n 100   e   compre 100 lnguge  need n  2   e   98  lnguge gree ble better bnry comprson  mny mny fewer  lthough nt mny snce formul jcque ssume ntl probblty mtch   mybe  kndly supply number  lght  let us dd nother rgument reject ndo  europen  bopp never offer mthemtcl demonstrton reltonshp propose unlkely due chnce  much less bnry comprson every pr ndo  europen lnguge  show unrelstc whole de comprson  wnt  lest let us cler mnmze flse postve   e  mtch due chnce relly reflectve common orgn  flse negtve   e   flure genune hstorcl connecton   second pont  rgument nry better  lexs mr
re  urgent buy alert ,N/A,compny  mrk ndustry symbol  m k  mkus  prce  3  8    375  shre  m k nnounce fflton one subsdry tt  mngement project  100 mllon revenue gol current rte growth  compny s stock trde  4 rnge   m k rte mmedte  strong buy   nformton m k  http    quote  yhoo  com
,serveu@adtekphotomask,
lexical semantic system  deat change,wlss98@celus,
please read ,moongoddess@wwn,
disc  grammar uk school,N/A,dsturb trdtonl fllcy geoffrey smpson s dscusson tech grmmr school  though longer copy prof  cmeron s orgnl post  recll essentl  mr  smpson pss over vld pont fvour prescrptvst   bck bscs  defense trdtonl grmmtcl educton  prof  cmeron perfectly correct rdcule nflexble  rote prescrptve pproch grmmr conventonlly nflct student throughout englsh spek world  ssue ble stndrd englsh  perhp   stndrd englsh  correctly entrely seprte relnce trdtonl  rule  frequently unhelpful  often grossly nccurte  rule regrd fnsh sentence preposton  one glre exmple  totl msunderstnd both hstory englsh  unhelpful preoccupton effectve communcton   strke kn suggest techer  french forget tech pst prtcple  vvre   fvour pupl develop consder opnon  theory derrd  though mr  smpson nterest rhetorcl mge here  fct flse nlogy  tech student feel functon grmmr lnguge fr cry tech gb theory hpsg  understnd sentence  cluse  verb tense  dverb  etc  ctully functon bsc level s resonble eductonl gol  fr worthy crete bunch  nt  s  never  s cll grmmtcl educton   beyond  though  tech orthogrphy grmmr school level  much broder eductonl vlue  one lesson  lern nothng bg worthwhle ever cheve  lfe wthout creful ttenton endless tedous often rbtrry  detl  rsk gross ntonl stereotype  feel compel quote george bernrd shw   brtsh beleve morl merely uncomfortble   noton educton  work  mtter  must unplesnt produce result purtncl relc  personl experence  successful tend precsely one delegte  slough off vod wste  tedous rbtrry detl    plese red precede prgrph tongue plnt generl vcnty cheek   sprt greter serousness though  second prof  cmeron s cll eductor bndon prescrptve  rulebse pproch grmmr  embrce generl pproch bse comprehenson flud menngful prncple  beleve result student better grsp form functon lnguge rther shllow nflexble mstery fcle rule      mrc hmnn
creat wealth america,N/A,cret welth merc  desk robert llen  uthor 2 meg best  seller  nothe down cret welth merc sn dego  clfornum 11  29 p  m   cnt sleep untl off chest     m extremely frustrte   odd nne ten receve letter dscrd wthout second  yet  dscover secret chnge fnncl lfe forever   m shre free  wnt end money pressure forever  wnt double ncome  wnt buld extr strem ncome quckly  nswer yes  let show begn lve drem  before s too lte   ll rght pont  letterhed  nme robert llen   m fmous two  1 york bestsel book  nothe down cret welth merc  lot mllonre credt success one book semnr  shre secret  wnt  ve homework  here  dscover beleve perfect homebse busness  lthough  m relestte nvestment book semnr  busness bsolutely nothng relestte  fct  s much eser fr less rsky  nvolve   employee  lttle rsk  lttle strt csh  s smple  nyone ern  1  0 week lttle 90 dy  one person zero  3  0 week 60 dy  s  150  0 extr  hsslefree ncome  20 reserch  honestly    ve never fster  eser crete strem ncome   sound too true  frnkly  nt beleve myself frst  fnlly  gree check  test  select smll group ntroduce ncredble opportunty  lmost mmedtely  mny strt ern proft  wthn week  mny ern ncome  4  0 per month net csh flow   csh check  3  0 week  begn  ern potentl unlmt  lern  d love show   re nterest enough one telephone cll  number cll mmedtely 1888  5716637  s 3  mnute  24  hour record messge  nswer seek  wrmly  robert g  llen p  s  wnt show crete extr strem ncome quckly  phone cll 1888  5716637
credit program  guaranteed credit ,N/A,bd credt  credt  bnkruptcy  dvorce  judgement  student  problem sck credt rejecton  help   qulfy unsecured mjor credt crd regrdless pst credt hstory  s rght    securty depost svngs ccount requre whtsoever  sck deny credt gn  let us help   obtn credt seek our progrm   credt deserve    dont dely fll servce request form tody result 710 dy express servce vlble ddtonl  5  0 express servce result relese 2  3 dy gurnteed                                    credtmtch servce request form complete return form  ntonl resource center 291 rdge rod sute 78 north rlngton  nj 3609 check  money order pyble  ntonl resource center mount  29  0 frst nme  nme  street ddress  cty  stte  zp code  telephone number  det brth long ddress  re u  s  ctzen  employer nme  nnul ncome  employer phone number  long job  check ccount  svng ccount  unsecure credt crd  yes bnk  deny credt 60 dy  judgement enter gnst 6 month  ever fle bnkruptcy  yes dte dschrge  rte credt scle 110 10 excellent  ever convct credt frud  her our servce ntonl resource center responsble denl credt due flsfcton nnccurcy nformton provde bove  nformton perform credt mtch servce  nformton provde conduct credt check  fnl credt verfcton pprovl conduct bnk mtch pply  must enclose  29  0 mde pyble ntonl resource center   25  0 chrge dded ccount returned checks  none bnk mtch fnl pprovl unsecure credt crd  full prompt refund plus 10  refund   provde pyment  ve pply ech bnk wthn 30 dy receve fnl result   elgble refund  nformton provde bove must mtch nformton contn credt report credtor pplcton  s  note  servce vlble us ctzen  vod were prohbted lw sgnture                                det
,N/A,nterntonl drver  s lcense need drver s lcense  too mny pont trouble  wnt lcense never suspend revoke  wnt d nghtclub hotel checkn  vod tcket  fne  mndtory drver s educton  protect prvcy  hde dentty  unte nton prvlege drve freely throughout world   conventon nterntonl rod trffc september 19  1949  world court decson  hgue  netherlnd  jnury 21  1958  dvntge rghts  order vld nterntonl drver s lcense never suspend revoke  confdentlty ssure  cll    1937  5869313
improvements wound care ,N/A,hello  nme kevn elphck mnge drector nurse nnovton mnufcture supply rnge nnovtve wnd dress protector nme  keep  drus dressng  ustrln hosptl perod excess 8  nterntonlly wrd wn product extensvely over 70  western ustrln hosptl  reference vlble upon request  supply hosptl nterntonlly  however  experence dffcult ntlly ntroduce product hosptl  once hosptl strt keep  drus dressng lwy contnue  our success relte fct quck esy pply  sve stff  relly work  result lower nfecton rsk  reduce ptent trum lower cost hosptl  free smple contct web ste http    www  ngelfre  com  c2  nursngone here full product descrpton  dvntge lnk eml ddress  pprecte suggeston help ntroduce excellent product hosptl re comment our product  mny thnks dvnce  kevn elphck nurse nnovton 23 yulem street mullloo  perth  western ustrlum 6027 6189487  1807 http    www  ngelfre  com  c2  nursngone                                                k
lexical functional grammar conf  final call paper,lfg98@sultry,
book  sociolinguistic,service@benjamin,
call ,N/A,h  ever wonder  s store tomorrow   re meet  whether  re gret job pply   20 meet genunely sgnfcnt   85just nythng else nvolve future event  why  expect  cll psychc hotlne  t  20 1900  4353541 1888  3036456  need help dte  wnt meet sgnfcnt  h  ve fun rght person re  wthout trl  error hssle dte  cll dtelne 1900  4353541 1888  30  36456  s  4  count  four servce choose f  rom cll  s begn  pck  phone us cll  those number gn 1900  4353541 1  8  88303  6456  strt fulfll fntsy drem  us cll   20 soul mte end lne  phone c  ll wy  nt mss  cll   18 older plese   2  99  5  99  mnute
unlimit income ,N/A,unlmted ncome meetngs  phone clls  conference clls  sellng  monthly quots chsng round frends reltves  smply dvertse our compny  s 800 number under personl code number  compny nswer clls questons  sles  collect money  shp product send check ech sle  proof  cll 24 hrs   dy     recorded messges    1888  4466951  1888  7035389  1888  7313457 1888  7150642  strted rght wy  cll 1800  8112141  8m 10pm   cst   monst   code number 56404 sked our trned professonl  sk free   vcton cll   thnk
extra holiday     ,N/A,never thought d one telle  ctully red pece e  ml   m goe europe proceed  hello  nme kren lddell   m 35  yerold mom  wfe  prttme  ccountnt  rule  delete unsolct  junk  eml  ccount prmrly busness  receve ssume  sme eml countless delete ech  two month go receve gn  ctchy  subject lne  fnlly red  fterwrd    ok     m try  certnly fford nvest  20   hnd  s nothng wrong crete lttle excess  csh   promptly ml four  5 bll  fter receve  report  py frend mne smll fee send eml  dvertsement  fter red report  lern  esy bulk eml free   20 prepre result  everydy sx week   p  o  box overflow  5 bll  mny dy excess fll  extr ml bn  ve upgrde corportesze box   stun money keep roll  s hrd beleve  those nt  work   husbnd sve severl  substntl downpyment house   purchse  house 40  down   re vence  tly celebrte  promse  follow drecton eml  prepre eventully set sde hour ech dy follow   count money    lest much money   nt need wz computer   ll bet lredy   open envelope  remove money  send eml  messge   re bnk  red   ll understnd esy  once skeptc    follow copy eml red                                                                    legl  moneymkng phenomenon  prnt letter  red drecton  red gn    embrk most proftble unque progrm  ever  mny over  demonstrte prove  blty generte lrge mount csh  progrm show  fntstc ppel huge evergrow onlne populton  desrous ddtonl ncome  legtmte  legl  moneymke opportunty   requre contct  hrd work  best   never leve house  except ml  bnk   20 truly lucky brek  ve wt  smply follow  esy nstructon letter  fnncl drem  true  follow correctly  multlevel mrket progrm  work perfectly   100  every  thousnd progrm   rse cptl strt own busness  py off debt  buy home  cr  etc  chnce  nt pss                                                                                      overvew extrordnry  20 electronc multlevel mrketng progrm                                                                                     rech fnncl freedom  send thousnd product  5  0 cost next  nothng produce eml  multlevel busness   ncrese busness bulde downlne sell  product  report   every stte u  s  llow recrut  multus  level busness onlne  vum computer   product progrm seres four busness fnncl  report cost  5  0 ech  ech order receve vum  snl ml   nclude    5  0 csh  nme number report order  eml ddress where eml report  order  fll ech order  smply eml product buyer   s    5  0 yours  esest multlevel mrket  busness nywhere   20 follow nstructons letter prepred rep stggerng benefts         n s t r u c t o  n s        must  1  order 4 report show lst below   ech report  send  5  0 csh  nme  number  20 report  re orderng  eml ddress  mportnt   return postl ddress  cse problem   20 person whose nme correspond prtculr report   20  plce order  sure order ech four report  need four report sve  computer resell  sve dvertsement   usully wthn 10 dy receve  vum eml  four  report   20 sve computer ccessble  send  20 1  0 s order  2  mportnt   lter nme lst next  ech report  sequence lst   nstruct below step   through  f  lose  mjorty proft  once understnd work    ll  20 nt work chnge  remember   method  20 test  lter  work   below lst vlble report  b  fter  ve order four report  dvertsement   20 remove nme ddress under report  4  person  20 through cycle doubt count 50  grnd  c  move nme ddress under report  3 down report  4   20 d  move nme ddress under report  2 down report  3  e  move nme ddress under report  1 down report  2  f  nsert nme  ddress report  1 poston  plese sure copy everyone s nme ddress ccurtely  3  entre letter  nclude modfy lst nme   sve  20 computer  chnge nstructon porton   20 letter  open testmonl wrte one own   nt sve d  soon delete mlbox   20 4   re redy strt dvertse cmpgn worldwde web  dvertse web  nexpensve  hundreds free plce dvertse  nother venue dvertse eml lst  try  serch serch engne  bulk eml   eml servce    20  eml lst    20  20 5  every  5  0 receve  must eml  report order   s  lwys provde smedy servce  20 orders  gurntee eml send  nme ddress  prompt cnt dvertse untl receve report                                            vlble reports                                              order ech report number nme    note   lwys send  5 csh ech report  check ccept   sure csh concel wrp lest two sheet  pper   one those sheet pper  nclude    number  nme  report order   b  eml ddress   nt forget     c  postl ddress  suggest rend  mlbox ddress ssume nme vod nme home ddress  send mllon  exmple   compny   nme lst below   wrte nythng envelope except return ddress  recpent nformton                                                                    report  1   250  0 through multlevel sles   20 order report  1   20 ne p  o  box 673355 mrett  g 30067                                                                   report  2  mjor corportons multlevel sles  order report  2  mrco 2350 srng rd   30  194 smyrn  g  30080  20                                                                   report  3  sources best mlng lsts  order report  3  smy p  o  box 673366 mrett  g 30067                                                             report  4  evlutng multlevel sles plns  order report  4  ndz ssoc  1579f monroe drve   240 tlnt  g 30324  20                                                                                                                                                                       here  s mzng pln  money                                                                                                      let s decde strt smll work   ssume gol 10 prtcpte frst level    plce lot free d nternet esly lrger  response   ssume everyone else orgnzton  10 downlne member  follow exmple cheve stggerng  result below  1st level   10 member   5                                          50 2nd level   10 member those 10   5 x 100                     500 3rd level   10 member those 100   5 x 1  0             5  0 4th level   10 member those 1  0   5 x 10  0      50  0 totls               55  550 remember frend  ssume prtcpte  recrut 10 ech  moment hppen  20 prtcpte  most 100 s prtcpnt    cost prtcpte prctclly nothng  surely  fford  20   obvously lredy nternet connecton  eml free         tps success         tret busness  prompt  professonl  follow  20 drecton ccurtely   send four report mmedtely  20 order strt  receve  5 order  must send request product  report comply u  s  postl  lottery lw  ttle 18  secton 1302 1341 ttle 18  secton 3005 u  s   code  code federl reg  vol  16  secton 255 436   stte  20  product servce must exchnge money receve    lwys provde smedy servce orders receve   ptent persstent progrm  follow  20 nstructon exctly  result undoubtedly successful   bove  fth yourself succeed         success gudelne        follow gudelne gurntee success  nt receve 10 20 order report  1 wthn two week   contnue dvertse untl   couple week lter  receve lest 100 order report  2  nt   contnue dvertse untl  once receve 100  order report  2  relx  system lredy  work  csh contnue roll  s mportnt remember  every nme move down lst  plce front  dfferent report  keep trck progress wtch  report order  wnt generte  ncome  send nother btch eml strt whole process gn   lmt ncome generte busness         t e s t m o n l s        progrm work  must follow exctly  especlly  rule try plce nme dfferent poston   wn work  ll lose lot potentl ncome   m lve proof  work  relly gret opportunty reltvely esy  money  lttle cost  choose prtcpte  follow  progrm exctly   ll fnncl securty   20 sen mclughln  jckson  ms nme frnk  wfe  dor  lve bel  r  md   cost ccountnt mjor u  s  corporton pretty  money  receve progrm grumble dor receve   junk ml   fun whole thng  spout knowledge  populton percentge nvolve    nt work  dor  totlly gnore suppose ntellgence jump both foot   mercless fun  redy ly old  tell   thng nt work     lugh  wthn  two week receve over 50 response  wthn 45 dy  receve over  147  200  5 bll  shock  sure  fgure nt work  m belever   jon dor  hobby   seven untl  retrement   rt rce  s  owe  mlm  frnk t   bel  r  md mn reson letter convnce system  honest  lwful  extremely proftble  lrge  mount money short  pproch severl before  check  jon one expect return  mnml effort money requre  stonshment   receve  36  470  0 frst 14 week  money stll  sncerely yours  phllp  brown  esq  gmble type  severl week  mnd prtcpte pln  conservtve  decde  ntl nvestment lttle  nt enough order lest money bck  boy   surprse medumsze post offce box crm  order  whle  overlod strt pck  ml wndow   ll money 10  lfe before  nce thng del nt  mtter where u  s  lve  smply nt better  nvestment fster return  mry rocklnd  lnse  m thrd prtcpte pln  qut our  job  soon buy home bech lve off nterest  our money  erth pln work   ske  fmly s ske nt pss  golden opportunty  luck hppy spend  chrle frchld  spokne  w order reports tody  20 strted rod  20 fnncl freedom
s ,N/A,hello frend  nme crl smmon  october 1988  receve bulletn ml  nturlly skeptcl  decde try hevly debt  everythng gn nothng lose  even progrm work frcton exmple show  success   m dd note here tell does work  never forget hppen  follow nstructon exctly  totl cost  46  0 nclude postge  drop envelope off post offce work one dy lte october hop ern few dollr buy chrstms present  recpe order person  1 poston week  much fter untl few week lter boss tell wfe cll need home mmedtely due emergency  rce home pnc  throw prtment door open  sght  wfe stnd over ple envelope mlmn dump lve room floor two bg cnvs bg  spend rest dy most nght open count 3  245 envelope  ech contn  2  0 selfddress stmp envelope  next dy receve 4  274  order stop  two week lter  receve  92  428  0 csh   wonder prnter though prnt 46  0 copy recpe one week   needless  mmedtely qut job  py off l debt full strt nother ml  dte revenue pproch  1  0  0  0 cold hrd csh  beleve  sme thng  lucky brek hop lfe  drem true    pss  most dffcult prt compny provde responsve nme  fter try mny nme source  run cross two compny provde best nme progrm  ddress prce below  mjg dvertse 200 nme  24  0 p  o  box 3009 500 nme  35  0 mple glen  p 19002 1000 nme  50  0  215  6431328 2000 nme  75  0  800  8808143 mrnco lst 200 nme  20  0 p  o  box 2046 500 nme  35  0 bngton  m 1257 1000 nme  60  0 request  3001 2000 nme  95  0 fortune esy follow sx step  1  send self ddress stmp envelope  2  0 csh wrp sheet pper specfy recpe order number  ddress  1 through  5 end bulletn  2  order lest 200 nme ddress lbel compny menton erler  3  whle wt lbel rrve  remove nme  1 spot move ech nme one poston  plce nme ddress spot  5  move nme ddress  recpes  best retype set pst over orgnl  4  locl prntshop prnt lest 200 copy bulletn  5  fold prnt bulletn plce envelope  sel stmp  6  lbel rrve  plce one ech envelope ml  here s best prt  money  here hppen 10  respond ml  send lest 200 nme poston  5  20 send lest 200 nme poston  4  400 send lest 200 nme poston  3  8000 send lest 200 nme poston  2  160000 send lest 200 nme poston  1  168420 x  2  0 ech   336840 60 90 dy    course lmt ml 200 bulletn  one ml  send 250 repet mlng drstclly ncrese ernngs  receve 1  0 request recpe  3  st bck relx re soon rch person  ye  perfectly legl ml order mrket pln  doubt  refer ttle 18  secton 1302 1341 u  s  postl lottery lw  product servce must exchnge money receve  cse  product recpe  pln honest work  rewrd tremendous  keep creful ccount money receve money spend ncome tx purpose   secret thousnd yourself  red bulletn crefully rered gn   mth consder welth potentl hold  send  2  0 csh selfddress stmp envelope tody ddress poston  1 below   order those recpes tody  1  chocolte crem pe 2  pnepple bvrn puddng henry w  frye  sr  hrold lookwood 24684 twood ve  123 skokort st  moreno vlley  c 92553 seymour  ct  06483 3  chocolte wlnut cookes 4  cheese grlc bscuts vncent myer  jr  dlh enterprse nc  848 n  rnbow   351 p  o  box 5854 ls veg  nv 89107 sn jose  c 95150 5  mgc cookes br cw enterprse p  o  box 3004332 corvll  97333 try smlr progrm cost  5  0  one  response 3   frst send recpe progrm frst response one week  send 250 letter nsted 100 percentge gn hgher  try gn 500 letter surpss  141  236  0  luck  relly works    slly fresch  st lou  l
hello,N/A,unversty degree progrms ncrese personl prestge money ern power through dvnce unversty degree  emnent  nonccredt unversty wrd degree  200  degree grnt bse present knowledge experence  further effort necessry prt  short phone cll requre b  m  mb  phd dplom feld choce  detl  cll 602230  4252
teach material statistical cl,joakim@ling,
symposium mean  metaphor  religion,feyaert@art,
baby nickname,kdammer@hotmail,
current topic constraint  base theory germanic syntax  2  cfp ,tibor@heidelbg,
re  6  381 word own opposite,arian@th,
adv  y2k    pristine  remote wilderness acreage ,tmedia1@idmail,
lucky ,remlst@2bmail,
free music  audio book   software,N/A,lsten  every dy thousnd musc lover  news hound  book worm nformton junke downlod free udo over nternet  s fst  esy totlly free  jon  clck hghlght lnk below check yourself  http    www  mssoft  com  rtr2  cgus  wy  980611  tp1  vbnqenvsuprqpnpphx  ml reder support clckble lnk  copy url web browser   check fun nformtve free udo clp oneclck wy                                       musc  clck hghlght url below  http    www  mssoft  com  rtr2  cgus  wy  980611  mc4  vbnqenvsuprqpnpphx totl 10 musc ctegory  nclude  jzz  ge  regg  populr  clsscl  rock  roll    ll sure somethng tp mouse  mrnd lee rchrd   her yet  check  unsgn bnd  re musc secton personlly dscover tody s upnd  rtst                                       udo books  clck hghlght url below  http    www  mssoft  com  rtr2  cgus  wy  980611  bk2  vbnqenvsuprqpnpphx downlod lsten wde rnge fcton  non fcton  best seller clssc free  tody s feture udo book  t  rex crter doom   jon berkeley geologst wlter lverez  tell tle sterod lrger mt  everest slm erth  force eventul extncton dnosur our plnet                                       udo csts  clck hghlght url below  http    www  mssoft  com  rtr2  cgus  wy  980611  cs3  vbnqenvsuprqpnpphx dly rtul downlod fun nformtve clp  old rdo   experence rdo brodcst old  gunsmoke    lone rnger    dmenson x  return lfe sme ntrgue suspense cpture mgnton entre generton  str det   unverse lttle better strdet  fct fll gude nght sky mcdonld dougl observtory                                       udo news  clck hghlght url below  http    www  mssoft  com  rtr2  cgus  wy  980611  nw5  vbnqenvsuprqpnpphx npr s morn edton   keep nform  morn edton  ntonl publc rdo  bob edwrd host populr dly news show offer ndepth report nlyss dy news event  nt forget check newseek  p  cnet rdo  24  hour stellte   free                                       free udowz softwre lsten whenever wnt udowz let relly control udo world  cd  nterfce sngleclck downlod feture run  s rel fst   s free  clck hghlght lnk below udowz free  check gret free udo  http    www  mssoft  com  rtr2  cgus  wy  980611  n6  vbnqenvsuprqpnpphx  ml reder support clckble lnk  copy url web browser   p  s  udo selecton keeps growng dd menton free hour  ltest  hottest busness ntonl news   drect our stellte feed desktop vum free udowz softwre  p  p  s   dd menton tmely  excte  hghly relevnt dgtl udo clp lwys yours downlod free  clck hghlght lnk below check  http    www  mssoft  com  rtr2  cgus  wy  980611  en7  vbnqenvsuprqpnpphx  ml reder support clckble lnk  plese copy url web browser    udowz requre 16mb rm  10mb vlble hrd dsk spce  ms nternet explorer 3  0 netscpe nvgtor 3  0  pc udo cpblty                                                receve messge error  wsh receve further updte offer  plese  clck below remove yourself ml  http    www  mssoft  com  cgbn  rem  vbnqenvsuprqpnpphx reply vum eml  remove  subject  copyrght 1998 sset mx
summer school course japanese,jball@pomona,
ecml  98 tanlps workshop  first call paper,basilus@info,
  free low rate phone card giveaway   ,43231jpg@woyw,
anaphora resolution   special issue machine translation journal,klink@wkap,
re  racist linguist plot  linguist list  vol5  1467 ,dalford@s1,
cal  98  extend deadline abstract,cal@soa,
www page  south african conference,wade@mtb,
grammar bellum coolum,N/A,book nnouncement dv  phlp w  ross sunder  1997  grmmr bellum coolum  unversty montn occsonl pper lngustc  13  pp  vus  190  sbn  1879763  13  3  us  20  shp nclude   order send check  20 umopl  lngustc progrm  unversty montn  mssoulum  mt 59812  further nformton check http    www  umt  edu  lng  umopl  ttle  htm
swadesh list,bodomo@cslus,
hil phonology 4,hilp4@rullet,
return asked,N/A,merc s lrgest monopoly shtter      growth mrket 2 1  2 sze telephone ndustry open generl publc  over 50  returns  r pprove  detl short vdeo presentton here http    205  134  183  46  fpc  lt  html
mla 98 call paper  division apply linguistic ,kernrg@uclink,
semantic ling  theory 5  program,ligk417@utxvms,
hus,N/A,over fve mllon send  2  0 wthout spend money  bsolutely junk ml eml nvolve  complete nstructon booklet show step step rech over fve mllon free  ech send  2  0  proof work  smple technque work gurntee  nterest booklet yours  3  0  pckge receve phone number personlze seven dgt code  ddress record seven dgt code reson unstsfy nformton receve  cll number  enter seven dgt code hng money ml bck utomtclly  queston sk  nothng lose everythng gn  send  3  0 queston  goldtec publcton 15030 ventur blvd  sute 903 shermn ok  c 91403 put ml lst whtsoever                                                          messge comply propose unte stte federl requrement commercl eml plus wshngton stte commercl eml bll  nformton  http    www  sente  gov   murkowskus  commercleml  emlmendtext  html wshngton stte commercl eml bll  http    ww  w  gov  wwweb  go  sender nformton  goldtec publcton  shermn ok  c 91403 stop future mlng us cost  plese clck here send us eml type  remove  subject lne
our latest  greatest  cd vol  4a,N/A,onlne busness got     frustrted  try  free clssfed   nt work  web ste   close vstor  bnner   expensve ffy  e  zne    re gret  thousnd member  serch engne  esy bury thousnd  e  m l m r k e t n g w o r k s   s fct   re computer generte ncome   re leve money tble  understnd offence messge   ll ml once    re fnnclly ndependent  ht delete wn bother gn  frend  proof pud    50  0  151  200  0 per  messge  follow exmple potentl ernngs product proft  30  remember  nternet  money 7 dy week  24 hour dy    even whle sleep  order over world  order per dy weekly ernng  monthly ernng  yerly ernng 1  210  0  840  0  10  080  0 2  420  0  1  680  0  20  160  0 3  630  0  2  520  0  30  240  0 5  1  40  0  4  200  0  50  400  0 10  2  100  0  8  400  0  100  0  0 15  3  150  0  12  600  0  151  200  0 queston    generte those order  our ltest  gretest s relesed  mllons cd  vol  4 10 mllon best eml ddress vlble nywhere   mllon cd  vol  4  bsolute best product knd nywhere world tody  product nywhere compete qulty cd  fter lmost 2   ve even outdo ourselve volume  mllon cd  vol  4 comprse 10 mllon premum  super clen eml ddress  strt ml soon receve cd     technque descrbe below   ech fle contn exctly 100  0 eml ddress  ol  mxe ddress cd  ol  over 50 fle 100  0 ech ol equl over 5  0  0 ddress  ol ddress verfy 100  delverble producton collect throughout producton schedulethen reverfy delverble  follow domn removed vol  4  bsolutely ncluded  compuserve  com gene  com delphus  com gnn  com  drop ol ctve   edu   gov   ml   org  stte domn end  us nterntonl domn cd  pure  com   net     duplcte  ddress   dupe  flter  here  s clenest eml ddresses vlble nywhere   1  190  mllon lne eml ddress flter duplcte elmnte  process  lone  reduce lst mngeble number  2  nother flter lst 400  word  phrse reduce lst even  ddress profne npproprte word survve  3  specl flter fle elmnte most  web poson  eml ddress lst  most lst purge full bogus ddress  one lst  prtculr  over 90  poson  our exclusve system reduce type ddress zero  4   dly updte  nt bulk eml lst terrorst generl ntnternet dvertse extremst rd our lst those  cowrdly delberte mnner  ttck mrket choose utlze gretest mrket dscovery  drect eml  our dtbse ndvdul lrgest one mntn worldwde keep our lst undesrble extremst element  5  ddton bove  mntn dtbse updte every dy  dtbse contn undelverble ddress  ddress those sk remove ml lst  comprble optout knd lst mntn dm  etc   ownng cd    equvlent buy lsts cds our compettor  plus huge mount resource our tem secure through prvte mens  mjor dfference s     ours thoroughly clen  free  fll    bogus  ddress our competton dd nflte number lst  perform hundred hour producton thousnd dollr order offer clenest purest cd qulty ddress nywhere worldwde  send mrket letter one our 100 lst 100  0  10 mllon  equvlent send 1  0  0  one mllon our compettor ddress equl sme response  sle rto  etc  nt rther send 100  0 nsted 1  0  0 letter  result send 1  0  0 our qulty lst  our lst send less result  our lst result  hgher response rto hgher sle rto receptve prospects  less flme  nonbuyer less contct ntcommerce rdcl wnt net themselve   ll 100 clenest eml fle vlble nywhere  ech our volumes mprove qulty content  compettor even close mtch superor product  must compre yourself  product prove best s knd compre cd term hour money spend brng mrket  compettor ever duplcte effort us produce fnl product  don t compromse qulty  surely wn relese product before pss our  hgh stndrd  test qulty   buy rest buy best   mllons cd  vol  4 s best                                            don t hestte one mss most effectve mrket nywhere    perod  further queston plce order  cll us drect  1800  2420363 ext  1226                                           mllons cd  volume 4       225  0      prce effectve next seven dy  therefter prce  299  0 order  remember  bottomlne lwy py  order our eml pckge  smply prnt ez order form below fx our offce tody  ccept vs  mstercrd  mex  check fx                                            ez order form      ye  order mllons vol  4 eml ddress  225  0   plese select one follow shp       receve pckge overnght   m nclude  15 shp   outsde us dd ddtonl  25 shp      receve pckge 2 dy delvery   m nclude  10 shp   outsde us dd ddtonl  25 shp  dte                                                      nme                                                     compny nme                                            ddress                                                  cty  stte  zp                                            phone numbers                                           fx numbers                                              eml ddress                                            type credt crd        vs      mstercrd credt crd                                            exprton dte                                         nme crd                                            mount                       requre  sgnture  x                         dte  x                   fx order us  1603  4526269 check fx servces  fx check  pste check below fx our offce long form  1603  4526269                                                          24 hour fx servces    plese pste check here fx us 1603  4526269                                                        fx check  need send orgnl check  drft check  exct nformton orgnl check  check hold bnk clernce   710 dy  pyble   eb servce
console 7  cfp,abstract@babel,
bulgarian summer class u  s  ,bparker@uop,
fellowship application lsa linguistic institute,zzlsa@gallua,
re  6  381 word own opposite,N/A,severl submt  overlook   oversght   fne exmple phenomenon englsh  though mry neff s  outgo  retre  perhp most elegnt submsson dte   perhp current work vrous shdes men englsh preposton bs  cse dfference vrous senses  oversght   overlook  stem lrgely compound  over     over  sneky  frst glnce seem frly lmt expressve power  deeper nlyss revel lurk number dstncton men  qute subtle ndeed  ddton nunce physcl locton   over  ndcte power reltonshp  both outrght force  subtle uthorty   vlue judgement  generl noton  metphorclly  move nother thng   over   skp over   nlyss  oversght   overlook  one sense   over  men uthortyover  sense men skppngover  perhp smlr rgument  sght    prt compound  nstnce  usege    own nterest  seem crry  uthorty  men   over  nlyss clercut  nterest someone cse hlf    mron kee mron kee  opnon own  knowledge engneer  center mchne trnslton  cmu wnt opnon crnege mellon unversty pttsburgh  p  us  py
conference program  ling  symp   math  ling  ,N/A,xxv lngustc symposum romnce lnguges  lsrl 28   workshop mthemtcl lngustcs  wml  conference progrm tlk plce nttny lon nn 200 west prk venue  stte college  pennsylvnum 1800  2337505  814  8658500  ddtonl nformton  consult conference webste http    www  psu  edu  lsrl  thursdy  prl 16  1998 8  30 pm  11  0 pm regstrton  rotund lobby 8  30 pm  9  0 pm refreshment  bllroom d  e 9  0 pm open remrk  susn welch  den college lberl rt  bllroom d  e 9  15 pm  10  15 pm nvte lecture  rchrd kyne  york unversty   cltc double  movement  bnd theory   bllroom d  e frdy  prl 17  1998 8  0  9  0 coffee  te  brekfst roll  bordroom   8  30  11  30 regstrton  rotund lobby 8  30  5  0 pm book exhbt  colonl room   specl open workshop mthemtcl lngustc ttle  lngust expect mthemtcl lngustc  bordroom   chr  ls  reed  pennsylvnum stte unversty 9  0 crlo mrtn  vde  rovr vrglus unversty gheorghe pun  romnn cdemy grzegorz rozenberg  leden unversty  rto slom  unversty turku  x  fmly  pproch study fmly syntctclly smlr lnguge  10  0 wlter j  svtch  unversty clfornum  sn dego  computtonl complexty lnguge model  11  0  11  15 refreshment brek  bordroom   prllel sessons sesson 1  lsrl  bordroom    chr  hele contrer  unversty wshngton 11  15 mrgrt suner  cornell unversty  crosslngustc vew object shft  11  45 jon  frnco  unversdd de deusto  blbo  errpel mej  bkndus  unversty nebrsk  lncoln  presuppostonlty condton spnsh cltc double object  12  15 pm mrten de wnd  unversty msterdm  hollnd nsttute genertve lngustc  derve hevy np  shft french  sesson 2  wml  ssembly room  chr  crlo mrtn  vde  rovr vrglus unversty 11  15 relj vulnovc  kent stte unversty  grmmr effcency hstorcl development word order french  11  45 clude del vgn  centre ntonl de l recherche scentfque  pr  commnd bnry relton  12  15 pm jver guterrez  rexch  oho stte unversty  generlze mnmlst grmmr  12  45 pm  1  45 pm lunch brek sesson 3  lsrl  bordroom    chr  grnt goodll  unversty tex el pso 2  0 pm hele contrer  unversty wshngton  negton englsh spnsh  s neg  prmeter   2  30 pm rcrdo etxepre  l  e     spn  prtctc dependency covert merge  3  0 pm rffellum znuttnus  pul portner  georgetown unversty  ndependence specfer hed cp  3  30 pm refreshment brek 3  45 pm nvte lecture  kren zgon  unversty wshngton  tense construl  clusl structure  feture check   bordroom   sesson 4  wml  ssembly room  chr  wlter j  svtch  unversty clfornum  sn dego 2  0 pm mnfr kudlek  unverstt hmburg crlo mrtn  vde  rovr vrglus unversty  lexndru mteescu  turku centre computer scence  nfnte herrchy mldly context  senstve fmly lnguge  2  30 pm jose f  quesd  centro de nformtc centfc de ndlucum  sevllum  overprse  3  0 pm gerhrd jger  unversty pennsylvnum  genertve cpcty multus  modl ctegorl grmmr  3  30 pm vlerum mhlche  turku centre computer scence  grmmr system  cooperte dstrbute frmework syntx nturl lnguge  4  0 pm vncenzo mnc  unverst dus ps  logcl splce nturl lnguge  4  30 pm  4  45 pm wml close remrk 5  0 pm  6  0 pm recepton  lumnus fresde lounge 6  0 pm  7  45 pm dnner brek 7  30 pm  8  0 pm refreshment  ssembly room 8  0 pm  9  0 pm publc lecture hstorcl lngustc  phlp bldus  pennsylvnum stte unversty  reclmmg lngustc pst   ssembly room sturdy  prl 18  1998 8  0  8  30 coffee  te  brekfst roll  bordroom   8  30  11  30 regstrton  rotund lobby 8  30  5  0 pm book exhbt  colonl room   prllel sessons sesson 5  bordroom    chr  mrgrt suner  cornell unversty 8  30 chrstn m  tortor  unversty mchgn  non  exstence non  gree  subject romnce  9  0 grnt goodll  unversty tex el pso  pssve rbtrry plurl subject spnsh  9  30 mhelum prvulescu  yve roberge  unversty toronto  romnn  object  structure mpertve  sesson 6  ssembly room  chr  holly j  nbert  pennsylvnum stte unversty 8  30 jme p  gngolum  generl mgc  nc   optmzton portuguese verb representton  vowel hrmony revst  9  0 yolnd rver  cstllo  unversty houston  downtown   constrnt stem vowel lternton dpthongzton spnsh  lexcl ccount  9  30 volum mglo  unversty mrylnd  towrd typology vowel reducton phenomen romnce  10  0 refreshment brek sesson 7  bordroom    chr  sndr svgnon  pennsylvnum stte unversty 10  30 mre  therese vnet  unverste de sherbrooke  spectul modfcton lcense  tu p quebec french  11  0 julum herschensohn  unversty wshngton  mnmlst ccess ug l2 french  11  30 j  m  lcer  e  vlenzuelum  e  rosdo unversty ottw  l  dz  unverstt pompeu fbr  brcelon  role morphologcl prdgm cquston syntctc knowledge  n  drop null subject l1 l2 spnsh  sesson 8  ssembly room  chr  mry ellen scullen  unversty lousvlle 10  30 bernrd trnel  unversty clfornum  rvne  optonl schw deleton  syllble economy french  11  0 mrpolum d  mpero  sbe rosenthll  oho stte unversty  phonetc phonology tln mn stress  11  30 rndll gess  unversty uth  postonl fthfulness v  cue preservton  cse nsl sequence resoluton gllo  romnce  12  0 pm  1  15 pm lunch brek 1  30 pm nvte lecture  donc sterde  unversty clfornum  lo ngele  lexcl conservtsm effect french djectvl lson   bordroom   sesson 9  bordroom    chr  ls noetzel  frnkln mrshll college 2  45 pm jro nune  uncmp  brzl  edurdo rposo  unversty clfornum  snt brbr  jectvl greement portuguese nflect nfntve  gnst necessty non  trvl chn f  check  3  15 pm fke hulk  unversty msterdm  chrstne teller  unverste de montrel  conflctul greement romnce nomnl  3  45 pm mre clude bovn  msschusett nsttute technology  cse  feture check consequence  evdence encltczton french  sesson 10  ssembly room  chr  mre gllette  pennsylvnum stte unversty 2  45 pm j  clncy clement  ndn unversty  spnsh overt cse mrk bsc word order  morphologcl pproch  3  15 pm verus smek  lodovcus  unverstt konstnz   ghost  verb tln nomnlzton relevnce untry bse hypothess  3  45 pm nn m  thornton  unverst dell  qulum  gender nflectonl clss ssgnment tln noun  4  15 pm refreshment brek sesson 11  bordroom    chr  pul portner  georgetown unversty 4  30 pm lln snchez  crnege mellon unversty   null object contct vrety spnsh  5  0 pm tonum blem  unversty delwre  object bbe plurl spnsh semntc personl  5  30 pm jver guterrez  rexch  oho stte unversty  group ndefnte  sesson 12  ssembly room  chr  mrgret kehoe  pennsylvnum stte unversty 4  30 pm s  j  hnnh  unversty durhm  unexceptonl excepton french glde  5  0 pm ellen m  ksse  unversty wshngton  resyllbfcton precede segmentl rule  evdence rgentnn spnsh  5  30 pm c  wltshre  e  mrnzn  unversty flord  gnesvlle  gemnte cluster tln pedmontese  cse ot rnk  6  0 pm  6  30 pm open busness meet  bordroom   8  30 pm  10  0 pm bnquet  tvern resturnt  220 est college ve  sundy  prl 19  1998 8  0  8  30 coffee  te  brekfst roll  bordroom   generl sesson 13  bordroom    chr  chrstne teller  unverste de montrel 8  30 gerldne legendre  john hopkn unversty  revst french stylstc complex nverson  9  0 jose cmcho  rutger unversty  smlr conjunct   9  30 gork elordet  unversty clfornum  lo ngele  morphosyntx drve phonology  cse french lson  10  0 refreshment brek generl sesson 14  bordroom    chr  gerldne legendre  john hopkn unversty 10  30 vrgnum motpnyne  unversty brunswck  snt john  de  supne object   subject rse  11  0 n t  perez  leroux  pennsylvnum stte unversty  possessor nphor structure dps  11  30 lu slv  vllr  unversty clfornum  lo ngele  jver guterrez  rexch  oho stte unversty  demonstrtve feture bse dervton  lternte speker  phonology  trv brdley  pennsylvnum stte unversty  ssblton ecudorn spnsh  phonology  phonetc ccount  semntc  elen herburger  georgetown unversty  lexcl mbguty lwy evl  cse  nus   nus  syntx  sun mrtnez  rbelz  mchgn stte unversty  spnsh double cp  evdence gnst government wh  feture selecton  ceclum poletto  unverst dus pdov  rffellum znuttnus  georgetown unversty  syntx mpertve  evdence rhetoromnce  lsrl 28 orgnze commttee  mrc uther  brbr bullock  ls reed  wsh thnk follow penn stte unt fnncl support lsrl 28  contnue dstnce educton reserch grdute study offce college lberl rt deprtment french deprtment spnsh  tln  portuguese center lngustc offce nterntonl prtnershp cdemc lnkge deprtment clssc ncent medterrnen study deprtment phlosophy deprtment psychology cknowledge nvluble ssstnce geoffrey conrd  lorus fox benson  chuck wlson pln meet lsrl  ddtonl thnks scholr revew bstrct lsrl 28  joseph oun  jule uger  ndre clbrese  hector cmpo  gennro cherchum  hele contrer  volet demonte  donk frk  rndll gess  grnt goodll  jorge gutrt  brbr hncn  bhtt  jme hrr  julum herschensohn  jose hulde  hke jcob  jun lcer  john lpskus  dne mssm  jen  perre montreul  lfonso morle  front  donn jo npolus  rfel nunez  cedeno  n perez  leroux  pul m  postl  lorus repettus  yve roberge  mro sltrellus  ls selkrk  domnque sportche  donc sterde  mrgrt suner  esther torrego  bernrd trnel  co vet  mre  therese vnet  my wenberg  lydum whte  kren zgon  rffellum znuttnus  mr  lus zubzrret  fnlly  wsh thnk crlo mrtn  vde orgnze concurrent workshop mthemtcl lngustc  robert berwck  wlter j  svtch serve wml progrm commttee  phlp bldus outrech lecture
affordable cars internet ,N/A,spm  receve eml express desre purchse utomoble  recently vst one our fflte web ste  pologze eml unsolct  plese scroll down bottom messge nstructon declne trget eml                                       hello  nme kevn cross  put uto progrm together show method obtn vehcle down pyment securty depost need  bd credt  wnt drve junker  wnt drve nce lte model vehcle  lwy nce utomoble long remember  obtn two utomoble wthout put money down less desrble credt  utomoble sngle bggest expense most besde home  unlke home  most utomoble deprecte vlue  why put money downpyment securty depost cr purchse lese smrt  lthough uto progrm ntlly put together myself whom bd credt  progrm vluble excellent credt  snce sve money normlly py downpyment money securty depost                            red      order uto progrm mondy frdy obtn 1995 geo trcker 4x4 money down monthly pyment  179 per month  e  b  columbus  oho   usng method uto progrm obtn 1997 bmw convertble money down  thnks show obtn gret cr even though bd credt   m  h  columbus  oho note   testmonl secton full unsolct letter customer uto progrm   whether bd credt fnnce  excellent credt wnt elmnte downpyment securty depost wthout ncrese monthly pyment  uto progrm work  requrements  must currently employ source ncome ble monthly pyment  s  cr slesmn del  del norml stress relte del cr slesmn  mens del reject bd credt cr older cr relly wnt                         esy follow smple  step step  drecton uto progrm obtn lte model vehcle wnt  esy uto progrm  expln everythng need obtn lte model vehcle choce downpyment securty depost requre  py norml monthly cr pyment                         svngs  uto progrm sve between  500  5000 dollr snce requre put down pyment securty depost vehcle obtn                         rsk  100  moneybck gurntee 100  moneybck gurntee wrte uto progrm  return uto progrm nytme wthn 30 dy full refund ble obtn lte model vehcle downpyment securty depost  gurntee regrdless credt hstory long smple method uto progrm                         frequently sked questons q  long obtn vehcle once receve uto progrm   quckly ctvely method provde uto progrm  exmple  erc brown columbus  oh  order uto progrm mondy frdy sme week cll tell us obtn vehcle wnt  q  s progrm bd credt    uto progrm credt wnt put down normlly requre downpyment  uto progrm show obtn vehcle choce money down   money sve py downpyment buy better thng  q  lese cr truck cr delershp wthout down pyment    py monthly lese pyment  why need uto progrm   mny our customer  untl try lese cr delershp  frst  must excellent credt lese cr truck  lese  put down securty depost  frst lese pyment  cptlze cost reducton sme thng down pyment    dfferent nme  lese cr delershp  put down sme buy cr  q  monthly cr pyment must hgh snce downpyment requre  rght   monthly cr pyment regulr mount  sme someone py downpyment  through our revolutonry method  downpyment need  q  s uto progrm too true   stepby  step method uto progrm pprove lwyer mrket test mny stsfy customer  confdent beneft uto progrm put nme 100  moneybck gurntee behnd                         testmonls mr  kevn cross  gret plesure wrmest pprecton compny provde necessry tool successfully secure lte model chevy cvler 1st most prefer method  purchse progrm jnury 3  secure vehcle jnury 6  lkewse  one opton vlble  opportunty ssume lese lte model cur legend ssume lese lte model bmw   course  wsest most fnnclly sound decson purchse chevy cvler     close  grcously thnk wsh contnue success quest help  professonlly  d  s     der gentlemn     wrte tell fortune cqure ford escort wgon rcrt ford  progrm help nstll confdence cr  lest somethng pece junk drve  thnk ssstnce help relze drem own vehcle  stll cnt beleve fortune  lese cr two opton buy fx rte ford motor credt  gn  thnk ssstnce  respectfully yours  c  b                            uto progrm sell  59  95  dvntge nternet offer order  29  95       order uto progrm  29  95  plus  2  90 s  h     order tody nclude two vluble report  free  l  gett utomotve servce 2  nne lower uto nsurnce cost order  cll order toll free  888 3241873  614  5291390 py personl check  vs  mstercrd rght over phone  questons pertnng uto progrm  cll  614  5291390 plese ptent cll order  dffculty connect  plese try gn lter  send pyment  kevn cross 1773 hobb drve hllrd  oho 43026 nyone doubt whether uto progrm relly work  completely understnd  buy lot howto nformton mnul complete hype vluble nformton  uto progrm lredy prove work  nme moneybck gurntee wrte uto progrm            under bll s  1618 ttle  pss 105th u  s  congress  eml complnce lw  remove nme our lst  plese reply eml subject lne  remove   pologze nconvenence
create credit file legally 30 days   ,N/A,crete credt fle 30 dy  enjoy  credt 1 month  usng 100  legl method  dscover crete brnd credt fle yourself dvntge lw govern credt report gency  unque vrtully unknown progrm 100  legl  work every  s chnce strt  plese understnd  mtter credt pst  best  process free  sme credt secrets celebrty  secrets credt bureus don  t wnt ever dscover   credt bureus government tell stck credt hstory unless error  fct  report mny 70  mercn problem negtve ncorrect nformton credt report  unfortuntely  untl nt resource turn esyto  understnd  unbse nformton messy credt   rm secret nformton  mny thng mprove pst credt record wthn lw  fter red book  strt credt crd lne credt  lese cr  prepprove credt crd offer  even mortgge drem house  our prove technque detl cler  stepby  step process  guesswork ly pln success help chnge credt record forever  mgne  embrrss credt problem nymore  plese nt hestte   chnce fresh  strt  credt crds cr lons bnk lons mortgge lons sprklng  credt 30 dys  ml xndu 1738 e  brodwy ste  412 long bech  c  90802 nfo rech our fx   demnd center   562  4952784    plese rush report cret  credt 30 dy  wnt receve report  12  50  frst nme                                                                   street ddress                                                                   cty  stte  zp                                                                   eml ddress                                                                   phone                                                                      check   m  o   pyble  xndu
lrec workshop  prefinal programme,krauwer@let,
trie calle  please call    ,N/A,free nternet servce  cost monthly fees cll   free free  1800  3959268  free free  24 hrs webste submsson servce                            revew webste  pproprte met tg  submt ech mjor pge ste over 600 serch engne  med  lnk  etc    send report    webste notce mllon wthn short couple week    fter submt webste 600 serch engne resubmt ste every month 6 month     199  0   1800  3959268 24 hr                                                                                messge compose extrctor pro bulk e  ml softwre  wsh remove dvertser s future mlng  plese reply cll our toll free 800   eml ddress our softwre utomtclly block future mlng
sumiko s ad,ad@always-friend,
hi  ,N/A,der frend  extremely mportnt nnouncement  us  us mportnt nnouncement mportnt nnouncement                                                                                           future depend    us  us before lern  mportnt nnouncement   plese red follow  edtorl excerpt  frst mportnt publcton  unte stte  york   conclude our revew fnncl orgnzton                                                effect chnge  90 s  specl ttenton cll  world currency crtel  orgnzton bse clfornum   member orgnzton mss hundred mllon  dollr currency mrket legl method never dvulge generl publc  whle purpose yet   presence most certnly feel   nbc nghtly   member world currency crtel  orgnzton                                                        lwy  keep low profle themselve  most powerful welthest hemsphere   excerpt lter  frst let us  mportnt  nnouncement                                                                                                               gld nnounce frst  world currency crtel orgnzton nstruct lmted number worldwde convert  25 one hundred legl currency  trnsct frst converson  fter  quckly esly own hundred even thousnd ech every month  dvntge  secret flw    3d  3d  3d  3d  3d  3d  3d  3d  3d  3d  3d  3d  3d  3d  3d  3d  3d  3d  3d  3d  3d  3d  3d  3d  3d   3d  3d  3d  3d  3d  3d  3d  3d  3d  3d even explosve yet dsclose  whle currency fluctute dly  show convert  99  20  580 mny wnt  mens  ble convert  99 mercn legl currency dollrs  20  580 sme  mny wsh   20 every dy  every week  every month  leglly effort  lessly  5 10 mnute ech  home  offce even whle trvel  need ccess phone lne ddress  best  cty erth    gn  must reterte  nyone source never  endng  long globl fnncl communty contnue dfferent currency vry exchnge rte   secret flw  exst                                              erler  frst trnscton  show exctly own  over over gn  mount exchnge ech entrely  work 2 10 hr week  soon jon lst  mllonre dly bss mny dy  trnscton smple even hgh school kd  world currency crtel orgnzton unform globl currency bck gold   untl  llow  lmted number ndvdul worldwde shre unlmt proft  provde world currency dfferentl  espouse poltcl vew nor sk  however  our prent orgnzton welth exchnge nt   20 beneft gretly knowledge shre ourselve long beneft lkewse  mn concern surely   beneft  short  fter become member  strt trn  cton home  offce  telephone through ml  even whle trvel  erler  frst trnscton  show exctly over over gn  one stop ern hundred thousnd even mllon dollr ech long  secret flw  exst                                                 nt beleve us  experence ourself                                                                     unlke nyone else  ssure gret fnncl freedom dd our  quckly grow bse supporter jon lst mllonre  crete  secret flw  world currency mrket   don  t envy us  jon us tody                                               one membershp fee  195  0   jon us mrch 25  1998  our compny s second nnversrry dte  jon us  25 dmnstrtve cost  mportnt document  nstructon  contct nme  ddress  phone number pertnent nformton ml mmedtely   dvntge our nnversrry dte jon us tody   reply fter mrch 25  1998  must py  195 membershp  exceptons eml enqury   upon become member  promse keep nfo confdentl                                                       choose cncel membershp reson  must return document refund wthn 60 dy                                                       mportnt                                        1      wrte nme  ml ddress clerly pper 2      below ddress  plese wrte e  ml ddress  optonl  3      top left hnd corner  wrte word  member  4      ttche check m  o   25 plus  3 postge  shp  totl us  28  0  5      pyble  welth exchnge nt   ml  welth exchnge nt  9903 snt monc bl  sute  405 beverly hlls  c 90212  u  s    overse request must dd us  10  0 extr postge                                                    here edtorl excerpt                                                          wll street   dscreet group mercn  operte under guse world currency crtel recently  begn rumble world fnnce mrket  whle  gme completely  certnly wtch those mjor move curency contrct   fnncl week   wtch  montor  extrct knowledge try become one   soundest fnncl dvce someone   ntonl busness weekly   whle reporter leve  cold method  operton  ble confrm world currency crtel member lterlly mss gret fortune overnght                              end
summary  french creole apr progressive,N/A,orgnl queston concern pr french creole progressve rther perfect expect typologcl grounds  enormous response preclude lst nswer  seem morl story one nt ssume norml cse  nstnce  smply ncorrect ssume stndrd french en trn de norml  fct  pper stndrd french nnovte respect  ccord respondnt  pr constructon progressve mny vernculr french s nclude cndn  swss cjun  one ssume vernculr source creole progressve  semntcs pr strnge ssumpton form mens  fter   pper vernculr progressve preserve orgnl sense  pre  fct conform expectton bse crosslngustc study  stndrd french  correspond expresson upr  mny respondent drw ttenton  fter vng  constructon englsh dlect  h  roger uoft nform constructon perfect progressve  snce confrm nlyss  ddton welsh  scot gelc  fter vng  perfect lkely source constructon  pprently preposton scot gelc  r  mens   outsde progressve constructon  degh  fter    thnk gn respond  nterest exercse
query unpublish manuscript prince  etc ,voeltz@mailer,
debt fast   ukjx,N/A,der fellow entrepreneur    never thought d one telle      ctully red pece e  ml   m goe europe  proceed    hello    nme kren lddell   m 35  yerold mom  wfe  prttme  ccountnt  rule  delete unsolct  junk  eml   ccount prmrly busness  receve ssume  sme e   ml countless delete ech    two month go receve gn  ctchy  subject  lne  fnlly red  fterwrd    ok    m   try  certnly fford nvest  20   hnd   s nothng wrong crete lttle excess csh   promptly  ml  four  5 bll  fter receve report  py frend mne  smll  fee send eml dvertsement  fter red  report   lern esy bulk eml free   20   prepre result  everydy sx week   p  o   box overflow  5 bll  mny dy excess fll  extr  ml bn  ve upgrde corportesze box   stun  csh keep roll    husbnd sve severl  substntl  downpyment house   purchse house  40   down   re vence  tly celebrte    promse  follow drecton eml  prepre  eventully set sde hour ech dy follow  count   money    lest much money  nt  need  wz computer   ll bet lredy  open   envelope  remove money  send eml messge   re   bnk  red  ll understnd  esy          kren lddell   follow copy eml red                                                                     legl  lowcost  moneymkng phenomenon    prnt letter  red drecton  strted tody    embrk most proftble unque progrm  ever   mny over  demonstrte prove blty  generte  lrge mount csh  progrm show fntstc ppel  huge  evergrow onlne populton desrous ddtonl ncome    legtmte  legl  moneymke opportunty   requre  contct  hrd work  best    never leve house  except ml  bnk    truly lucky brek  ve wt  smply follow   esy nstructon letter  fnncl drem  true   follow correctly  electronc  multlevel mrket progrm  work  perfectly    100     thousnd progrm     rse cptl strt own busness   py off debt   buy home  cr  etc     even retre    chnce  red strt tody                                                                                         overvew extrordnry  20  electronc multlevel mrketng progrm                                                                                        bsclly     send thousnd product  5  0 cost next  nothng  produce eml  multlevel busness  buld our  busness  recrut prtner sell our product  every stte  u  s   llow recrut multus  level busness onlne  vum  computer     product progrm seres four busness  fnncl  report cost  5  0 ech  ech order receve vum  snl ml    nclude      5  0 csh   nme number report order   eml ddress where eml report  order    fll ech order  smply eml product buyer   s     5  0 yours  esest electronc multlevel  mrket  busness nywhere   20   follow nstructons letter  prepred rep stggerng benefts           n s t r u c t o n s          must    1  order 4 report show lst below  cnt sell   nt order     20   ech report  send  5  0 csh  nme  number  report re orderng  eml ddress   nme  return ddress  cse problem  person  whose nme pper lst next report  sure  return ddress s envelope cse  ml problems    20   plce order  sure order ech  four report  need four report  sve  computer resell     wthn few dy receve  vum eml  ech  four  report  sve computer ccessble  send 1  0 s order     2  mportnt   lter nme lst  next ech report  sequence lst    nstruct below step   through  f  lose  mjorty proft  once understnd  work   ll nt work chnge   remember  method test  lter    work     below lst vlble report    b  fter  ve order four report  dvertsement   20  remove nme ddress under report  4  person  20  through cycle doubt count 50  grnd    c  move nme ddress under report  3 down report  4   20   d  move nme ddress under report  2 down report  3    e  move nme ddress under report  1 down report  2    f  nsert nme  ddress report  1 poston    plese sure copy every nme ddress ccurtely    3  entre letter  nclude modfy lst nme   sve computer  chnge nstructon  porton letter    20  4   re redy strt dvertse cmpgn  nternet  dvertse  net  nexpensve   hundreds free plce dvertse  nother  venue dvertse eml lst   20  buy lst under  20  2  0 ddress  py someone mnml chrge cre   20  sure strt d cmpgn mmedtely    5  every  5  0 receve  must eml  report order   s  lwys provde smedy  servce orders  gurntee eml  send  nme ddress  prompt  cnt dvertse untl receve report                                               vlble reports                                                 order ech report number nme      note     lwys send  5 csh  u  s  currency  ech report  checks ccepted   lwys send order v frst clss ml  20   sure csh concel wrp lest two  sheet pper  20   one those sheet pper  nclude    number  nme  report order   b  eml ddress    c  nme  postl ddress    plce order reports                                                                     report  1   250  0 through multlevel sles   20   order report  1    russell  ssocte 1544 oklnd ve  sute 223 ndn  p 15701   20   report  2  mjor corportons multlevel sles   20   order report  2   20   unlmt enterprse p  o  box 1516 eugene  97440  20   20                                                                   report  3  sources best mlng lsts     order report  3    d  j  compny p  o  box 49 dewtt  m 48820  20   20                                      report  4  evlutng multlevel sles plns    order report  4    dvd noh  co  514 s  oxford vlley rd   207 frless hll  p 19030   20                                                                                                                                                                      here  s mzng pln  money                                                                                                       let s decde strt smll work   ssume  gol 10 prtcpte frst level   plce  lot  free d nternet esly lrger response    ssume  everyone else orgnzton 10 downlne member   follow  exmple cheve stggerng result below    1st level   10 member   5                                              50  2nd level   10 member those 10   5 x 100                        500  3rd level   10 member those 100   5 x 1  0               5  0  4th level   10 member those 1  0   5 x 10  0      50  0  totls              55  550   remember frend  ssume prtcpte  recrut 10  ech  moment hppen 20   prtcpte  most 100 s prtcpnt     cost prtcpte prctclly nothng  surely  fford   20   obvously lredy nternet connecton eml  free   20   report  3 show most productve method bulk eml  purchse eml lst  lst  bulk eml vendor even work  trde    50  0 onlne every month           tps success           tret busness  prompt  professonl   follow drecton ccurtely     send four report mmedtely  order strt    receve  5 order  must send request  product  report comply u  s  postl  lottery lw   ttle  18  secton 1302 1341 ttle 18  secton 3005  u  s  code   code federl reg  vol  16  secton 255 436   stte  20   product servce must exchnge money  receve      lwys provde smedy servce orders receve     ptent persstent progrm  follow  20  nstructon exctly  result successful     bove  fth yourself  succeed            success gudelnes          follow gudelne gurntee success    nt receve 10 20 order report  1 wthn two week   contnue  dvertse untl   couple week lter  receve  lest 100 order report  2  nt  contnue dvertse  untl     once receve 100 order report  2  relx   system lredy work  csh  contnue  roll    s mportnt remember    every nme move down lst  plce front   dfferent report  keep trck progress wtch   report order  wnt generte  ncome   send nother btch eml strt whole process gn    lmt ncome generte busness            t e s t m o n l s          progrm work  must follow exctly   especlly  rule try plce nme dfferent poston  wn  work   ll lose lot potentl ncome   m lve proof  work   relly gret opportunty reltvely esy money   lttle  cost  choose prtcpte  follow progrm  exctly    ll fnncl securty   20  sen mclughln  jckson  ms   nme frnk  wfe  dor  lve bel  r  md   cost  ccountnt mjor u  s  corporton pretty money    receve progrm grumble dor receve  junk ml     fun whole thng  spout knowledge populton  percentge nvolve    nt work  dor totlly gnore   suppose ntellgence jump both foot  mercless  fun   redy ly old  tell  thng  nt  work     lugh  wthn two week receve  over 50  response  wthn 45 dy receve over  147  200  5 bll    shock  sure fgure nt  work   m belever  jon dor  hobby    seven  untl retrement   rt rce  s    owe mlm   frnk t   bel  r  md   wnt pss long best wsh encourgement    doubt vnsh frst order  even  check  u  s  post offce verfy pln legl   defntely   works     pul johnson  rlegh  nc   mn reson letter convnce system   honest  lwful  extremely proftble  lrge  mount  money short  pproch severl before check    jon one expect return  mnml  effort money requre  stonshment  receve  36  470  0   frst 14 week  money stll   sncerely yours  phllp  brown  esq    gmble type  severl week  mnd  prtcpte pln  conservtve  decde   ntl nvestment lttle  nt  enough order lest money bck  boy  surprse   medumsze post offce box crm order  whle    overlod strt pck ml wndow    ll  money 10 lfe before  nce  thng  del nt mtter where u  s  lve    smply nt better nvestment fster return   mry rocklnd  lnse  m   receve progrm before  delete  lter  wonder  nt try  course  de  contct  nother copy  wt untl eml nother  progrm    11  month pss    nt delete one        41  0 frst try    d  wlburn  munce    thrd prtcpte pln  qut  our job   soon buy home bech lve off nterest our  money   erth pln work    ske  fmly s ske nt pss golden  opportunty   luck hppy spend   chrle frchld  spokne  w    order reports tody  strted rod  20  fnncl freedom    s turn   decsve cton yelds  powerful results
,N/A,b r g n r f r e s 1  stop trvel suppler r  hotel  cr  trn  tours  pckge    cll 1888  5brgn 202898  7887 reservton       receve  10 dscount referrerng eml    roundtrp nterntonl rfres  then frnkfrt london mdrd mln munch nce pr rome venn tlnt  819  750  410  745  778  700  730  699  820  845 boston  840  760  410  770  749  675  705  620  799  799 chcgo  935  808  520  720  829  735  766  720  850  820 cncnt  999  799  510  745  850  725  765  700  820  810 york  820  760  360  710  799  675  715  385  730  799 phldelph  800  730  410  670  799  658  711  600  789  699 wshngton  800  750  410  695  788  640  699  620  799  740 dscounted fres vlble every us cty every cty world wde   exclusve domestc fres  wshngton losngeles       289 r  t tlnt settle           299 r  t newyork losngeles          269 r  t phldelph denver       289 r  t hotel exclusves  dly brekfst tx nclude  venn  59 frnkfurt  75 london  85 prgue  75 munch  79 mnchester  95 nce  75 then  65 budpest  69 nple  75 msterdm  79 wrsw  89 genev  79 pr  75 dubln  99 brussel  79 berln  79 florence  79 vence  85 zurch  85 mln  79 lsbon  69 brcelon  75 mdrd  75 over 8  0 hotels vlble economy 5 str deluxe tremendous svngs    cll 1888  5brgn 202898  7887 reservton       receve  10 dscount referrerng eml
30  0  0 email addresses   ,N/A,relesed    30  0  0 eml ddress  plus 12 bonus    nclude free stelth 3  0 bulk eml softwre   399  0 vlue  ddress less 21 dy old  ern nsne profts rght formul product  servce  messge thousnd  hundred thousnd  even mllon  severl opton  trdtonl method nclude prnt dvertse  drect ml  rdo  televson dvertse  effectve  two ctch   re expensve consumng   one shot messge her  rght  nternet   globl communcton fronter  chnge drmtclly  nclude countless ndvdul welthy   electronc mrket   s commonly refer  effectvely level ply feld type busness  nternet mrket group onlne mrket busness over 5  help gol true  help mny ndvdul succeed mrket product effectvely  s smple  fct soon problem csh send bulk eml  here one mny true success story    ml 1 1  2 mllon eml one our customer  sell home worker mnul  29  95  hbe result typcl scry  over 700 order  700 x  29  95   20  0  gentlemn mze  fter skeptcl  relly hppen   nche  nche eml  buy our full lst set lfe less sx month  sell smple mnul vum e  ml  one mny success story her everydy  sound true   tell  relly work  why else mny ndvdul  wste  meg buck  nt even hestte one mss most effectve mrket nywhere   perod  here  s bottom lne here order tody    30 mllon eml ddress    1 per lne smple text formt cd  multple fle 250  0 greter  code need open fle   receve eml ddress follow domn    ol  prodgy  compuserve  delph  gene  juno  ppelne  ntermp  msn  mc  5 mllon mxed eml ddresses   com   net   nme lst bove seperte fle domn nme convenence  plus bonus specls      2 free bulk eml progrm    pegsus eudor  ble lod our nme 2 dstrbuton lst softwre s  crete dstrbuton lst sve hour work  mmedte  round clock lunch  whp mny dstrbuton lst  depend speed modem length messge  ble send round 10  0 30  0 messge per hour free     stelth mss mler  bulk eml  most populr bulk emler world  full work veron progrm  product send over 250  0 per hour   vlue  399  0    setup nstructon tp stelth mss mler    free check fx softwre    299  0 vlue    where free web pge    super note pd    softwre help mnge lrge text fle    wnzp self extrctor    progrm need decompress compress fle  hndy del fle zp formt    over 5  0 plce dvertse free     proft 2500 sery     7 mnul tech mrket nternet offer work one sty cler  show where web desgner free much  much  everythng  199  0    specl bonus    order wthn 24 hour deduct  50  0 lst prce  lmt  prevously sell seven mnul lone over  400  complete pckge low prce  149  0 nt even hestte one   reserve yours tody  lst completely free duplcte  contnul bss  dd nme remove undelverble remove request  result clenest eml ddress vlble nywhere over over gn  frcton cost compny chrge  typcl rte cqure eml lst 1 cent hgh 3 cent per eml ddress  s  nformton hghwy  robbery   protect e  ml ddress  1st  send e  ml stelth mss mler  progrm protect eml ddress whle send e  ml speed 250  0 messge per hour  28  8 connecton   2nd  collect nqury remove request vum utoresponder  usng utoresponder  nt even red flme  move remove lst forget  strt ern meg money strt  order our eml pckge  smply prnt ez order form below cll us nytme  ccept vs  mstercrd  mercn express  personl check money order                                          ez order form cll our 24 hour order lne  1561  6970657  order  deduct ddtonl  5  0 phone order       ye  order 30  0  0 eml ddress plus bonus  199  0      order wthn 24 hours  plese deduct  50  0 prce totl  149  0  plese select one follow shp      receve pckge overnght   m nclude  12 shp      receve pckge prorty delvery   m nclude  4 shp      plese dd  10  0 order outsde u  s  dte                                                      nme                                                     ddress                                                  cty  stte  zp                                           phone number                                          eml ddress                                           type credt crd        vs      mstercrd     mercn express credt crd                                            exprton dte                                         nme crd                                           mount                     sgnture  x                         dte  x                                                                       best luck   pologze e  ml send error  permnently remove ml lst smply http    www  removelst  com thnk  thnk  m
book  clinical phonetic,service@benjamin,
sum  reaction synthetic speech,grosz@eec,
l2 learn  cultural empathy,N/A,grdute student educton pproch collegue mne query lngust ble help  evluton exchnge progrm ndonesum one object prepre hgh school techer ndonesum here ustrlum  wonder nythng wrte correlton degree cquston l2 degree empthy prtcpton culture l2 speker  hgh nvolvement  skll seem thng techer both re  however negtve spect  pprently seem correlton between development skll lnguge drop tech  due  culture shock  return ustrlum those become most deeply mmerse  reference  de grtefully receve  number  summrse  ptrck mcconvell  nthropology  northrn terrtory unversty  po box 40146  csurn  nt 0811  ustrlum
s software ,dvinsond@netscape,
specialization brazilian indigenous language,maium@vms1,
adv  small business owner,andalucium@mailexcite,
re  8  826  disc  evolution analytic  synthetic,N/A,dd lttle vlue judgment prt mrtn hspelmth s cler explcton current vew evoluton typology  pont otto jespersen beleve evoluton synthetc nlytc  hppen between old modern englsh  overll mprovement  ssumpton totlly solte lnguge chnese represent del gol lnguge  nt copy esly vlble  beleve vew phlosophy grmmr  her suggest reson j beleve beleve englsh close del lnguge  second mrtn s clm vew frly cler consensus mong hstorcl lngust drectonlty dscuss  current ntroductory text certnly nclude dscusson vew   nce dscusson  exmple terry crowley s  ntroducton hstorcl lngustc   oxford  1992   smlr dscusson current text  geoff geoffrey s  nthn deprtment lngustc southern llno unversty crbondle  crbondle  l  62901 us phone   618 4533421  offce  fx  618 4536527  618 5490106  home
perspective language acquisition  revise ,holleb@linguist,
incredible opportunity,N/A,der frend  receve messge error  plese ccept pology  never thought d one telle  ctully red pece eml   m goe europe proceed  hello  nme kren lddell   m 35  yerold mom  wfe  prttme ccountnt  rule  delete unsolct  junk  eml ccount prmrly busness  receve ssume sme eml countless delete ech  two month go receve gn  ctchy subject lne  fnlly red  fterwrd    ok    m try  certnly fford nvest  20  hnd  s nothng wrong crete lttle excess csh   promptly ml four  5 bll  fter receve report  py frend mne smll fee send eml dvertsement  fter red report  lern esy bulk eml free  prepre result  everydy sx week  p  o  box overflow  5 bll  mny dy excess fll extr ml bn  ve upgrde corportesze box  stun money keep roll  husbnd sve severl substntl downpyment house   purchse house 40  down   re vence  tly celebrte  promse  follow drecton eml prepre eventully set sde hour ech dy follow  count money    lest much money  nt need whz computer   ll bet lredy  open envelope  remove money  send eml messge   re bnk  red  ll understnd esy      kren lddell follow copy eml red                                                                   legl  moneymkng phenomenon  prnt letter  red drecton  red gn    embrk most proftble unque progrm ever  mny over  demonstrte prove blty generte lrge mount csh  progrm show fntstc ppel huge evergrow onlne populton desrous ddtonl ncome  legtmte  legl  moneymke opportunty  requre personl contct  hrd work  best  never leve house  except ml bnk  truly lucky brek  ve wt  smply follow esy nstructon letter  fnncl drem true  follow correctly  electronc  multlevel mrket progrm works  thousnd progrm   rse cptl strt own busness  py off debt  buy home  cr  etc    even retre  chnce  nt pss                                                        overvew extrordnry electronc multlevel mrketng progrm                                                       bsclly   send thousnd product py us  5  0 us  cost next nothng produce eml bck  multlevel busness  buld our busness recrut prtner sell our product  every stte u  s  llow recrut multlevel busness onlne  vum computer   promse nythng  put forth effort busness work  hrd eml  product progrm seres four busness fnncl report cost  5  0 ech  ech order receve nclude    5  0 csh unte stte currency  nme number report order  eml ddress where eml report order  fll ech order  smply eml product buyer   s   5  0 yours  esest electronc multlevel mrket busness nywhere  follow nstructons letter prepred rep stggerng benefts         n s t r u c t o n s        must  1  order 4 report show lst below  cnt sell nt order   ech report  send  5  0 csh  nme  number report re orderng  eml ddress  return postl ddress  cse problem  person whose nme pper lst next report  plce order  sure order ech four report  need four report sve computer resell  wthn few dy receve vum eml  ech four report  sve computer ccessble send 1  0 s order  2  mportnt   lter nme lst next ech report  sequence lst  nstruct below step   through  e  lose mjorty proft  once understnd work   ll nt work chnge  remember  method test  lter  work   below lst vlble report  b  fter  ve order four report  replce nme ddress under report  1 nme ddress  move one down report  2  c  move nme ddress under report  2 down report  3  d  move nme ddress under report  3 down report  4  e  nme ddress under report  4 remove lst doubt collect lrge sum csh  plese sure copy everyone s nme ddress ccurtely    3  entre letter  nclude modfy lst nme  sve computer  chnge nstructon porton letter  4   re redy strt dvertse cmpgn worldwde web  dvertse web  nexpensve  hundreds free plce dvertse  nother venue dvertse eml lst  buy lst under  20  2  0 ddress py someone cre  sure strt d cmpgn mmedtely  5  every  5  0 receve  must eml report order   s  lwys provde smedy servce orders  help gurntee eml send  nme ddress  tmely   re customer cnt dvertse untl receve report  grow fst prompt courteous                                            vlble reports                                              order ech report number nme    note   lwys send  5 csh ech report  lwys send order v quckest delvery  sure csh concel wrp lest two sheet pper  one those sheet pper  nclude    number  nme report order   b  eml ddress   c  postl ddress                                                                   report  1   250  0 through multlevel sles  order report  1  hennessy s 7040 w plmetto pk rd  4 sute 165 boc rton fl 33433                                                                  report  2  mjor corportons multlevel sles  order report  2  curtn 3840 w hllsboro blvd sute 135 deerfeld bech fl 33442                                                                  report  3  sources best mlng lsts  order report  3  neu crr 6278 n federl hwy sute 276 ft luderdle fl 33308                                                                  report  4  evlutng multlevel sles plns  order report  4  mry rfferty 1730 s federl hwy sute 170 delry bech fl 33483                    here  s mzng pln  money  let s decde strt smll work  ssume gol 10 prtcpte frst level   plce lot free d nternet esly lrger response   ssume everyone else orgnzton 10 downlne member  follow exmple cheve stggerng result below  1st level   10 member  5                                             50 2nd level   10 member those 10   5 x 100                     500 3rd level   10 member those 100   5 x 1  0             5  0 4th level   10 member those 1  0   5 x 10  0      50  0 totls            55  550 remember frend  ssume prtcpte recrut 10 ech  moment hppen 20 prtcpte  lot 100 prtcpnt   cost prtcpte prctclly nothng  surely fford  20   obvously lredy nternet connecton eml free    report  3 show most productve method bulk eml purchse eml lst  lst  bulk eml vendor even work trde  50  0 onlne every month         tps success        tret busness  prompt  professonl  follow drecton ccurtely  send four report mmedtely order strt  receve  5 order  must send request product  report comply u  s  postl  lottery lw  ttle 18  secton 1302 1341 ttle 18  secton 3005 u  s  code  code federl reg  vol  16  secton 255 436  stte   product servce must exchnge money receve    lwys provde smedy servce orders receve  ptent persstent progrm  follow nstructon exctly  result undoubtedly successful   bove  fth yourself succeed         success gudelne        follow gudelne help ssure success  nt receve 10 20 order report  1 wthn two week  contnue dvertse untl   couple week lter receve lest 100 order report  2  nt  contnue dvertse untl  once receve 100 order report  2  relx  system lredy work  csh contnue roll  s mportnt remember  every nme move down lst  plce front dfferent report  keep trck progress wtch report order  wnt generte ncome  send nother btch eml strt whole process gn  lmt ncome generte busness  note  need help strt busness  regster busness nme  ncome tx hndle  etc   contct locl offce smll busness dmnstrton  federl gency  free help nswer queston   nternl revenue servce offer free help vum telephone free semnr busness tx  letter edt help comply federl trde commsson requrement  mount ernngs lst letter fctul fcttous  ernngs result hghly dependent ctvty dvertse  letter consttute gurntee stte nor mply  event determne letter consttute gurntee knd  gurntee vod  queston leglty letter contct offce ssocte drector mrket prctce federl trde commsson bureu consumer protecton wshngton dc         t e s t m o n l s        progrm work  must follow exctly  especlly rule try plce nme dfferent poston  wn work  ll lose lot potentl ncome   m lve proof work  relly gret opportunty reltvely esy money  lttle cost  choose prtcpte  follow progrm exctly   ll fnncl securty  sen mclughln  jckson  ms nme frnk  wfe  dor  lve bel  r  md  cost ccountnt mjor u  s  corporton pretty money  receve progrm grumble dor receve  junk ml   fun whole thng  spout knowledge populton percentge nvolve    nt work  dor totlly gnore suppose ntellgence jump both foot  mercless fun  redy ly old  tell  thng nt work   lugh  wthn two week receve over 50 response  wthn 45 dy receve over  147  200  5 bll  shock  sure fgure nt work  m belever  jon dor  hobby   seven untl retrement   rt rce  s  owe mlm  frnk t   bel  r  md wnt pss long best wsh encourgement  doubt vnsh frst order  even check u  s  post offce verfy pln legl  defntely  works    pul johnson  rlegh  nc thrd prtcpte pln  qut our job  soon buy home bech lve off nterest our money  erth pln work  ske  fmly s ske nt pss golden opportunty  luck hppy spend  chrle frchld  spokne  w order reports tody strted rod fnncl freedom
family name,N/A,dscover fmly hstory  rte  cool ste week  vst our webste  http    www  vpm  com  hllofnme  ndex  htm free serch  09 ncestor  surnme frst pper  re curous where fmly root orgnte  fll mss pece puzzle  jon stsfy multtude dscover complete fmly  surnme hstory  ntonlty  s esy  key nme our onlne  ndex  seconds tell s orgn much    ve reserch complete fmly nme hstory durng our 25  professonl reserch  red smple hstory  plus  free cot rm keychn  fmly s most ncent cot rm  crest  full color   fmly nme hstory prchment 11 x 17   pproxmtely 1700 word   beutfully llumnted most ncent cot rm full  uthentc herldc color  over 500 urls fmly herldc  hstory  plese vst our webste   http    www  vpm  com  hllofnme  ndex  htm free serch hll nme nterntonl nc  1888   root  1888  6976687
query summary  tense,nakayasu@kwc-u,
dhumbadjus   journal history language,N/A,news subscrber  december ssue dhumbdjus  prnt post before xm  overse subscrber wt thers rrve se ml  owe cost produce post 100 4 pge  worth wt  thnk subscrbe 1994  hope mny 1995  especlly untmely deth mother tongue  edtor dhumbdjus  nturlly delght consder ppers  squbb  letter news tem relte orgn dversfcton lnguge  hpppy  pul sdwell secretry  ssocton hstory lnguge po box 117  l trobe unversty  ustrlum  3083
13th scandinavian conference linguist,N/A,proceedng thrteenth scndnvn conference lngustc lr heltoft hrtmut hberlnd  ed  unversty rosklde  deprtment lnguge culture sbn 8790132  12  2 495 pge  1996 volume contn 40 ppers present 13th scndnvn conference lngustc  rosklde  denmrk  jnury 1992   nclude 6 ppers neurolngustc workshop hold connecton conference   most ppers englsh  one germn few dnsh swedsh   order  wrte lr heltoft  13th scndnvn conference lngustc  deprtment lnguge culture  unversty rosklde  pob 260  dk4000 rosklde  denmrk  fx  45 46754410  tble contents prce nformton  nclude method pyment  plese consult http    bbel  ruc  dk   rolg  13scn  html
email 57 million  99,N/A,57 mllon eml ddresses  99 wnt money  put touch over 50 mllon vrtully cost  one cent ech thess nme  proft over  500  0  0 s rght  57 mllon fresh eml ddress sell  99  fresh ddress nclude lmost every person nternet tody  duplcton  sort redy ml  best del nywhere tody  mgne sell product  5 1  10  response  s  2  850  0 pocket    nt beleve  knd money rght sme thng  why much eml sell product     work  even tell ml esy follow stepby  step nstructon nclude every order  57 mllon eml ddress yours keep  over over 1 cd  offer everyone  excellent rsk  rewrd rto offer nothng  money must stop drem cton                                          bronze mrketng setup 57  0  0 eml ddress cd nme text fle redy ml     99  0                                         slver mrketng setup 57  0  0 eml ddress cd nme text fle redy ml    8 dfferent bulk eml progrm tool help mlng lst mngement   139  0                                         gold mrketng setup vrtully everythng   57  0  0 eml ddress cd nme text fle redy ml    8 dfferent bulk eml progrm tool help mlng lst mngement  over 500 dfferent busness report sell nternet  100 ech  full rghts resell report  pckge eml ddress  softwre ml redy sell nformton product          collecton 100 best money dd currently flot round nternet   189                                         pltnum mrketng setup those redy  own net  57  0  0 eml ddress cd nme text fle redy ml    8 dfferent bulk eml progrm tool help mlng lst mngement  over 500 dfferent busness report sell nternet  100 ech  full rghts resell report  pckge eml ddress  softwre ml redy sell nformton product          collecton 100 best money dd currently flot round nternet        floodgte  goldrush fully regstered softwre   number 1 most powerful mss ml softwre world tody  nothng compre speed  relblty  performnce  blty  stelth  functon  pckge llow net own personl  money tree      379                                         severl wys order    order phone shp cd contnng 57 mllon  nmes wthn 12 hours order    1  ccept  mercn express vs mstercrd type crd mx  vs  mc                  exprton dte                            nme credt crd                         credt crd                                  bllng ddress                             cty                                          stte                 zp                      phone nclude re code                    eml ddress                               bll select mount ccount plus follow shp cost shppng cost 3  85 frst clss ml shppng cost 15  0 24 hour express ml  federl express sles tx dd r resdent    send correct mount csh  check money order     fre power      1320 n   b  st   sute 11224    fort smth  r 72901 2  send sme bove request credt crd nformton bove ddress  3  cll phone  530876  4293  24 hour phone number plce credt crd order  fre power  prvte compny fflte  endorse  ol  msn  nternet servce provder  copyrght 1998 rghts reserve q
requested   free samples information,rustyoo@juno,
search    credibility   ,N/A,drem  member our tem  ern 6  fgure ncome trvel penny dollr whle work home  vocton       vcton       100  0  frst ncome  ern  2000   5000 weekly   strt wthn 1  4 week   78  proft pd dly  selle  work home  overhed  employee  hgh tech trn support  mlm  100x proftble  multtrllon dollr trvel ndustry most ncredble prt our busness clents cll   hobby  serous nqure cll number below nformton oblgton  24 hour toll free messge  1800  3459688 ext 2050
is   ,N/A,messge send feel benefcl nclude nterntonl executve guld s s cd  rom  letter nconvenence plese ccept our pology smply type  remove  frst spce our pplcton form off our dtbse  thnk help keep spm free nternet   der cnddte  select potentlly qulfy cnddte ncluson ltest stte rt  nterntonl executve guld s s cd  rom  our resercher gther nformton mny recognze source nclude professonl ssocton socety  trde orgnzton  newspper mgzne rtcle  web presence  referrl exst member  hghly respect professonl feld expertse  beleve contrbuton mert serous consderton ncluson nterntonl executve guld s s cd  rom  mntn hghest level ccurcy sk clck web ddress below fll bref bte nformton our pplcton form  s cost oblgton ndvduls evluted ncluson pplcnts receve free gft complments nterntonl executve guld  http    www  executveguld  com  pply  html sncere thnk  nthony ngllnellum executve drector nterntonl executve guld s fflte ssocte mrqu s
genderless ,N/A,content  length  350 lnguge stndrly descrbe genderless stll cse  pretty sure  thng  womn  nsted s  purely lexcl mtter  ppernce genderlessness preserve  wonder pply lnguge recently descrbe genderless lst
sle 98 st  andrew,abraham@let,
re  3  376 help re  iaupe,N/A,hy lguen que sep como se puede comuncr con lo ordendore de l unversdd de tex  es que busco nformcus sobre el progrm de educcus ble de lo dstnto conddo que formn l cudd de ustn y re lmtrofe    grc    brett
web promotion spider,N/A,web promote spder over 80 mllon document web tody  ste notce dffcult process  goe ech serch engne  lnk pge  drectory  newsgroup mnully submt pge relstclly week complete  nnounce web promote spder  cret specfclly meet need those wnt web pge notced plce top serch engne  spder utomte process submt ste powerful technology ste lst top poston   ve develop web promote spder wndow 95 nt  mze progrm utomtclly submt ste over 250  lst grow dly  mjor serch engne drectory  plus  web promote spder expert html reder system nsde  chnge certn contents html text utomtclly prepre need nformton onlne regstrton serch engne optmze pge lst top  orgnlly engneer professonl dvertse ndustry  progrm esy ntutve  begnner mze smple complete control over serch engne ndex mrket effort  web promote spder ndustrl strength mrket tool extremely vluble prt publcty cmpgn  knd power  surprse mny our customer even buld proftble onlne promotonl busness product exst nternet connecton  pyment  49  95  stndrd verson  receve current web promoton spder progrm   upgrde free  ech upgrde lst nternet serch engne  onlne drectory  course  feture  plus  free upgrde twce month feture serch engne  regster  ll contnue our upgrde  keep progrm upto  dte better better  submt 250  serch engne  free  proud nnounce two powerful verson web promote spder  our stndrd verson our brnd pro verson  our stndrd verson desgn those ndvdul one two ste wnt ble submt  wnt drmtc ncrese ste vsblty  our pro verson desgn sp s  webmster  host provder  nyone multple ste need promote thoroughly  whle stndrd verson trck regstrton cmpgn  stll somewht ntensve regster severl ste once  regulr bss  why web promote spder net storm  professonl verson whle stndrd verson product seem meet promotonl need most our customer  recognze need  ndustrl strength  verson web promote spder  professonl verson desgn sp s  webmster  host provder  nyone multple ste need promote thoroughly  whle stndrd verson trck regstrton cmpgn  stll ntensve regster severl ste once  eser effcent our customer  dd severl feture brnd professonl verson  deep promoton  feture utomtclly explore every nternl lnk ste  develop regstrton nformton ech pge utomtclly  nstnce  stndrd verson  30 pge ste  run web promote spder thrty  mnully nput ech pge regstrton queue  professonl verson  utomtc  mtter mnute  btch process  responsble regster mntn severl ste  feture prtculrly useful  lod multple ste  set progrm run ste once  generte sve seprte regstrton report ech  report esly copy wndow clpbord pst report  eml  etc  expnd promoton resource  whle stndrd verson spder submt 250 regstrton resource lst contnue grow quckly s pln professonl verson  pro verson currently 400 soon lest 1  0 utomtc regstrton opton  resource   re prevous owner stndrd verson  cost  49  95 upgrde   re frst user strt pro verson rght wy  cost  99  90  nfo plese vst our web ste  http    www  gur  com  softwre  sy  htm order order fx vs mstercrd fx   425  3799722 ddress downlod progrm extr  10  0  ll send progrm cd  rom nme                         ddress                       cty                  stte                  zp                  home phone                     work phone                      fx                      e  ml                    stndrd verson  49  95   pro verson  99  90   upgrde  49  95  stndrd pro  lredy stndrd verson     send cd  rom  10  0    provde downlod ddress   chrge      totl vs    mstercrd     ccount number                 exprton det                  understnd sle fnl                         sgnture
information age   77273,N/A,der onndr  tollfree cll men fnncl success  fmly  once  20     s multlevel network mrketng    nswer  ye  follow queston   busness  20 perfect  1  lredy home offce plce   personl computer   fx  nswer  20 mchne  etc   2  extr 10  15 hour per week commt towrd  buld  20 own prttme  fulltme  busness  3  ble red scrpt  clerly   enthussm  2  3  20 mnute ntroducton our product    coldcl  requre   prospect  20 sk cll   sell  our system sell   4  our system  verge  every 15 16 cll return  generte sle  20 py commsson excess  1  100  mny  cll per  20 week   per dy   nswer  yes  bove queston   ntegrty   20 work hbt  desre mprove fnncl outlook   cll toll  free number   20      1800  2002074      mgne fnncl freedom seek  long  control  20 personl fnnces control  enjoy frut  lbor  20 spend fmly  hobby   ctvty enjoy   20  re few qulty work ethc desre  generte  20 csh flow themselve  2  0   5  0 per week   depend   20 much ble devote busness   20 selfdscplne gnore tv few hour two  three evenng  20 per week   re legtmte homebse busness  opportunty   20 multlevel mrket  plese cll our tollfree number   1800  2002074   20 lsten bref messge  leve nme phone number   bck  20 quckly possble   20 nothng lose few mnute further  nvestgte  20 opportunty chnge lfe forever  p  s  eser lredy functonl home offce  stuton  gretly  20 reduce strtup cost  fcltte ble begn  mmedtely   20 plese  serous nqury
sum  8  797 language identification,robertsg@gusun,
word own op,N/A,regrdng word own opposte  ve exmple  word s hme  borgnl englsh stndrd ustrln englsh  exmple  pul kelly  stndrd ustrln englsh  song   specl tretment  descrbe borgnl boy fmly s hstory hde  push off lnd  put chn  chld stel etc etc   rse shme   negtve descrpton  feel bd hmself  louse sprng borgnl englsh  brng shme  rght  brng   shme  ndcte wrong behvour crcumstnce  s feel bd yourself  s hft  men due substrte lnguge word trnslte s hme  englsh  s exctly men  eg  pure   estern rrernte   kurnt  wrlprus  dscuss jen hrkn ustrln journl lngustc  book  nother world      men shmeless  sue morrsh  techer lngust  nsttute borgnl development  louse sprng northern terrtory  ustrlum 0870
capital fm,N/A,nt wnt receve eml  clck follow lnk remove ddress our ml lst  http    cptlfm  com  unsubscrbe                                                                     http    cptlfm  com  velvet goldmne  glm s bck ewn mcgregor s move   musc news releses  ltest strght screen   kele le roc  tomorrow s brtsh rb superstr   fntsy record lbel  fvourte bnd top   onlne musc shop  fvourte musc doorstep   sportstme  lve cton bg gme                                                                       velvet goldmne  glm s bck ewn mcgregor s move  scottsh str hed bck gltter dy glm rock wld flm stun soundtrck   re brng tste sprkle decde screen clp move lod  velvet goldmne  prze  http    cptlfm  com  musc news releses  ltest strght screen   re hottest news ltest relese  where  cptlfm  com plce brek news  tour dte  gossp  relese ht street  sty touch  http    cptlfm  com  kele le roc  tomorrow s brtsh rb superstr  brtsh rb show strong gnst mercn flvour  kele le roc hotly tp forefront   ll tlk tomorrow s superstr stun sngle  lttle bt lovn   relese   http    cptlfm  com  fntsy record lbel  fvourte bnd top  ultmte musc gme run couple week  s never too lte prt become success musc bz  pck bnd top chrt wn mze prze  http    cptlfm  com  shop  fvourte musc doorstep  our musc shop down storm  nt check esy buy ltest gretest musc  nt hestte  everythe desktop next thng fvourte musc mlbox   re lwy here help queston  musc buy experence  http    cptlfm  com  sportstme  lve cton bg gme  sturdy  ll focus premershp lve coverge rsenl v southmpton  two club opposte end top flght    gunnner bck europe next week  brng lve cton wembley chmpon  legue    follow sundy her lve commentry blckburn v rsenl jonthn perce  voce footbll    plus prevew  report gol top gme round country chnce cht wmbledon str robbe erle over web   http    cptlfm  com                                                                     dvertsement wnt sve money fvourte cds  stupd queston  cd prdse  ve exclusve offer ltest lbum reder eml  robbe wllm    betful south    plcebo    lod  nt mss moneysve prce  http    www  cdprdse  com  cptlfm                                                                                                                                         dvertsement s plce  re lookng cptl   re low cost lon pply onlne  responsble compny  lnk http    www  elon  co  uk whether s cr  somethng home holdy  elon nternet unsecure lon let s borrow seven hundr ffty pound ten thousnd pound 11  9  pr fxed  fx nterest rte  elon llow pln hed confdence  keep monthly repyment sme  regrdless nterest rte generlly  nstnce  wnt borrow four thousnd pound over thrty sx month wthout nsurnce cover pr 11  9  fx  monthly repyment one hundr thrty one pound sxty seven penny  totl repyment four thousnd  seven hundr forty pound  twelve penny  whtever  re fter  vst lnk checkout reltme lon clcultor choose lon mount  repyment term nsurnce opton sut need pply onlne  http    www  elon  co  uk elon trde style blck horse fnnce lmt  subsdry lloyd tsb group  wrtten quotton vlble request  blck horse fnnce lmt  usl   freepost  bournemouth bh8 8br
job computational lexicography  portuguese  italian  dutch ,beesley@xerox,
negative concord,kroch@change,
move over bill gates        ,N/A,subject  move over bll gte                                                                   legl  moneymkng phenomenon  prnt letter  red drecton  red gn    embrk most proftble unque progrm ever  mny over  demonstrte prove blty generte lrge mount csh  progrm show fntstc ppel huge evergrow onlne populton desrous ddtonl ncome  legtmte  legl  moneymke opportunty  requre contct  hrd work  best  never leve house  except ml bnk  truly lucky brek  ve wt  smply follow esy nstructon letter  fnncl drem true  follow correctly  electronc  multlevel mrket progrm work perfectly    100  every  thousnd progrm   rse cptl strt own busness  py off debt  buy home  cr  etc    even retre  chnce  nt pss                                                                                    overvew extrordnry electronc multlevel mrketng progrm                                                                                   bsclly   send thousnd product  5  0 cost next nothng produce eml  multlevel busness  buld our busness recrut prtner sell our product  every stte u  s  llow recrut multlevel busness onlne  vum computer   product progrm seres four busness fnncl report cost  5  0 ech  ech order receve vum  snl ml  nclude    5  0 csh  nme number report order  eml ddress where eml report order  fll ech order  smply eml product buyer   s   5  0 yours  esest electronc multlevel mrket busness nywhere  follow nstructons letter prepred rep stggerng benefts         n s t r u c t o n s        must  1  order 4 report show lst below  cnt sell nt order    ech report  send  5  0 csh  nme  number report re orderng  eml ddress  return postl ddress  cse problem  person whose nme pper lst next report   plce order  sure order ech four report  need four report sve computer resell   wthn few dy receve  vum eml  ech four report  sve computer ccessble send 1  0 s order  2  mportnt   lter nme lst next ech report  sequence lst  nstruct below step   through  d  lose mjorty proft  once understnd work   ll nt work chnge  remember  method test  lter  work   below lst vlble report  b  fter  ve order four report  replce nme ddress under report  1 nme ddress  move one down report  2  c  move nme ddress under report  2 down report  3  d  move nme ddress under report  3 down report  4  e  nme ddress under report  4 remove lst doubt collect 50 grnd  plese sure copy everyone s nme ddress ccurtely    3  entre letter  nclude modfy lst nme  sve computer  chnge nstructon porton letter  4   re redy strt dvertse cmpgn worldwde web  dvertse web  nexpensve  hundreds free plce dvertse                                                                                                    bottom dvertsement specl bulk eml rtes respondng d        sure strt d cmpgn mmedtely                                                                                                     5  every  5  0 receve  must eml report order   s  lwys provde smedy servce orders  gurntee eml send  nme ddress  prompt cnt dvertse untl receve report                                            vlble reports                                              order ech report number nme    note   lwys send  5 csh ech report  lwys send order v frst clss ml  sure csh concel wrp lest two sheet pper  one those sheet pper  nclude    number  nme report order   b  eml ddress   c  postl ddress                                                                   report  1   250  0 through multlevel sles  order report  1  krl enterprse 5765  f burke centre pkwy sute 362 burke  v 220152233                                                                  report  2  mjor corportons multlevel sles  order report  2  ms po box 0814 frederck  md 217050814                                                                  report  3  sources best mlng lsts  order report  3  gregory mrket po box 660037 dept  g1 utopum stton  ny 113660037                                                                     report  4  evlutng multlevel sles plns  order report  4  hubbrd house 103 hubbrd rod dept  h1 berwck  039012302                                                                                                   here  s mzng pln  money                                                                                                    let s decde strt smll work  ssume gol 10 prtcpte frst level   plce lot free d nternet esly lrger response   ssume everyone else orgnzton 10 downlne member  follow exmple cheve stggerng result below  1st level   10 member  5                                             50 2nd level   10 member those 10   5 x 100                         500 3rd level   10 member those 100   5 x 1  0                   5  0 4th level   10 member those 1  0   5 x 10  0             50  0 totls              55  550 remember frend  ssume prtcpte recrut 10 ech  moment hppen 20 prtcpte  most 100 s prtcpnt   cost prtcpte prctclly nothng  surely fford  20   obvously lredy nternet connecton eml free    report  3 show most productve method bulk eml purchse eml lst  lst  bulk eml vendor even work trde                                                                                                    remnder  bottom d specl bulk eml rte                                                                                                      50  0 onlne every month         tps success         tret busness  prompt  professonl  follow drecton ccurtely   send four report mmedtely order strt  receve  5 order  must send request product  report comply u  s  postl  lottery lw  ttle 18  secton 1302 1341 ttle 18  secton 3005 u  s  code  code federl reg  vol  16  secton 255 436  stte  product servce must exchnge money receve    lwys provde smedy servce orders receve   ptent persstent progrm  follow nstructon exctly  result undoubtedly successful   bove  fth yourself succeed         success gudelne        follow gudelne gurntee success  nt receve 10 20 order report  1 wthn two week  contnue dvertse untl   couple week lter receve lest 100 order report  2  nt  contnue dvertse untl  once receve 100 order report  2  relx  system lredy work  csh contnue roll  s mportnt remember  every nme move down lst  plce front dfferent report  keep trck progress wtch report order  wnt generte ncome  send nother btch eml strt whole process gn  lmt ncome generte busness  note  need help strt busness  regster busness nme  ncome tx hndle  etc   contct locl offce smll busness dmnstrton  federl gency  free help nswer queston   nternl revenue servce offer free help vum telephone free semnr busness tx         t e s t m o n l s        progrm work  must follow exctly  especlly rule try plce nme dfferent poston  wn work  ll lose lot potentl ncome   m lve proof work  relly gret opportunty reltvely esy money  lttle cost  choose prtcpte  follow progrm exctly   ll fnncl securty  sen mclughln  jckson  ms nme frnk  wfe  dor  lve bel  r  md  cost ccountnt mjor u  s  corporton pretty money  receve progrm grumble dor receve  junk ml   fun whole thng  spout knowledge populton percentge nvolve    nt work  dor totlly gnore suppose ntellgence jump both foot  mercless fun  redy ly old  tell  thng nt work     lugh  wthn two week receve over 50 response  wthn 45 dy receve over  147  200  5 bll  shock  sure fgure nt work  m belever  jon dor  hobby   seven untl retrement   rt rce  s  owe mlm  frnk t   bel  r  md wnt pss long best wsh encourgement  doubt vnsh frst order  even check u  s  post offce verfy pln legl  defntely  works    pul johnson  rlegh  nc mn reson letter convnce system honest  lwful  extremely proftble  lrge mount money short  pproch severl before check  jon one expect return mnml effort money requre  stonshment  receve  36  470  0 frst 14 week  money stll  sncerely yours  phllp  brown  esq  gmble type  severl week mnd prtcpte pln  conservtve  decde ntl nvestment lttle nt enough order lest money bck  boy  surprse medumsze post offce box crm order  whle  over  lod strt pck ml wndow   ll money 10 lfe before  nce thng del nt mtter where u  s  lve  smply nt better nvestment fster return  mry rocklnd  lnse  m receve progrm before  delete  lter wonder nt try  course  de contct nother copy  wt untl eml nother progrm    11 month pss    nt delete one      41  0 frst try   d  wlburn  munce  thrd prtcpte pln  qut our job  soon buy home bech lve off nterest our money  erth pln work  ske  fmly s ske nt pss golden opportunty  luck hppy spend  chrle frchld  spokne  w order reports tody strted rod fnncl freedom                                                            lmt     order report dvntge follow dscount bulk ml rte menton ssocte  krl enterprse  e  ml offer 50  0 fresh eml ddress  49  0  e  ml offer 100  0 fresh eml ddress  69  0  wnt relly money      e  ml offer 500  0 fresh eml ddress  200  0  cll 1423  6258787 sk ron nytme 5 dy week
penpal  correspondence  freind ,N/A,hello  vst us  meet frend brzl                                             correspondence  penpls  trvel  romnce                              http    www  lwysfrend  com lwy frend  bem  vndo
job posting,N/A,nnouncement open rnk professorl poston unversty clforn  sn dego deprtment lngustcs subject vlblty fund  deprtment lngu  tc unversty clfornum  sn dego  seek fll open rnk professorl poston  tenure  tenure  trck  effectve july 1  1995  lngust cpble tech forml semntcs prove reserch record forml semntcs  nclude semntcs  syntx nterfce  slry commensurte rnk experence bse current unversty clfornum slry scle  letter pplcton  currculum vt  represent  tve publcton mnuscrpt  nme ddress 3 referee send  unversty clfornum  sn dego open serch commttee deprtment lngustc  0108 9500 glmn drve l jollum  c 920930108 pplcton mterl must receve lter febru  ry 1  1995  unversty clfornum equl opportunty  ffrmtve cton employer  nnouncement supersede our october ls bulletn nnouncement our ugust deprtmentl notce tenure poston forml semntcs  syntx
  extra money christmas,N/A,ern  50  0 next 90 dy send eml  seem mpossble  red detl   seen ntonl t  v    thnk nterest  letter  ve red news ltely  due populrty letter nternet  mjor nghtly news progrm recently devote entre show nvestgton progrm descrbe below relly money  show nvestgte whether progrm legl  fndng prove  once  bsolutely lw prohbt prtcpton progrm  help show smple  hrmless fun extr money home  result show truly remrkble  mny prtcpte those nvolve  much better ever before  snce everyone try  excte prt ltely  understnd once experence   here s below                                                                                                                                                           prnt future reference    follow ncome opportunty one nterest  strt lttle nvestment ncome return tremendous                                                                                       lest  50  0 less 90 dy  plese red enclose progrm    red gn                                                                                        s legtmte  legl  money mkng opportunty  requre contct  hrd work  best  never leve house except ml  beleve somedy  ll bg brek  ve wt  s  smply follow nstructon  drem true  multlevel eml order mrket progrm work perfectly 100  every  e  ml sle tool future  dvntge noncommerclze method dvertse    longer wt  busness e  ml  pece cton    multlevel mrketng  mlm  fnlly gn respectblty  tech hrvrd busness school  both stnford reserch wll street journl stte between 50  65  goods servce sell through multlevel method md lte 1990 s  multus  bllon dollr ndustry 500  0 mllonre u  s   20   100  0  fortune severl mlm  moreover  sttstcs show 45 become mllonre everydy through multus  level mrket  her story before  over summer donld trump ppernce dvd lettermn show  dve sk lose everythng strt over scrtch  wthout hestte  trump network mrket compny work  udence strt hoot boo  udence dedpn response  s why  m st here st   enclose nformton somethng lmost slp through fnger  fortuntely  sometme lter rered everythng study  nme johnthon rourke  two go  corporton work pst twelve downsze poston elmnte  fter unproductve job ntervew  decde open own busness  over pst  ncur mny unforeseen fnncl problem  owe fmly  frend credtor over  35  0  economy toll busness nt seem end meet  refnnce borrow gnst home support fmly struggle busness  moment somethng sgnfcnt hppen lfe wrte shre experence hope chnge lfe forever fnnclly    md december  receve progrm vum eml  sx month s pror receve progrm send wy nformton vrous busness opportunty  progrm receve  opnon  cost effectve  ether too dffcult comprehend ntl nvestment too much rsk work  one clm mllon dollr one  nt tell d wrte book   december 1997 1 receve progrm  nt send  sk  nme off ml lst  thnk goodness    fter red severl  sure red correctly  nt beleve eye  here money mkng phenomenon  nvest much wnt strt  wthout put further debt  fter pencl pper fgure  lest money bck  most stll lttle skeptcl lttle worry legl spect  check u  s  post offce  1800  7252161 24  hr  confrm ndeed legl  fter determne progrm legl chn letter  decde  why   ntlly send 10  0 eml  cost  15 onlne  gret thng eml nt need money prnt send progrm  order fulfll vum eml  expense  tell  hope nt turn off  promse myself  rpoff  nyone  mtter much money cost  less one week  strt receve order report  1  jnury 13  1 receve 26 order report  1  gol  receve lest 20 orders report  1 wthn 2 weeks  don  t  send progrms untl   frst step  50  0  90 dy  jnury 30  1 receve 196 order report  2  gol  receve lest 100  orders report  2 wthn 2 weeks   send progrms untl  once 100 orders  rest s esy  relx   50  0 go  l    196 order report  2  96 need  st bck relx  mrch 1  eml 10  0  1 receve  58  0 every dy  py off debt buy much need cr  plese red ttch progrm  chnge lfe forever    remember  wn work nt try  progrm work  must follow exctly  especlly rule try plce nme dfferent plce  wn work   ll lose lot money  order progrm work  must meet gol 20  order report  1  100  order report  2  50  0 90 dy  m lvng proof works    choose prtcpte progrm  sorry  relly gret opportunty lttle cost rsk  choose prtcpte  follow progrm fnncl securty  fellow busness owner fnncl trouble  wnt strt own busness  consder sgn  dd  sncerely  johnthon rourke personl note orgntor progrm  red enclose progrm report  conclude progrm  one legl  crete mteur  let tell lttle myself  proftble busness 10  1979 busness begn fll off  sme thng prevously successful  nt work  economy  nflton recesson replce stble economy us snce 1945  1 nt tell hppen unemployment rte mny frst hnd experence  flure bnkruptcy ever before  mddle clss vnsh  those nvest wsely move  those  nclude those never nythng sve nvest  move down rnk poor    rch rcher poor poorer   trdtonl method money never llow  move   rch   nflton  receve nformton fnncl freedom rest lfe   rsk   lttle bt effort   money next few month ever mgne  pont penny money  nor nyone else provde testmonl progrm  lredy over 4 mllon dollrs  retre progrm fter send thousnd thousnd progrm  follow progrm exctly nstructed  chnge  work exceedngly  remember e  ml copy excte report everyone  one send send 50  0 nme everyone  remember though  send potentl customer rech  frend  de  nformton  mterl opportunty become fnnclly ndependent  s    before delete progrm mlbox  lmost  lttle red relly bout  pencl fgure hppen prtcpte  fgure worst possble response mtter clculte  stll lot money  defntely bck nvest  doubt vnsh frst order  works  jody jcob  rchmond  v here  s mzng progrm thousnds dollr  nstructons  method rse cptl relly works 100  every  sure  50  0 next 90 dy  before  bull   plese red progrm crefully  chn letter  perfectly legl money opportunty  bsclly   multlevel busness  buld our busness recrut prtner sell our product  every stte us llow recrut multlevel busness prtner  offer product every dollr send  orders ml re flled eml  nvolve personl sell  prvtely own home  store offce  gretest multus  level ml order mrket nywhere  must  1  order 4 report show lst below  cnt sell nt order    ech report  send  5  0 csh  nme  number report re orderng  eml ddress  nme  return ddress  cse problem  person whose nme pper lst next report  sure return ddress s envelope cse ml problems   plce order  sure order ech four report  need four report sve computer resell   wthn few dy receve  vum eml  ech four report  sve computer ccessble send 1  0 s order  2  mportnt   lter nme lst next ech report  seqence lst  nstruct below step   through  f  lose mjorty proft  once understnd work   ll nt work chnge  remember  method test  lter  work   below lst vlble report  b  fter  ve order four report  dvertsement remove nme ddress under report  4  person through cycle doubt count  50  0  c  move nme ddress under report  3 down report  4  d  move nme ddress under report  2 down report  3  e  move nme ddress under report  1 down report  2  f  nsert nme  ddress report  1 poston  plese sure copy every nme ddress ccurtely  3  entre letter  nclude modfy lst nme  sve computer  chnge nstructon porton letter  cost prtcpte prctclly nothng  surely fford  20   obvously lredy nternet connecton e  ml free  two prmry method buld downlne  method  1  sendng bulk eml let s decde strt smll   ll ssume those nvolve send 2  0 progrm ech  let s ssume ml receve 0  5  response  usng lst response much better   mny send hundred thousnd progrm nsted 2  0  contnue exmple  send 2  0 progrm  0  5  response  10 order report  1  those 10 respond send 2  0 progrm ech totl 20  0  those 0  5   100 respond order report  2  those 100 ml 2  0 progrm ech totl 200  0  0  5  response 1  0 order report  3  those 1  0 send 2  0 progrm ech 2  0  0 totl  0  5  response 10  0 order report  4  s 10  0  5 bll  csh    totl ncome exmple  50   500   5  0   50  0 totl  55  550    remember frend  s ssumng 1  99q 2  0 ml bsolutely nothng trsh progrm  dre moment hpppen everyone  hlf sent 100  0 progrms nsted 2  0  beleve  mny    cost prtcpte prctclly nothng  obvously lredy nternet connecton eml free    report  2 show best method bulk eml  tell where obtn free bulk eml softwre where obtn e  ml lst  method  2  plcng free ds nternet dvertse  net  nexpensve  hundreds free plce dvertse  let s decde strt smll work  ssume gol 10 prtcpte frst level   plce lot free d nternet esly lrger response   ssume everyone else orgnzton 10 downlne member  follow exmple cheve stggerng result below  st level   10 member  5    50 2nd level   10 member those 10   5 x 100   500 3rd level   10 member those 100   5 x 1  0   5  0 4th level   10 member those 1  0   5 x 10  0    50  0 totls              55  550 remember frend  ssume prtcpte recrut 10 ech  moment hppen 20 prtcpte  most 100 s prtcpnt   every  5  0 receve  must dc  eml report order   s  lwys provde smedy servce orders  gurntee eml send  nme ddress  prompt cnt dvertse untl receve report  vlble reports    order ech report number nme  1     note   lwys send  5 csh  u  s  currency  ech report cheques ccepted  lwys send order v frst clss ml  sure csh concel wrp lest two sheet pper  one those sheet pper  nclude    number  nme report order   b  eml ddress   c  nme  postl ddress  plce order reports  report  1  nsder s gude dvertse free nternet  order report  1  crossrod enterprse 550710 nesconset hwy   317 mt  snus  ny  11766 report  2  nsder s gude send bulk e  ml nternet  order report  2  lur wte rfd1 box 798 cmpton  nh  1683 report  3  secret multlevel mrket nternet  order report 43  phlp webster 1011 second st  port ornge  fl  32119 report  4  become mllonre utlze power multlevel mrket nternet  order report  4  ptrcum rnold 174 wndwrd ct  s  port jefferson  ny  11777 50  0 onlne every month         tps success           tret busness  prompt  professonl  follow drecton ccurtely     send four report mmedtely order strt  receve  5 order  must send request product  report  lwys provde smedy servce orders receve  ptent persstent progrm  follow nstructon exctly  result successful  bove  fth yourself wlt  succeed         success gudelnes        follow gudelne gurntee success  nt receve 20 order report  1 wthn two week  contnue dvertse send eml untl   couple week lter receve lest 100 order report  2  nt  contnue dvertse send eml untl  once receve 100 order report  2  relx  system lredy work  csh contnue roll  s mportnt remember  every nme move down lst  plce front dfferent report  keep trck progress wtch report order  wnt generte ncome  send nother btch e  ml contnue plce d strt whole process gn  lmt ncome generte busness  before decson whether prtcpte progrm  plese nswer one queston  wnt chnge lfe  nswer yes  plese follow fct progrm  1  sell product cost nythng produce  shp dvertse  2  customer py csh  3  e  ml wthout queston most powerful method dstrbute nformton erth  progrm combne dstrbuton power eml together revenue generte power multlevel mrket  4  expense ntl  20 nvestment  5  vrtully ncome generte progrm pure proft  6  progrm chnge lfe forever         t e s t m o n l s        progrm work  must follow exctly  especlly rule try plce nme dfferent poston  wn work  ll lose lot potentl ncome   m lve proof work  relly gret opportunty reltvely esy money  lttle cost  choose prtcpte  follow progrm exctly   ll fnncl securty  sen mclughln  jckson  ms mn reson letter convnce system honest  lwful  extremely proftble  lrge mount money short  pproch severl before check  jon one expect return mnml effort money requre  stonshment  receve  36  470  0 frst 19 week  money stll  sncerely yours  phllp  brown  esq  gmble type  severl week mnd prtcpte pln  conservtve  decde ntl nvestment lttle nt enough order lest money bck  boy  surprse medumsze post offce box crm order  whle  overlod strt pck ml wndow   ll money 10 lfe before  nce thng del nt mtter where u  s  lve  smply nt better nvestment fster return  mry rocklnd  lnse  m  receve progrm before  delete  lter wonder nt try  course  de contct nother copy  wt untl eml nother progrm    11 month pss    nt delete one      41  0 frst try   d  wlburn  munce  thrd prtcpte pln  qut our job  soon buy home bech lve off nterest our money  erth pln work  ske  fmly s ske nt pss golden opportunty  luck hppy spend  chrle frchld  spokne  w ner  90  0 mrk progrm  severl form dvertsement  regulr ml bulk eml  regulr ml expensve 2 reson  purchse select lst nme  postge  3rd send e  ml  quntty 700  0   fter 3 prtcpte progrm  lmost  90  0 mrk  nt too bd  hope sme success  luck     rymond mccormck  cnnn  ct  gret potentl extr ernngs vlble fngertp  unlmt ccess welth  must frst step  medum lredy prove       obscene mount money  nformton  mterl  opportunty become fnnclly better off  s    rsk  20   much spend lotto tcket  return    order reports tody strted rod fnncl freedom
yale work paper volume,linguist@yalead,
sum  greek l1,N/A,content  length  1735 couple week go sk lst reference greek l1 cquston  number response  pont sme few uthor  nthus  mr tsmply  1992   funtonl ctegory mturton  prefunctonl stge lnguge cquston   phd thess  ulc ursulum stephny  1985  spekt  tempus  modltet  tuebngen  nrr      1995  cquston modern greek  d   slobn  ed  crosslngustc study lnguge cquston  vol  4     dt chldes gberel drchmn del phonologl spect greek l1 70 s  ppers presumbly publsh oho work pper ustrn phonologc durng  thnk nel smth  bob ngrum  heke behren  dn slobn wm zonneveld  yorgo xydopoulo hrret js help   order thnks due order mesge   susnne dopke  phd  lngustc monsh unversty clyton vc 3168 ustrlum ph  61  39052298 fx  61  39052294
legal cable tv descrambler,N/A,note  s dvertsement legl tv descrmbler nterest nformton plese clck delete  thnk   legl cble tv descrmbler wnt wtch sport event    movy    py  per  vew    fmous r  d  o shck tv descrmbler ssemble r  d  o shck prt  12  0  send  e  z follow ssembly nstructon  e  z red orgnl drwng  fmous r  d  o shck prt lst  plus somethng must  somethe cnt wthout  upto  dte report  usng descrmbler leglly wrn  buld tv descrmbler wthout red report frst  frequently sked queston   cble tv descrmbler q  descrmbler work fber  tc  jrrod stellte system   nswer yes  respect stellte  stuff  one excepton  descrmbler work dss stellte  q  need converter box   pln work wthout converter box  specfc nstructon nclude pln ech  q  cble compny detect descrmbler    sgnl descrmble rght box move bck through lne  q  lter exst cble system  televson vcr   nswer  q  doe work remote control   nswer yes  descrmbler mnully control   esy  q  eml pln   progrm esy follow pcture gude  q  doe work everywhere cross country   ye  every where us plus englnd  brzl  cnd country  q  s del gurntee   ye  unhppy reson refund money  q  order  stuff   ml order wthn 48 hour receve  order nformton ct wthn next 14 dys receve two free bonus   cble mnul  mnul contn hrd nformton cble compny wnt  receve rdr jmmer plns  never nother speed tcket  buld own rdr jmmer  unt jm polce rdr cnt red vechcle  rdr jmmer legl 48 stte  smple buld  free bonuses lone re worth ctng  cble descrmbler kt comes thrty dy money bck gurntee  completely stsfed  send cble descrmbler kt bck keep bonuses free  nothng lose free cble tv gn  ct  smply send  14  0 check  money order  credt crd nformton  nformton plus  po box 99  north pltte ne 69103  credt crd orders fll form ml  ttenton nformton plus here credt crd nformton mount  14  0 cble descrmbler kt  ccount number                                     exp  dte                     nme                                              bllng ddress                                           cty  stte  zp                                      home phone                                   ml ndependent mrket co  pologze messge rech error  sve plnet  sve tree  dvertse vum e ml  wste pper  delete one smple keystroke  less refuse our dump  mllenum
conf  ind  arian  indo  iranian indo  european,p2indog@phil,
sum  x  ray acoustic signal,faber@haskin,
13th annual international conference pragmatic language learn,l-bouton@uiuc,
stop pay those high major airline fare,N/A,stop pyng those nflted rfre prces    december 29  1997 us tody report busness fre expect  rse pproxmtely 20  1998  top 15  gn 1997   excurson vcton fres cnnot fr behnd    mny beleve chepest rfre surf through mny onlne reservton system vlble nternet   20 don  t fooled   reservton system own  operte  20 mntn rlne themselve often slow updte   20 nt nclude mny deeply dscount fre progrm  offer rlne   20 often cll rlne locl trvelgent  20 sk chepest fre  person  st next set much less   nsder s  gude cheper rfre  ntroduce tcket lterntve  strtegy mjor rlne nt wnt   source offer deeply dscount set sme flght rlne  chrge twce much  mong thng vluble book show     rlne notfy dscount before  publc   20    tcket strtegy rlne nt wnt   20    sve lest 50  nterntonl trvel   20    reservton system work best hub rlne    20    domestc tcket 40  60  off  whether gol vcton lfetme brng  love  20 one home fmly   nsder s gude cheper rfre   show resonble rfre nywhere country esly ffordbly wthn rech   20 why hrd ern money rlne  spend  20 money fun once rrve  send  9  95  check  csh  money order  check pyble     trvel    gude  16787 bech blvd  sute  225 huntngton bech  c  92647 don  t dely  sve next trp tody    3d  3d  3d  3d  3d  3d  3d  3d  3d  3d  3d  3d  3d  3d  3d  3d  3d  3d  3dorder  form  3d  3d  3d  3d  3d  3d  3d  3d  3d  3d  3d  3d  3d  3d  3d  3d  3d  3d  3d  3d  3d  3d ye    trvel   gude   wsh offer  plese rush  nsder s gude cheper rfre  tody  fll form  20 help expedte order  nme                                       ddress                                     cty                                         stte                     zp                   e  ml ddress                                 20 wsh py  check     csh      money order      send order  9  95  20    trvel   gude     16787 bech blvd sute  225 huntngton bech  c  92647
 rightward movement  review  ,fcosw5@mbm1,
best  better,N/A,2 newest hottest nterctve dult web ste soon lrgest    check both follow dult web ste free smple trl membershp     lve trple x dult entertnment pcture  content dd weekly    grl  boy  couple     check both  http    www2  drtyonlne  com http    www  chxcht  com
book  australian language,pub@roslin,
lp  98,tstewart@ling,
seee barn red,mark@dragonsy,
kant innateness,stevenbayne@delphus,
refinance has never been easy,mortgage@netsvoice,
fyi  hellenistic greek linguistic resource,jtauber@tartarus,
conf  32nd colloquium linguistic kassel,warnke@hrz,
date material,N/A,plese follow nstructon letter crefully  mmedtely prnt red twce  greetng hopefully nme stll lst below  retre ttorney  two go mn letter  letter brng sme letter front  sk verfy fct letter legl  tell revew bck  frst red letter offthe  wll de money  week lter meet gn clent dscuss ssue  tell letter orgnlly brng 100  legl  clent sk lter letter 100  legl  dvse smll chnge letter rght  curous letter  tell work  long shoot  decde gnst prtcpte  before clent leve  sk keep updte result  two month lter cll tell receve over  800  0 csh   nt beleve sk try pln myself  few dy decde much lose  follow nstructon exctly ml 200 letter  sure enough money strt  slowly frst  fter three week open dy  fter three month money stop  keep precse record ernngs end totl  868  439  0  ern lve lwyer  nyone legl professon tell  lot stress job  tell myself thng work retre prctce ply golf  decde try letter gn  send 500 letter   three month fter totl  2  344  178  0  nt beleve  meet old clent lunch exctly work  tell few smlr letter round  one dfferent fct seven nme letter  fve most  fct lone result returns  fctor dvce sure whole thng perfectly legl  snce one wnt rsk nythng llegl  bet curous lttle chnge tell   send letter  legl  must sell somethng expect receve dollr  tell nyone send dollr must receve somethng return  send dollr ech seven nme lst  must nclude slp pper  plese put ml lst  nclude nme  ml ddress eml ddress  phone  optonl   key progrm  tem receve dollr send seven nme below  letter rght ern thousnd  work together mprove ech s lfe  follow smple nstructon below exctly  less three month receve over  800  0  0 gurnteed      mmedtely send  1  0 ech seven lst below  wrp dollr note  type hndwrtten   plese dd ml lst  nclude nme  ml ddress  eml ddress  phone number optonl  1  jl 8401 e  60th st   2811 tuls  ok 741455075 2  lbm enterprses 167 hmlton st  ocensde  c 92054 3  s  k ndustres 641 puller pl sn clemente  c 92672 4  smooth enterprses 20538 beyt ct  ocensde  c 92054 5  dk cybermrt 2281 nndle  chul vst c 91915 6  rwk  2442 n  mn st   sute 185  gnesvlle  fl 32609 7  mke m  p  o  box 89009 cp elysee  lvl  quebec  h7w 5k1 b  remove nme next  1 top lst move rest nme poston  plce nme  7 spot  best sve fle enter nformton lne  7  creful type ddress proof red  c  complete bove nstructon opton ml letter two 1  through us postl servce 2  through eml  letter prove perfectly legl both long follow bove nstructon   re purchse membershp our exclusve ml lst  ml over nternet  browse through re send  cut pste eml ddress wherever nternet  remember  nt cost nythng ml nternet  mss eml network ml lrge volumes  hghly recommend one  lwy eml mount purchse ddress fresh  e  ml letter nme ddress poston  7 bove  bulk eml hghly recommend ese effcency  newsgroup tend unrelble  serch web bulk eml    wnt eml mny  brng bg pyoff  compny most effectve progrm     keep mnd lmt mount nme send  nme send money  strongly encourge ml letter fmly frend reltve     s servce s 100  legl     refer ttle 18  secton 1302  1342 u  s  postl lottery lw  ssume exmple 7  5  return rte  conservtve  frst ttempt 9  5  second over 11  1  ml 200 letter  15 send  1  0 2  those 15 ml 200 letter 225 send  1  0 3  those 225 ml 200 letter 3  375 send  1  0 4  those 3  375 ml 200 letter 50  625 send  1  0 5  those 50  625 ml 200 letter 759  375 send  1  0 6  those 759  375 ml 200 letter 11  390  625 send  1  0 pont nme drop off lst   frst sx level receve over  813  615  0  work every  depend mny letter send  exmple bove ml 200 letter  ml 500 letter  receve over  2  6  917  0 check mth yourself  wnt  gurntee correct  knd return   ve try  try once gn  gurnteed  sure send dollr ech seven nme lst note dd ml lst  together prosper    ps  ve red fr  let sk one smple queston  q  lose   7  0 gn ncome  exmple letter  smll rsk  smll expense  huge potentl returns  lose  nvte jon our ml lst tody  wshng hppy success  p  p  s  95  return pont
,N/A,thnk recent vst one our sponsor webpge  nvte evlute brnd free nternet serch engne servce  cybern serch centre locte here  cnd  http    www3  nf  symptco  c  dotel  us  http    www  freeyellow  com  member  knowtll  us  http    www  geocty  com  eurek  plz  1922  ndex  htm here  best  cybern serch centre tem note  plese dsregrd copy messge receve
s   np  np,ga5123@siucvmb,
 re brighter  better faster ever ,N/A,re brghter  better fster ever  sk ste better   ve  hope ste much qucker eser nvgte  stll run mny exclusve excte competton event below  brekfst competton  wn trp thlnd two week frend  celebrte our chr trrnt two clue locton wednesdy 18th two clue thursdy 19th  fgure plce chr tlk  ste enter competton  enter four locton correctly our eml form  lucky wnner frdy morn  chr pck lucky wnner before 9m   ble chr lve whole brekfst show webcst between hour 8nd 9m  ll ble cht chr lve cht room  jon us  http    cptlfm  com drvetme webcst cht  foxy present show cht lve 5  5  30pm wednesdy 18th  foxy busy mn dy present drvetme show pepsus chrt sundy chnnel 5  nsde gossp  jon us  http    cptlfm  com jcke chn  lve request stunt  cton flm hero jcke chn lve showtme thursdy 19th 7  30pm  sk queston wnt webste why request perform specl stunt  wtch lve webcst whole event  jon us specl kung fu cton  http    cptlfm  com blle  cht lve blle wednesdy 18th 6pm  chrt top teen senston here queston mybe dsh dvce  jon us number one grl number one ste  http    cptlfm  com lutrc mcnel  jon dnner  bck strong sngle chrstms  full vdeo ste   enter our competton one select few dnner  our exclusve coverge  http    cptlfm  com nell mcndrew  cht rel lr croft mondy nov  23 6pm  nell mcndrew cton tombrder   fercest grl round flm round world sk queston  http    cptlfm  com rex runt  wtch clp seres mker wllce gromt before tv  exclusve competton where wn one ctul model seres  mny ncredble nmton  http    cptlfm  com ddton wn tcket exclusve screenng  wn prt pnto  request song foxy jukebox vum eml  prt tv sop fmly ffr  wn cds cnem tcket  nsde scoop str much much  bgger  fster  better mprove webste  plese  http    cptlfm  com
income tax electronic file  fast refund business opportunity,tax@hotmail,
lecturership natural language process,ananiadou@doc,
nels fall conference dates,N/A,next s nels conference jontly host hrvrd unversty mt  hop set conference dte conflct mjor  nerby conference  host conference next fll  lredy set dte  plese send eml wednesdy  nov  16  mrth jo mcgnn  mt
internet specialist 7  spy,@u,
adv   free download  register web site over 800  search engine  instanly ,remove@mrmailer,
function language www home page,noel@rug,
tag  1998,jmacdoug@central,
angel  sent serve mankind,N/A,lern put ngels work  ngel nother rce beng occupy sme spce mnknd  commnd ngel keep chld sfe  cuse money hnd  protect property  protect dsese dsster  hrd beleve  prove  ngel exceedngly strong superor ntellgence  hstory present msson plnly descrbe bble  serve protect  must few mnute lern put work  receve  vum eml  secrets puttng ngels work lfe  send  4  0  csh  check money order  northestern ssocte  po box 278  woburn  m 01801  plese nclude slp pper long  4  0 request secrets puttng ngels work lfe nclude nme  eml ddress street ddress  cse eml bounce reson   owe yourself  fmly  understnd put prctce secrets puttng ngels work lfe  secret rdclly mprove lfe everyone dre put prctce
chechen,johanna@uclink,
ceth summer seminar electronic text humanity,ceth@zodiac,
prototypical vso lg ,kmatsum@tanseus,
arizona web,N/A,everybody  url lngustc unversty rzon  http    rdon  gs  uug  rzon  edu   wenberg  ndex  html mssve mount nformton descrbe every spect our undergrdute grdute offerng  our progrm  our fculty  etc  mke hmmond
romanization,N/A,reference  lngustclly mnd   stndrd romnzton produce orthogrphy follow lnguge  rbc cntonese koren frsus hndus tml chrcter romnzton must stndrd keybord  need mp between orgnl orthogrphy romnzton   romnzton contn lngustc  smrt  orgnl orthogrphy   ll post summry response seem pproprte  fr  ve  rbc  rbc romnzton  englsh  rbc converstonl dctonry  rchrd jschke  clm  one best pocket gude rbc ever publsh  cntonese  lshk  lngustc socety hong kong  1993    m len towrd one     sdney lu koren  hngul  one    nyone ever negtve experence   frs  nt much lttle book cll  colloqul persn  lelum moshrus  hnd  reference  decent romnzton    stndrd  none ntve speker neck wood seem one    tml  pretty empty here
total profit  980  1998,N/A,our 1998 stock pck  totl proft  980                                       subscrbe our newsletter nform our stock pck  100  free    vlue stock outstnd compny news upcome extensve promoton vrtully gurnteed proft  need erly stock purchse proft  our totl proft 1998  980     subscrbe our free newsletter   ll notfy stock  ve select  where put our money  provde lnk nformton confrm our reserch ccurte  enble nform decson regrd stock  one opportunty too mss    s completely free    subscrbe free  plese vst http    home1  gte  net  web22bbx  stocks10  htm note  onetme ml  ste busy down  plese try gn lter
re  8  764  disc  noam chomsky  life dissent,N/A,red robert f  brsky s reply postl s pullum s comment fergul murphy s revew  brsky s  book odd  lest  three qurter brsky s reply    del postl  pullum comment murphy s revew lngust revew pullum  nture  brsky s book  understnd brsky feel need defend hmself gnst pullum  nt   most smply rrelevnt ssue hnd  postl  pullum wrte reply murphy  brsky  even grnt welcome opportunty brsky reply pullum s  nture  revew  justfcton fct reply del lmost exclusvely chomsky s nonlngustc ctvty  ssue pp s reply murphy  pp concern nccurcy spred murphy  brsky  one specfc ssue  poltcs mt lngustcs deprtment certn pont hstory  pp menton chomsky s noncdemc poltcl ctvty brefly  nsofr relevnt chomsky lngust  concern murphy s strngely rrelevnt remrk  chomsky smply busy ssue vetnm wr    understnd remrk  quote pp prphrse brsky  nsnute one ought crtcze chomsky s cdemc poltcs someone courge spek gnst vetnm wr nythng   follow comment brsky summrze tone tenor entre reply   pullum seem wnt tell us   rgument  s lowlevel dengrton  remnd presdentl debte  quote brsky   extremely unnerve   knud lmbrecht deprtment french  tln unversty tex  ustn
 complete home business kit   ,N/A,ern over  70  0 month own home bsed busness leglly py lttle txes    repet  mlm chnletter junk    frend  those strong word    re lest tenth every month need py ttenton mportnt messge  m ern wthn next 90 dy   spn wheel vrous home bse busness opportunty lttle success  few months go fnlly key bundle money  rght home  sell product everyone world need wnt    nformton   m help sme lsten lern over  70  0 month one hottest selle report world tody  1  set own home bse busness  50  0  2  one fstest sell product world reproduce yourself penny  3  show become self publsher  sell one most powerful  provoctve report ever wrte  rght own home  4  let keep money sell product  nt need spend thousnd dollr  ber enormous rsk work hundred hour week strt legtmte busness home  mtter hour strt work home  ktchen tble   50  1  0 dy   here need     1  hottest selle publcton world tody clle offshore specl report number 5599   2  copy mchne quck copy servce duplcte ofs s offshore specl report   3  qulty ml lst locl ntonl publcton run smple four lne clssfy d   4  ml box collect hundred order receve everydy  sx dy week   5 letter  obvously lredy  sve                                                                         key busness success s product servce everyone world need wnt  product nexpensve produce  esy shp  product ofs s offshore specl report number 5599                                                                         ofs s offshore specl report number 5599 chnge lfe throughout world show sve money remove themselve strct rule  regulton tx burden government mpose few  brce yourself  most bck tell regrd ofs s offshore specl report number 5599  ofs s offshore specl report number 5599    unfr  dscrmntory dvorce settlement obsolete report  ruthless credtor crnge red report  blood suckng lwyer broke red report  hertless tx gency red red report  sneky poltcn nformton report everydy  greedy bnker wnt red report  report blckblled most government gency  bck stbbng reltve hte report  lern  ccess    poltcns  rch even rcher trusts sme  ncorporte offshore  completely prvte wy government s regulton  own secret offshore ml ddress  one rel ddress  offshore prvte check ccount  depost money py bll offshore  pper trl  sve 50  prnt  ml  sle mterl ml jmc  re ml order busness  here s money sve opportunty one else offer  offshore nvestor  vble fund project  offshore tx hven  leglly dely elmnte tx  one  even government  offshore bc s  trust  sset protecton credtor government  offshore phone nswer servce  prvcy  protecton  offshore self  lqudte lon  structure rght  never need py bck  hgh yeld offshore nvestment opportunty  rch 1  4  week money  offshore tx free  sme  offshore vs crd regrdless credt  pper trl  work tm worldwde  100  fnnce resdentl commercl property  hrd plce mortgge source  bll consoldton regrdless credt rte  stop those hrss credtor wthn dy credt source  lne credt  15  0 regrdless credt  credt crd mjor bnkcrd  secret money  secrecy thrve ndustry  ccess secret money source                                                                        vluble nformton report number 5599  why s hottest selle report world tody  nformton s ccessble nywhere  nformton found locl lbrry  s worth  50  0  fct worth thousnd dollr show sve hundr mount tx lone  best del s full reprnts rghts permsson sell ofs s offshore specl report number 5599  keep money                                                                        nformton perfect product  s esy reproduce  esy shp esy sell especlly s powerful report  5599  mrket unlmt sell report  5599 nyone  nyplce world  potentl unlmt bllon throughout world need report  5599 ntroduce report  5599 mnute  everyone    men everyone need report  5599     j  o  b   month money    over brek    selfemploy  py  self employment tx  prme cnddte lw sut every drecton  sck tre frvolous lw sut  dd u  s  2  67 lwyer every 1  0  most lwyer hungry need sue someone reson survve  professonl doctor  engneer  techncn  rchtect  stock  broker  ccountnt  yes even lwyer   those hgher verge tx brket  mrry mrry pln lve hpply ever fter  bck relty  u  s  dvorce rte exceed 60  every  prtner wnt sure prtnershp true 5050 del future  lve country strct rule regulton lmt where run busness mnge money  retre mercy government  rule concern socl securty ncome medcl beneft  wnt retre cnnot fford lck ncome rule force upon government restrct receve decent ncome  hgh udt rsk udt government  dcttorl tx gency   gulty untl proven nnocent   py government 40  60  tx sck tre  close bnkruptcy need soluton soon possble  20  40  unte stte pycheck wy bnkruptcy  ye those  wnt sure chld receve 100  nhertnce wthout government stel wy  need credt turn down through trdtonl source  locl frendly bnk  wnt keep busness personl ffr prvte  hrd dy ge computer  drem fnncl ndependence wnt thousnd dy run own home bse busness  must gree tremendous mrket throughout world  brethe py tx prme cnddte report  5599                                                                      snce determne entre world s prme cnddte report  5599 let show esy s sell report  5599 work ktchen tble                                                                        hold   rude  been tlk begn eml  wthout offclly ntroduce myself  let offclly ntroduce myself   m one severl ofs ndependent ssocte fve dgts every month   ll sponsor   m person py  50  0 receve report  5599   m person chnge lfe forever   m person wnt succeed succeed  succeed  wnt sure succeed sell hundred  even thousnd report every week  sell money   true keep  50  0 sell report  py nothng ntl  50  0 report  one sngle dollr  keep  sell 10 report week  500  keep  sell 100 report week  5  0  keep  sell 500 report week  25  0  keep    before tell why money every sell report  let show esy dvertse sell  hottest selle report world   ofs s offshore specl report number 5599   report desgn selfcontn mrket concept sell report rght nsde  copy report  5599 ccess follow mrket strtegy tool    smple prove clssfy d plce locl ntonl publcton flthy rch  powerful photo redy copy postcrd put nme  ddress  50  0 send drectly  utomtclly  show prnt ml postcrd  frst clss  lttle twelve cent  u  s  ech  once send certfcte regstrton report  5599 receve    ddtonl dynmte clssfy dsply d generte hundred  even thousnd  response gurntee fll ml box  50  0 order  plce dvertse lttle seven cent  u  s   per word rech over 73  0  0  coop dvertse progrm shre led sle generte ntonl televson nfomercl  photo redy copy order pullng sle letter ml respondent d  duplctble copy udo cssette tpe order pullng sle letter                                                                        become offshore broker money most drem help sve money  ofs s offshore specl report number 5599 vrety money opportunty  offshore broker  one                                                                         m greedy  love money does  fmly  person ntroduce report  5599 opportunty overrde every report  5599 sell    m hppy  50  0 report sell  retre ner future  st bck receve hundred  even thousnd  dollr week pst effort sell report  5599  report  5599 ddtonl moneymke opportunty estblsh cll nterntonl busness corporton  sset protecton trust  mong offshore busness support servce  receve commsson overrde buy servce whether personlly sell myself sell through ntl sle report  5599  s why  m nterest success  wnt become mllonre sell thousnd report  here few ddtonl money opportunty contn report  5599 overrde become  offshore broker       frst   50  0 report  5599  ntlly sell  ddton       100 help set offshore check ccount     240 every nterntonl busness corporton estblsh     1  0 every trust set  domestc offshore     50 every selflqudte lon mnul sell     100 every offshore prnt  ml order     100 every offshore vs crd estblsh     100 everyone receve  15  0 unsecure lne credt through mjor bnk credt crd    feel relly energetc set run trust gency re sell trusts  somewht nsurnce gency   moneymke potentl tremendous hre severl work re   m sponsor effort sell report  5599  opportunty lfetme resdul effort sell report  5599   m truly mze mrket concept offer through ofs s offshore specl report number 5599  concept smple completely duplctble  sure thousnd dollr week  m flthy stnkng rch off success  seem brggng rubbng  m bundle money effort s true   excted report  5599 llow duplcte efforts  sell report poston  overrde commsson tlk  those sell report  5599                                                                        follow queston  nswer desgn nswer most concern  enough nformton determne ofs s offshore specl report  5599 tool thousnd dollr week home bse busness                                                                          q  personlly sell report  offshore busness support servce respond d    relly two fold queston  let s tlk sell report  5599 frst  plce d  ml postcrd send bulk eml  plce d send respondent sles letter let sles letter rest  need tlk nyone   ml postcrd bulk eml job  postcrd sk respondent send  50  0 ml ddress  eml work send mny  decde become offshore broker qulfy receve overrde commsson offshore busness support servce prent compny sell wsh   brner  smple complcte wnt    tlk wsh nt  report  5599 sell tself  q  mny hour week devote busness   one sxty hour week  here s queston nswer queston    much money wnt  common sense d run mlng money  sttstcs show every 100 response receve d  ml sles letter  sell fve ten report  250  0  500  0  us   d response vry depend plce dvertse crculton publcton  d run eml send need devote home bse busness  q  much money need strt home bse busness    50  0  yeh   re need money d ml    ve strt  50  0  u  s  ten copy report sell ssocte frend  500  0  us   enough money strt run d buy stmp  money opportunty offer world tody relly nt strt less  50  0 better legtmte moneymke opportunty one offer report  5599  q  ddtonl queston nswer   prent compny  pckge nformton  mtter complete  possbly nswer every queston  wnt lose money seek nswer  wnt succeed  receve phone number report  5599 where ether rech someone prent compny queston help need                                                                        here s vluble bonus order wthn 5 dy     s bsolutely free                                                                         persude prent compny  offshore fnncl servce  ltd   ofs offshore busness journl  volume  free chrge  bonus order report  5599 wthn 5 dy receve eml  receve journl send  certfcte regstrton  report  nformton journl prceless nywhere rght here   here s smple nformton  bonus  1 ofs s offshore busness journl  rs returns suppose prvte    fund through onlne computer servce   rse cptl wthout borrow bnk   medcne before  re pprove fd   rlne hndle bggge specl cre secret   borrow money r  nt cll lon  free subscrpton over 60 mgzne   estblsh  credt 30 dy   why mercn md hell   source quck csh lon  bonus  2 report  5599 support pckge   rech over 73  0  0 lttle 7 cent per word   set voce ml never tlk nyone respond d   ml lst   receve free nme ml   ml postcrd  sle flyer  frst clss  low 12 cent ech  nclude prnt   collect  5 wnt receve sle letter  bonus  3 bulk  emler s drem pckge  order wthn next 5 dy  receve floppy dsk pck full onlne mrket tp two nton s top electronc mrketer  prevously offer dsk  79  95  purchse report  5599 through specl offer wthn next 5 dy  yours free   nclude nother floppy dsk over 150 hot money report sell together ndvdully  bulk  eml prove most effectve mrket nternet  order wthn next 5 dy  nclude progrm collect nme ol cht room mxmum rte over 10  0 per hour   receve hgh response rte mrket fresh nme collect yourself  need bulkeml progrm  receve lnk where downlod free fully work demonstrton bulk  eml progrm llow begn ern proft dy receve pckge  need concern lose sp show exctly send hundred thousnd eml per dy whle clok sp s ml server dentty sme   stop presses     m fnsh wy free extr yet  lern brnd sp offer free ccess    s rght totlly free unlmt nternet ccess   order receve vum fx wthn next 24hrs tell sgn free servce  240  yr vlue order   provde  success gurntee  receve offer gn  order report  5599 wthn next 5 dy bove nformton yours mesly us  50  0  order tody   why wy much lttle  queston    personl belef responsble hrdwork person cheve fnncl securty proper opportunty nformton   rch keep opportunty nformton themselve llow nyone us cheve unprllele success esly  why wy sold product  plus nformton need successfully sell product  us  50  0 nyone enough nterest ptence red letter  sncerely  sponsor ofs ndependent ssocte rsk free gurntee completely stsfy fter red report  5599 support pckge smply return both wthn 120 dy full refund  queston sk  keep floppy dsk  busness journl drem pckge  nothng rsk fortune  here s rsk free opportunty chnge fnncl stuton forever    cut                                                            specl report  5599 order form    plese rush copy ofs s offshore specl report  5599 bonus  understnd full reprnt rght sell report  5599  50  0  u  s   keep money     enclose check  money order  50  0 plese ml report  plese prnt clerly  nme                                                                 ddress                                                                    cty                                                                        stte        zp                  phone                         fx                         eml ddress                            ml form  check money order us  50  0 ddress below  dynmc communcton p  o  box 373356 dectur  g 300373356 fx   770  2344241 phone   404  2748669  prefer  py fx credt crd nformton copy check number bove long nformton request order form  plese note  order credt crd sure nclude crd type  number exprton dte  fter dl prompt press 2 fx  sorry  report  5599 too bg us eml  send prorty ml wthn 24 hr recept order
discourse studies  call paper,teun@let,
endanger language workshop,mkv1@york,
wml  deadline extend,N/A,workshop mthemtcl lngustcs  wml  pennsylvnum stte unversty  prl 17  1998 submsson dedlne extend  jnury 24 nformton http    www  urv  e  centre  grup  grlmc  ndex  html   p fle prefer
re  request info,lernerww223@yahoo,
free internet services  unique shopping,N/A,here s gret drectory free nterest nternet ste    vst  mll drect  http    209  125  202  59 fbulous lst  plese sve future reference                                                                    remove lst  plese enter eml ddress http    www  removelst  com
re  6  249 dick armey s slip correction,N/A,red reserch lterture slp tongue scn both norml phsc corpus  hrd beleve much dscuss slp lngustc tho  sense  freudn  bob wchl
unlimit cash  million mail,N/A,ml send someone shre money progrm pst  send error spmmng  plese ccept ppologze                                                                                                                           der nlpeople progrm most money progrm ever net  dvntge progrm money drect ml ddress wthout ntruson thrd prty most mlm progrm  vst http      mllonre wrmest regrd
fancy flutter  here s tip  ,leggit@mailcity,
free promotional offer,N/A,own 100  free web ste ste  http    138  27  44  5  certh   c  user  freewebste     chrge       commtment       problem    opportunty seeker nternet mrketer smll lrge ste  ern prosperous ncome wy free web ste    lredy web ste  ste lnk thousnd web ste  mze ste    http    138  27  44  5  certh   c  user  freewebste     chrge       commtment       problem    truly ste century                                                         plese excuse ntruson  one free offer ml
addendum coston s object affix,N/A,summry object ffx  lngust lst  vol6  235  frus 17 feb 1995   smon corston observe  lnguge object ffx lck ffx ndcte grmmtcl relton occur  pper uncommon   however  relly depend men object ffx  subject ffx mtter    cll subject object ffx fll three type    nonreferentl  nonnphorc greement mrker   us   functonlly mbguous  greement mrker   e  functon both nonreferentl  nonnphorc greement mrker nphorc  referentl mrker depend context   bresnn mchombo 1987    us  nphorc referentl mrker  nucler mcronesn group provde nterest cse forego dstncton  nstnce  wolen  subject mrker ndependent word  where object mrker suffx  both functonlly mbguous greement mrker  kusen  subject object mrker ndependent word suffx  respectvely  referentl pronoun  detl dscusson nucler mcronesn lnguge pper   verb  object bond prncple  specl reference nucler mcronesn lnguge   ref below   complexty subject object ffx  vz  three type menton bove  dsregrd  probbly corston s observton hold  nphorc  referentl subject object mrker ccount  dfferent story  fct  sme pper smll convenence smple 40 lnguge scertn whether verb  object bond prncple  propose tomln 1986   trnstve verb object form cohesve  unfy syntctc semntc whole trnstve verb subject   evdent pronomnl system  e  g  object pronoun tghtly bond verb subject pronoun  upshot nvestgton object pronoun  e  g  ffx  tghtly bond verb subject pronoun  e  g  ndependent word   suggest nsofr referentl  nphorc mrker concern   lnguge object ffx lck ffx ndcte grmmtcl relton  crosslngustclly common  rther uncommon  referenece bresnn j  s  mchombo 1987  topc  pronoun  greement chchew  lnguge 63  741782  gvon  t  1976  topc  pronoun  grmmtcl greement  subject topc  ed  c  n  l  pp  149188  york  cdemc press  tomln  r  s  1986  bsc word order  functonl prncple  london  croom helm  song  j  j  1994  verb  object bond prncple  specl reference nucler mcronesn lnguge  ocenc lngustc 33  2  press   je jung song unversty otgo zelnd
sum  frequency,alba@byu,
inversion romance,inversion@let,
re  8  774  disc  punctuation,harris@csun,
basic journal,N/A,fce mjor cut lbrry perodcl budget unversty lbm  sk elmnte lngustcs journl  unv  lbm brmnghm b   lngustcs strong syntctcn  here tuscloos  d hoc nterdeprtmentl progrm  grdute level strength pply lngustcs  nter  ctonl socolngustc prgmtc  pprecte dvce mtter  prtculr   re wonder consensus set essentl journl undergrdute mjor  prgmtc
metathesis,fparkin@ling,
kroch s constant rate hypothesis,hope@leed,
 diachronica ,N/A,modertor  note nterest blnce exchnge vew  publsh follow reply post shelum embleton  edtor dchronc  nterchnge nture  however  best crry forum lngust  thus our post topc                       sure why shelum embleton choose ttck lngust brefly  dchronc  ccept publcton pper ttck personlly   bsclly descrbe dot   bss remrk  llege  durng orl dscusson conference ypslntus  repetedly tell uthor pper edtor  dchronc  consder rther dubous form scholrshp  crtcze bss publsh sttement  orl remrk cnnot check ccurcy  moreover  crtcze prnt remrk conference durng dscusson bnd chll effect dscusson   dchronc  choose dsgree  sk opportunty respond ttck  tell ccept rebuttl  even consder one  even couthor one   furthermore consder submsson whtsoever perod lest 2  objecton journl polcy llow reply polcy lmt number publcton sme person  cse exst polcy cte  fr tell  folks  dchronc  decde nt nymore  stll men rght publsh stuff close slnderous   refuse mlgn prnt rght reply  however brefly   lexs mnster rmer
minority language contex  diversity  standardisation,mondada@ubaclu,
book  lang acquisition,order@erlbaum,
 rightward movement  review   ii,fcosw5@mbm1,
postdoc position groningen  netherland,vo@farm,
book  semantics,pub@roslin,
hi ,N/A,s spm     nme mtthew  hbt delete ml yet red   m sure  plese red one though  nterest  recently lose hgh py job mjor computer corporton due loss mjor contrct  mess  whole dep  t 15 nclude myself hng dry  corporte merc s fnest  luck yet nother job  skll specfc compny relly worth nythng nother compny  dure work  buy sell rel estte those guy tv   yes  work too  key work  frly successful untl  nghtmre plesnt st   frend cll    lose most money one bd del longer fnnclly secure rely hevly ncome former job   ve lredy her  lose too strt thng money help bck foot   strt red junk ml  let tell  cnt beleve thng    wste  untl  hold    redy stop red rght here  mplore    noneducte fool  much money myself rel estte  esy busness  rther competent busness mn  lest fnsh red untl end    better stll  prnt letter red comfort over  over here     need  20 extr dollr try  money lest try lttle  why too  desprton  send four 5 dollr bll report  lwy  mde work too  much effort lern eml  gret free tool    send lot   19 dy fter frst ml  receve roughly 8  450 response   trust  fnce  8  450 5 dollr bll ktchen tble  longer lugh try  wrte report own show step step sme free help hnd contnue success  show every step cut  pst  edt letter nclude nme ddress  etc  here specl offer help     long ddress  bsqut evnston po box lst below send stepby  step nstructon 100  0 eml ddress nyone order report  expense put lst together sk dd nother  5 hndle ddress  nstructons e  mlng re free   txt formt  tech nstructon  ve put together  less 2  duplcte  lst ddress report  frst 160 order report receve dfferent set ddress  gft help strt     promse  follow drecton eml prepre eventully set sde hour ech dy follow  count money    lest much money  nt need whz computer   ll bet lredy  open envelope  remove money  send eml messge   re bnk  red  ll understnd esy    dd eml  fvorte plces  drggng hert upper rght corner wndow hert  folder pcture next fle cbnet   copy future    mtthew follow copy eml red                                                                   legl  moneymkng phenomenon  prnt letter  red drecton  red gn    embrk most proftble unque progrm ever  mny over  demonstrte prove blty generte lrge mount csh  progrm show fntstc ppel huge evergrow onlne populton desrous ddtonl ncome  legtmte  legl  moneymke opportunty  requre contct  hrd work  best  never leve house  except ml bnk  truly lucky brek  ve wt  smply follow esy nstructon letter  fnncl drem true  follow correctly  electronc  multlevel mrket progrm work perfectly    100  every  thousnd progrm   rse cptl strt own busness  py off debt  buy home  cr  etc    even retre  chnce  nt pss                                                                                    overvew extrordnry electronc multlevel mrketng progrm                                                                                   bsclly   send thousnd product  5  0 cost next nothng produce eml  multlevel busness  buld our busness recrut prtner sell our product  every stte u  s  llow recrut busness onlne  vum computer   product progrm seres four busness fnncl report cost  5  0 ech  ech order receve vum  snl ml  nclude    5  0 csh  nme number report order  eml ddress where eml report order  fll ech order  smply eml product buyer   s   5  0 yours  esest electronc busness nywhere  follow nstructons letter prepred rep stggerng benefts         n s t r u c t o n s        must  1  order 4 report show lst below  cnt sell nt order    ech report  send  5  0 csh  nme  number report re orderng  eml ddress  return postl ddress  cse problem  person whose nme pper lst next report   plce order  sure order ech four report  need four report sve computer resell   wthn few dy receve  vum eml  ech four sve computer ccessble send report 1  0 s order 2  mportnt   lter nme lst next ech report  sequence lst  nstruct below step   through  d  lose mjorty proft  once understnd work   ll nt work chnge  remember  method test  lter  work   below lst vlble report  b  fter  ve order four report  replce nme ddress under report  1 nme ddress  move one down report  2  c  move nme ddress under report  2 down report  3  d  move nme ddress under report  3 down report  4  e  nme ddress under report  4 remove lst doubt collect 50 grnd  plese sure copy everyone s nme ddress ccurtely    3  entre letter  nclude modfy lst nme  sve computer  chnge nstructon porton letter  4   re redy strt dvertse cmpgn worldwde web  dvertse web  nexpensve  hundreds free plce dvertse  nother venue dvertse eml lst  buy lst under  20  2  0 ddress py someone mnml chrge cre  sure strt d cmpgn mmedtely  5  every  5  0 receve  must eml report order   s  lwys provde smedy servce orders  gurntee eml send  nme ddress  prompt cnt dvertse untl receve report                                            vlble reports                                              order ech report number nme    note   lwys send  5 csh ech report  lwys send order v frst clss ml  sure csh concel wrp lest two sheet pper  one those sheet pper  nclude    number  nme report order   b  eml ddress   c  postl ddress                                                                   report  1  reorgnze ccommodte home bsed busness  order report  1  g  p enterprse po box 3544 lubbock  tx 79452                                                                  report  2  mjor corportons eml  order report  2  j dvertse p  o  box 16057 st  pul  mn 551160057                                                                  report  3  sources best mlng lsts  order report  3  bsqut po box 1963 evnston  l 60204  dd ddtonl  5  cover hndle 100  0 e  ml ddress send order report  note wnt e  ml nstructon  free  send  move ddress down move offer   help us                                                                   report  4  evlutng multlevel sles plns  order report  4  bsket ffr 4505 hmptonshre drve rlegh  nc 27613                                                                                                                                                                    here  s mzng pln  money                                                                                                    let s decde strt smll work  ssume gol 10 prtcpte frst level   plce lot free d nternet esly lrger response   ssume everyone else orgnzton 10 downlne member  follow exmple cheve stggerng result below  1st level   10 member  5                                             50 2nd level   10 member those 10   5 x 100                     500 3rd level   10 member those 100   5 x 1  0             5  0 4th level   10 member those 1  0   5 x 10  0      50  0 totls              55  550 remember frend  ssume prtcpte recrut 10 ech  moment hppen 20 prtcpte  most 100 s prtcpnt   cost prtcpte prctclly nothng  surely fford  20   obvously lredy nternet connecton eml free    report  3 show most productve method bulk eml purchse eml lst  lst  bulk eml vendor even work trde  50  0 onlne every month         tps success         tret busness  prompt  professonl  follow drecton ccurtely   send four report mmedtely order strt  receve  5 order  must send request product  report comply u  s  postl  lottery lw  ttle 18  secton 1302 1341 ttle 18  secton 3005 u  s  code  code federl reg  vol  16  secton 255 436  stte  product servce must exchnge money receve    lwys provde smedy servce orders receve   ptent persstent progrm  follow nstructon exctly  result undoubtedly successful   bove  fth yourself succeed         success gudelne        follow gudelne gurntee success  nt receve 10 20 order report  1 wthn two week  contnue dvertse untl   couple week lter receve lest 100 order report  2  nt  contnue dvertse untl  once receve 100 order report  2  relx  system lredy work  csh contnue roll  s mportnt remember  every nme move down lst  plce front dfferent report  keep trck progress wtch report order  wnt generte ncome  send nother btch eml strt whole process gn  lmt ncome generte busness  note  need help strt busness  regster busness nme  ncome tx hndle  etc   contct locl offce smll busness dmnstrton  federl gency  free help nswer queston   nternl revenue servce offer free help vum telephone free semnr busness tx         t e s t m o n l s        progrm work  must follow exctly  especlly rule try plce nme dfferent poston  wn work  ll lose lot potentl ncome   m lve proof work  relly gret opportunty reltvely esy money  lttle cost  choose prtcpte  follow progrm exctly   ll fnncl securty  sen mclughln  jckson  ms nme frnk  wfe  dor  lve bel  r  md  cost ccountnt mjor u  s  corporton pretty money  receve progrm grumble dor receve  junk ml   fun whole thng  spout knowledge populton percentge nvolve    nt work  dor totlly gnore suppose ntellgence jump both foot  mercless fun  redy ly old  tell  thng nt work     lugh  wthn two week receve over 50 response  wthn 45 dy receve over  147  200  5 bll  shock  sure fgure nt work  m belever  jon dor  hobby   seven untl retrement   rt rce  s  owe mlm  frnk t   bel  r  md mn reson letter convnce system honest  lwful  extremely proftble  lrge mount money short  pproch severl before check  jon one expect return mnml effort money requre  stonshment  receve  36  470  0 frst 14 week  money stll  sncerely yours  phllp  brown  esq  gmble type  severl week mnd prtcpte pln  conservtve  decde ntl nvestment lttle nt enough order lest money bck  boy  surprse medum  sze post offce box crm order  whle  overlod strt pck ml wndow   ll money 10 lfe before  nce thng del nt mtter where u  s  lve  smply nt better nvestment fster return  mry rocklnd  lnse  m receve progrm before  delete  lter wonder nt try  course  de contct nother copy  wt untl eml nother progrm    11 month pss    nt delete one      41  0 frst try   d  wlburn  munce  thrd prtcpte pln  qut our job  soon buy home bech lve off nterest our money  erth pln work  ske  fmly s ske nt pss golden opportunty  luck hppy spend  chrle frchld  spokne  w order reports tody strted rod fnncl freedom
begin,N/A,subject  begn begn begn groundfloor somethng unprecedent  mss profte mcrosoft s stellr rse       profte stellte tv exploson       profte nternet phenomenon    wtch rel opportunty fter rel opportunty pss fortune     ve hnd nother chnce  one mother opportunty  nvte lsten lern product decde       why our exclusve rghts fortune  toll free 1888  6258106  24 hour
need money ,N/A,h  ern extr  700 week     2  800 month ml our busness crculr home  knd money wthout even present job  crete most rskfree  ml our busness crculr py work  excte home employment opportunty effectve  yet quck esy success bsolutely gurnteed  publsh  sell dstrbute nformton booklet  gude  report  mnul computer softwre cross cnd unte stte  snce mjorty our busness ml  turn send thousnd our sle crculr ech week  our compny crculr sle letter  product offer send response customer nqury  ml our crculr   ll gretly help us our offer customer   ll prt most remrkble opportunty vlble  our system ml crculr esy operte  copy stndrd  lettersze  8 1  2  x11   crculr provde fold ft envelope receve  fter fold nsert crculr envelope  sel envelope depost ml  spend ddress envelope py postge cost ml our crculr  envelope rrve preddress postge lredy plce  few hour week  s smple  crculr ml esy plesnt work proftble  develop legtmte relstc moneymke busness system prctcl uncomplcte  smple enough nyone prt regrdless educton  ge  physcl blty dsblty  our progrm esy understnd  stepby  step nstructon sure strt quckly confdence  hghly foolproof  try  test prove method run comfort prvcy own home  wthout personl contct nyone  prt our progrm hour dy    dy week  requre relte experence prt our progrm  wnt serous mnd red wrte smple englsh  ble put few extr hour ech week towrd ern gret ncome  lthough nt need expernce  mportnt mbtous motvte work own  wthout supervson  responsblty work  meet certn quot ech week  mpose restrcton mount work choose  our crculr ml progrm llow complete flexblty orgnze choose own work lod work schedule  work prttme fulltme  lwy free brek work  pln own off  furthermore  qut progrm  snce ndependent mler oblgton our compny whtso  ever  home employment wonderful  provde gret sense ccomplshment  prde freedom  must remember tret work serously respect  our progrm exctly put  ern much lttle  s  strt sme dy receve our supples nformton pckge  begn receve money wthn 2 week  every week long desre prtcpte our progrm  thousnd over cnd unte stte excellent money ml crculr home  jon our successful network  crculr mler shre money too  dfference lve smll town lrge cty  long mlbox ml crculr  prtcpte gret home ncome opportunty  nyone lttle common sense desre succeed prt our progrm ern excellent ncome themselve short perod  one ncest thng our crculr ml progrm hoe quckly work  strt sme dy receve our supples nformton pckge  begn receve money wthn 2 week  long decde prtcpte our progrm  mgne never leve home whle money few hour lot ern fter full week s work  fct  gret money lttle 10 hour week  remember  nt need specl educton experence  progrm work nyone  regrdless bckground  ge locton  ml crculr spend rest dy enjoy yourself  mgne ble work comfort own home  own pce lesure smple system ern  700  0 week work few hour week    s gret plce strt  relly nt work hrd hed lfe  work smrt  follow our esy step  connect  700 week  every week   ll even show ncrese ncome  700  0 week much  1  0  0 week ese  s smple s relstc  bsc detl  ve outlne   ll esly ncredble ncome potentl rght wy  progrm develop cnnot fl gret money   ll ble set operton free world plese  wthout nyone over shoulder  choose   ll work ffr hour two dy  turn extremely esy  fun hour  boss snoop round one nswer  beleve  fter spend smll mount upfront orgnze  set own system   ll soon relze nothng eser  offer prvcy personl freedom  unlke promote sme old useless stuff   develop unque pproch never relese publc nyone else  cybermrket source vluble progrm  plese nt confuse getrch  quck scheme d   re serch honest goodness  legtmte  legl spre work home opportunty  serch fnlly end  100  prove money  progrm  proven money everyone   re most folks   re bsolutely love our crculr ml progrm s most legtmte   onthe  level   esy strt  proftble workfrom  home opportunty ever crete  honestly relly works  wn gmmck  surprse slly scheme  vluble nformton  ll need quckly lern exctly  our prove  professonlly wrte crculr  our crculr ml progrm brng money need  receve our strt pckge ml  supples need strt rght wy nclude personl nformton kt  complete nstructonl hndbook  our busness crculr  receve everythng promse  nt forget py postge cost ml our crculr envelope rrve completely ddress postge lredy plce  ml crculr receve py cheque yours spend wsh  prt our progrm long wnt    ern  700 week rest lfe  ccommodte lmt number our unque progrm  nterest  plese dely  send cceptnce form soon  our gurntee progrm chnge lfe prctclly overnght  home employment opportunty potentl gret mount money progrm  complete homebse opportunty relly works  our requrement one  fully refundble pyment  27  0  pyment cover cost supples process membershp  onetme pyment  py us cost ddtonl mterl   re sure rght home employment opportunty  bck our promse our exclusve gurntee     33  600  0 gurntee esly ern  33  600  0 next our progrm  fct  confdent over  700 week ml our crculr offer most rtght gurntee exstence  soon receve our strt pckge ml  send our crculr rght wy  nt strt ern mnmum  700 week wthn 30 dy  smply return our mterl complete refund  ether  700 week money bck  jon our network crculr mler tody  truly wnt help strt quckly esly possble  progrm desgn serous ern substntl ncome  convnce bsolutely thrll much money our progrm   ve strtup kt pckge redy  us word  ll door  follow our nstructon  ern  700 per week ml crculr home  prnt fll exclusve membershp form bottom pge ml remttnce order rush rght wy frst clss ml  hope llow us honor one help cheve longterm fnncl success personl freedom  most sncerely  stff cybermrket                                                                   home mlers progrm orderform                                                                   plese rush pckge home mlers progrm home busness drectory rght wy    send  27  0 u  s fund   nclude postge  hndle  nme                                        ml  cybermrketng p  o  box  563 ddress                                     lndsy  ontro  cnd  k9v 4s5 cty                   stte  provnce        zp  postl code                             eml ddress                               order pyble cheque plese llow 4  6 week delvery
summary anglicization name,malueb@umich,
save money phone bill,N/A,hope nt object complete strnger ml  beleve opportunty too mss nyone   m forwrd sve money phone bll   sve money phone bll plese red messge crefully tcw telecom drect ltd lest cost rout opportunty sve money phone bll  much sve  locl cll 15  regonl cll 30  ntonl cll 30  nterntonl cll 30  lndlne moble 10   dscount show gnst bt stndrd rte  rte trck bt dly bss  prce nformton bt  here comes best bt  sve even every month referrng frends  smply tell frend tcw lcr servce  customer number  locte top leve contrct become customer   cll 669 442350 quote ccount number de  184374 become customer yourself  sk frend cll tcw telecom drect ltd 669 442350  let tcw telecom drect ltd rest  tcw thnk   ll receve credt every month recommend frend contnue tcw servce  every month loylty referrl dscount bll  frend refer  greter monthly credt become  yes  credt every month  become tcw customer cll frend   phone bll tcw telecom drect red zero  become tcw customer  cll tcw telecom drect ltd 669 442350 ccount number de  184374   frend soon sve money phone bll  even recommend servce  luck here s smller phone bll everyone   detls follow those wshng servce works lredy receve dscount bt cble opertor  beneft tcw servce dscount bove seem ttrctve  however  remember recommend frend resultnt dscount over bt stndrd rte become 100  every month due referrl credt pper tcw bll  word  recommend frend reduce tcw bll zero over  sk tcw  telecom drect customer servce hppen cll number 0845 nternet ccess  pprently dscount sme locl cll   e  15   recommend frend   plese cll yourself confrm 669 442350  lest cost route  lest cost route system desgn sve money locl  regonl  ntonl nterntonl cll cll moble phone  why lest cost route llow exst  lest cost route reltvely uk snce government pss bll deregulte ntonl telephone system  end bt monopoly  llow tcw telecom drect offer hghly compettve servce substntl dscount cll  work  lest cost route work smply rerout cll through tcw s bll system  vum free  smrt box  ttch phone bt cble socket  word  keep exst telephone number  dl norml  receve exctly sme hgh qulty servce  receve bll exst telephone compny lne rentl mybe speclse cll nother bll  lower before  tcw locl  regonl  ntonl nterntonl cll cll moble phone  combne bll  course lower  effectvely nothng chnge  totl prce py   smrt box  plug exst bt cble wll socket mjorty cll  phone plug  smrt box   phone per norml sve money  hevy usge nother extenson  consder request second smrt box  mnmum contrct perod  bll tcw show  fully temse cll detl number cll  type cll  locl  regonl  ntonl  nterntonl  moble   durton cll  cost ech cll  much cll cost wthout lest cost route
change life  15  55,N/A,money excuses    both     dres nothng  need hope nythng    nvest lttle  energy lttle money serch rest lfe   surely her four reports    20 here rel fct  del multus level mrket   20 requre promote uplne promote  downlne  beleve dfferent thng   nvest  20 lttle money  requre  why promote   let cre themselve  themselve  ech every one report lst below cpblty  chnge lfe forever  pply lfe  order postmrk wthn ten dy eml   four report  15  0 selfddress stmp   55 cent  postge  envelope  sve fve dollr  postge  envelope mlng  better spend  15  55 chnge  lfe forever  downsde  nvest  15  55 receve 4 report nothng   upsde  nvest  15  55 receve 4 report  utlze   pve rod fnncl success freedom   20 seem worthwhle nvestment gmble    where else smll nvestment py off excte   s cll    lst below four report chnge lfe   gurntee   1   250  0  0 through multus level mrket   2  mjor corporton multus level sle   3  source best ml lst   4  evlute multus level sle  ml  15  0 csh four report  benzer producton 14341 nglewood ve   183 hwthorne  c 90250 must nclude   1   note stte order four report   2   selfddress stmp   55 cent postge  envelope   3    15  0 csh  nterntonl order send  16  0 csh    1  0 extr postge  order ml wthn 48 hour  decson yours  chnge lfe forever  15  55  chnge lfe tody  plese note  receve  15  0 order  must send product  servce comply u  s  postl lottery lw  ttle 18  secton 1302 1341 specfclly stte   product servce must exchnge money receve   doc  cyl
warning ,N/A,wrn   re somethng gret  nterest   vst web ste     http    207  36  85  71 clck here
discourse study,teun@let,
sentence process conference  schedule,N/A,eghth nnul cuny conference humn sentence process mrch 1618  1995 rdsson hotel  6555 e  speedwy  tucson  z sponsor  unversty rzon  cogntve scence progrm  dept  psychology  dept  lngustc  den s offce  socl behvorl scence   socl behvorl scence reserch nsttute   nsttute reserch cogntve scence unversty pennsylvnum  unversty rochester  specl sesson prosodc effect prse sponsor nsf                                                                            progrm   thursdy  mrch 16 regstrton 8  15  8  45 8  45 welcome remrk 9  0 brn mcelree  teres grffth  u  cl  rvne  constrnt fll gp  tmecourse nlyss  9  25 lew shpro  flord tlntc u   rld hestvk  u  stuttgrt   km luscher  flord tlntc u   onlne nlyss vp  ellpss  syntctc reconstructon semntc nfluence  9  50 trcy love  dvd swnney  ucsd  nture serch coreferentl process  10  15 kevn peterson  nthony snford   lnd moxey  u  glsgow  nphorc reference dfferentlly focus subset quntfy nounphrse  10  40 coffee brek 11  10 nel perlmutter  kthryn bock  susn grnsey  u  llno  subject  verb greement process sentence comprehenson  11  35 chrstne sevld susn grnsey  u  llno  sfe syntx  encpsulton numbermrk nformton sentence comprehenson  12  0 celum jkubowcz ch  fussrt  cnrs  greement phenomenon process spek french  12  25 jnet ncol  u  rzon  effect clusl structure subjectverb greement error  12  50 lunch brek 2  0 don mtchell  u  exeter   fernndo cueto  u  ovedo   mrtn corley  u  exeter  mrc brysbert  u  leuven  lngustc tun hypothess  further corpus expermentl evdence  2  25 edwrd gbson  crson schutze  rel slomon  mt  reltonshp between frequency perceve complexty lngustc structure  2  50 suznne stevenson  rutger  reconcle constrntbse structurebse explnton syntctc preference  3  15 coffee brek 3  45 john trueswell  u  penn  role lexcl frequency syntctc mbguty resoluton  4  10 curt burgess  kevn lund  u  cl  rversde  extrcton hghdmensonl semntcs lrge corpus humn syntctc process constrnt  4  35 ulus h  fruenfelder  u  genev   le content  ulb  bruxelle   jen  phlppe goldmn  chrstne meuner  u  genev   comprtve sublexcl sttstcs  process unt debte  5  30  7  0  poster sesson frdy  mrch 17 specl sesson prosodc nfluence prse  ttle nnounce  8  30 stefne shttuck  hufngel  louse turk 9  10 wyne murry  shelum wtt 9  45 shrus speer  northestern u  10  15 fernnd ferrer  msu  10  45 coffee brek 11  15 nchol ngel  ucsd   lew shpro  flord tlntc u  prosodc nfluence process ttchment mbguty  11  45 tdhs kondo  ntt bsc reserch lb   reko mzuk  duke u   prosodc pln whle red loud   lne exmnton jpnese sentence  12  15 merrll grrett  u  rzon  roger wle  u  melbourne  commentry pnel dscusson 1  0 lunch brek 2  15 cym vn petten  u  rzon   jll weckerly  ucsd   hether mcsc  ubc   mrt kut  ucsd  mpct work memory cpcty lexcl sentencelevel semntc context  event  relte brn potentl evdence  2  40 ctherne hrr  boston u  corporbse pproch senseselecton contextul ntegrton  3  5 jnet den fodor  cuny   wejum n  hskn   stephen crn  u  mrylnd   donld shnkweler  u  connectcut  tsk percepton lngustc nomly  3  30 coffee brek 4  0 kthleen eberhrd  mchel tnenhus  mchel spvey  knowlton  jule sedvy  u  rochester   nvestgte tmecourse estblsh reference  evdence rpd ncrementl process  4  25 mchel spvey  knowlton  mchel tnenhus  jule sedvy  kthleen eberhrd  u  rochester  vsul  stutonl context overrde locl preference pp  ttchment mbguty  5  30  7  0 poster sesson  sturdy  mrch 18 9  25 rchrd lew  prnceton  theory grmmtcl uncceptble embeddng  9  50 mr bbyonyshev  mt  process nherently structurlly cse dps 10  15 ptrck sturt  mtthew crocker  ednburgh  monotonc prse renlyss  10  40 coffee brek 11  10 jule e  bolnd  osu  understnd  duck   homogrph coherent text  11  35  d  fredercus  mp free u     mecklnger  k  stenhuer   hhne  free u   process volton syntctc structure versus volton syntctc preference  evdence erp study  12  0 susn grnsey  nel perlmutter  elzbeth myer  u  llno    mryellen mcdonld  usc  reltve contrbuton verb bs plusblty comprehenson temporrly mbguous sentence  12  25 lr koneczny  brbr hemforth   chrstoph scheeper  u  freberg  pp  np  ttchment preference dffer ccord verbplcement germn sentence  12  50 lunch brek 2  0 edth kn  lure stowe  u  gronngen  non  locl subctegorzton volton  effect dstnce memory spn  2  25 coln brown  peter hgoort   wetske vonk  mp   lne sentence process  prse preference revel brn response  2  50 mrc de vncenzus  ntonl reserch councl rom  syntctc nlyss sentence comprehenson  effect dependency type grmmtcl constrnt  3  15 coffee brek 3  45 mrtn pcker  u  glsgow   holly brngn  u  ednburgh   smon lversedge  u  nottnghm   ndrew stewrt  u  sussex   thom urbch   shley myler  wshngton lee u   explore syntctc prme 4  10 mchel ne  fernnd ferrer   john henderson  msu  prllel structure effect red lsten  4  35 kthleen hren  dvd swnney  ucsd  ntegrton verb sententl context  effect prtcpntrole complexty sentence process                                                                        conference orgnzer  jnet ncol  ken forster  merrll grrett bstrct revew commttee  ndrew brss  tom bever  tom cornell  ken forster  susn grnsey  merrll grrett  lounn gerken  ted gbson  wyne murry  jnet ncol  dvd swnney  gbrellum vglocco                                                                        hotel nformton  conference hotel rdsson sute hotel  6555 e speedwy  tucson  z  85710  tel   602  7217100 reservton through rdsson s ntonl system 800333  3333  sure menton cuny sentence process conference reservton  reservton fter februry 15 conference rte                                                                         conference  1  lnd tucson tx cb rport rdsson cost  20   estmte yellow cb   bus  rzon stge coch cost  10  nterest person collect luggge rzon stgecoch desk bggge level rport next hertz cr rentl  reservton requre rport hotel  reservton s requre rport  reservton rport  cll follow number   602  8891000  trnsportton hndcp tucson rport vlble through hndcr  reservton dvnce  602 8813391   cost  25  0 ech  upon rrvl  pssenger cll hndcr verfy flght  pssenger brng one person extr chrge  2  lnd phoenx rzon shuttle servce bus servce run sky hrbor rport phoenx locton ner rdsson  5350 e  speedwy   cost  19  0 ech  deprture rport every hour hlf hour 5  30 11  30 pm tucson  every hour hour 4  0  9  0 pm  trp pproxmtely 2 hour  cll  800  8882749 further nformton  3  drve tucson  north west  speedwy ext 10  est  kolb ext 10  ext 275   rdsson north sde speedwy  est wlmot                                                                           pre  regstrton form plese preregster  fee py check money order pyble  sentence process conference  urge preregster soon possble  ccept preregstrton through mrch 15  send pyment follow ddress  sentence process conference psychology 312 unversty rzon tucson  z 85721 student non  student preregstrton   10  35  ste   20  40 nme                                           ddress                                                                                  eml                                          students   lmt  fund ssst student trvel  regster student  elgble receve fund  fund vlble  wsh pply  send us follow nformton before mrch 1  nme  fflton   prtcpton conference  e  g   second uthor poster   dvsor verfy student sttus
conference announcement  call papers  celtic linguistic,chiosain@ollamh,
tilburg conference ot,herman@kub,
linguist nameserver,linguist@alf,
trouble credit history  let us help brighten future ,pacificenter1@juno,
inside scoop ,'@http,
logic course internet,dekker@philo,
important re  6  68 sum  american dialect society,l@uga,
doesn  t interest    ,N/A,red 1st prgrph  convnce  delete  bet ntrgue enough fnsh red before decson  fnncl success brochure der fellow dvertser  nme tm brody lve sell recpe potto cheese perogy   ern excess  100  0 ech  ncredble   revel secret  ncredble   completely legl  too  ern  100  0 per sell product  pln  recpe nformton through ml  before revel pln  let tell lttle myself  fve go  plce clssfy d food mgzne ern lttle extr money  response 11 order 43  rch quck  scheme   plese don t lugh  over next three try those  rch quck  scheme  ctully meet success whle mny meet complete flure  ech try  lern somethng mrket product  fnlly  pln together frst 3 month  over  25  0  fter try gn  ern  35  0 become cler fnncl freedom  plese  story merely brg  wnt relze hrd work  persstence expense progrm success  tech problem mny mrket pln   hopefully  ble vod mny own mstke expense  progrm everyone  pln mllon dollr compete fellow prtcpnt  pln  however  ern  100  0 stressfree progrm nterest  plese red  mong sncere need progrm success  mybe prtcpte those  rch quck  progrm before  probbly dsstsfy response rte clssfed mlng  were expect receve ddtonl ncome ddn t even receve enough response py d stmp   nswer yes  plese hope yet  money fun  fne tune culnry tste  jon network buyer seller smlr gol ddtonl cost  process cll multus  level mrket llegl   secton 18  ttle 1301  1302  1342 us postl lottery code   modfy pln smlr compny tupperwre mry ky  best  ern dvertser ourselve  thousnd few month  exctly s multlevel mrketng  mlm   mlm requre send letter fellow dvertser  help ddress  sk buy product understnd once  nclude member progrm   tupperwre von request slespeople buy product  show  customer   letter send lwy nme long 2  8 dvertser  bse premse   ssume 3 member lst 100  response  level  1  send 20 letter nme  1 poston  20 reply  level  2  those 20 reply send letter nme  2 poston  400 reply level  3  those 400 reply send letter nme  3 poston  8000 reply  receve totl 8  420 reply unble receve  once nme rech bottom lst  elmnte replce member  sk  10 product  ern  84  0  course 100  response rte unrelstc  nsted expect between  35  0  60  0   before decde dumbest thng ever her decde throw wy  plese sttstc  91  clssfy dvertser jon one progrm  why  sncere wnt money  otherwse  dvertse begn  fct  red   receve mny letter type  lone prove progrm work  fvor  sve letter   st down compre progrm  fnncl success depend best choce  most newcomer  frst nstnct jon progrm offer most money offer chepest prce per product  before  sk nswer follow queston ech progrm  1  mny prtcpnt lst  nme  response need  verge 8 person lst requre 1  500  0 response before obtn  100  0 ech prtcpnt  3 member lst need 3  500 response  2  much receve per product  jon  2  0 pln  beforehnd need 5 mount reply  10  0 progrm   2  0 pln 6 month longer receve bg money  obvously need response  3  word chetproof montor pper pln  progrm bse honesty ntegrty lone  fl  fce  money  few honest  chet  proof mens nsure every member py  where montor mens member wtch certn lst never lter  done  receve mny  2  0 pln  populr  member must keep resend nformton meet gol    6  dvertser jon  2  0 progrm  probbly receve few  5  10 progrm  pln work  need send hundred letter montor effectve  4  much money wnt ern  much ntl nvestment  wnt ern  50  0 exmple  need 25  0  2  0 response  fgure nvestment  sure nclude prnt stmp  pln ccept check  legtmte  fnlly  nrrow choce choose best progrm sut need  hopefully   76  us  one best choce  our progrm chetproof 3  level pln  py  10 product ech member lst  requre send 20 letter  nme supply  totl nvestment  40  nclude postge prnt   need 4 reply throughout entre progrm ve lose nothng  plus  offer bonus pln ern  20  0 extr effort  ernngs bse 3  step pln outlne pror pge  receve 100  response rte  ern  84  0  course  100  prtcpton gn  unrelstc  member report  35  0   60  0 wthn 2 month  wthout bonus pln   jon  bottom pge  wrte nme  ddress product  wnt pper mler  plese prnt clerly  3 copy follow nformton nclude 1  prtcpnt  2  nme  ddress product 3  control number  wrp  10 check  money order csh nsde ech copy send one ech follow selfddress  stmp envelope  keep orgnl tx record  legtmte busness expense  chet send one pyment  1 3 requre nformton need proceed  wthn dy  receve product  nstructon mler nme lst one three prtcpnt  send 20 mler  wthn week  begn receve money  wthn 4 week ern over  25  0  s esy  jon tody  1  j  dolbow 2089 wterbury se kentwood  m 49508  sweetsh  nme  2  l  shock 7438 swmll rd   458 columbus  oh 43235  my s fmous chcken  3  s  butler po box 770074 corl sprng  fl 330770074  delcous potto sld  nme                                ddress                                cty  stte  zp                                product                                 control number 187329  totl cost progrm  40  0   30  0 member   3 prnt   7 stmp   fee   cndn resdent sk plese remember 2 frst clss stmp ml  beleve  extr stmp worth  our best prtcpnt   py check  plese llow 7 ddtonl dy llow check cler  mportnt nformton ensure keep legl honest  sure fle schedule c proft loss busness ncome tx return  report ncome receve deduct busness relte expense  tx deductble busness expense nclude vehcle ownershp  compny s nme   expense  trvel entertnment  busness equpment  purchse busness  supples  telephone  postge  dvertse cost  rend  wges  own   legl professonl servce  busness tx  leglly deduct relte busness   consult tx professonl detl   buy sell product servce  report ncome tx purpose  type drect mrket  order chn letter ctegory  product servce sell  become chn letter volton lw  note  fter jon  lser cmer redy copy pge  nme  ddress control number proper plce  send copy brochure  5  0 towrd our cost  d r enterprse  2089 wterbury se  kentwood  m 49508  send flt  fold
re  8  836  galore ,N/A,red  beltedly  ln hrr s communcton re punctuton  strke npproprte     word  glore   heck  s oblgtorly postpose djectve  s unque englsh  cnt mtter domtc phrse  snce seem dd noun plurl mss noun  our rnch   ve horse glore  cttle glore  sheep glore  etc  jule levn
defend yourself against criminal,N/A,ble defend yourself ttck street    hello  most nt nswer queston confdence  tody crme rte drug buse problem  s queston everyone need sk themselve  crme sttstcs bureu justce stte   25  volent crme occur ner vctm s home  14  school 12  commercl estblshment  store   womn rp every 2 mnute merc  1 every 4 rpe plce publc re prk grge   23  report nvolve lesure ctvty vctmze   21  report work trvel work crme occur   volent crme hppen nyone regrdless where lve work  crme consst ssult  robbery  crjck  rpe murder  bse sttstcs  s lmost gurntee vctm volent crme pont lfe  rect      ve study mrtl rt ffteen nstructor thrteen   ve fortunte enough study under best nstructor country  currently blck belt kenpo krte study te kwn  kung fu currently study hpkdo sf shootfght  vdeo   chnce escpe   show defend yourself gnst seven most common type ttck street  show self defense technque nyone ge eght eghty lern defend themselve  technque quck esy lern dfference between lfe deth ttck street  vdeo esy understnd term younger chld  vdeo must college student  mle femle   technque vdeo self defense buld confdence publc  senor ctzen mddle ge dult gn most beneft vdeo  helpful hnt crry pckge purse wn  vod vctm  common object wepon fend off even most ggressve ttcker  mny self defense vdeo mrket  one wnt one smple effectve ctully technque wthn mnute lern  best prt wn study krte ffteen order technque  few short mnute understnd effectve  rght down  own best judge whether feel sfe  vdeo help feel edge nyone try ttck  s mpossble where volent crme hppen thng wnt vctm  vdeo chnce need rect vod become vctm  relly need  chnce escpe   order vdeo  chnce escpe  send check money order u  s  fund  19  95    4  95 s  h   escpe enterprse llc p  o  box 1657 merden  ct  3369 sorry  cod s  plese llow 2  3 week delvery  nt vctm  fght bck k
available review,carnie@linguistlist,
synthetic compound,linguist@tam2000,
complete internet business source,mail@dress,
market million  try free,sale@net-tool,
  nt want  ,N/A,der frend  lredy respond follow nnouncement few dy go  mens pckge lredy rrve soon  respond before  plese py ttenton  mportnt                                                                                                                                                                                                          mportnt nnouncement mportnt nnouncement                                                                   future depend                                                                                                                                      before  mportnt nnouncement   must frst red follow  edtorl excerpt  mportnt publcton unte stte  york tmes   conclude our revew fnncl orgnzton effect chnge 90 s  specl ttenton cll clfornum bse orgnzton   world currency crtel   member orgnzton mss hundr mllon dollr currency mrket legl method never dvulge generl publc  whle purpose yet  presence most certnly feel   nbc nghtly news   member  world currency crtel   lwy keep low profle  consder most welthest north merc   excerpt lter  frst let us  mportnt nnouncement                                                                                                                                       gld nnounce frst short perod  world currency crtel nstruct lmted number worldwde  convert  25 one hundred legl currency   trnsct frst converson  fter esly quckly own hundred even thousnd every month  dvntge  secret flw                                                                     even explosve yet dsclose  whle currency fluctute dly  show  convert  99  588 mny tmes wnt   mens  ble exchnge  99  mercn legl currency dollrs   580 sme  mny wsh  every dy  every week  every month  legl effortlessly  5 10 mnute ech  home  offce even whle trvel  need ccess phone lne ddress  best  cty erth    gn  must reterte  nyone source neverendng  long globl fnncl communty contnue dfferent currency vry exchnge rte   secret flw  exst                                                                    erler  frst trnscton show exctly own  over over gn  mount exchnge ech entrely  work 2 10 hour week  soon jon lst mllonre dly bss mny dy  trnscton smple even hgh school kd  world currency crtel unform globl currency bck gold   untl  llow lmted number ndvdul worldwde shre unlmted profts provde world currency dfferentl  espouse poltcl vew nor sk  however  our prent orgnzton  nbt  beneft gretly knowledge shre  ourselve  long  beneft lkewse  mn concern surely  beneft  soon become member  trnscton home  offce  telephone through ml  conduct trnscton even whle trvel                                                                   nt beleve us  experence yourself                                                                   unlke nyone else  ssure gret fnncl freedom dd our quckly grow bse supporter jon lst mllonres crete  secret flw  world currency mrket                                                                    don  t envy us  jon us tody                                                                                                                                                                                                          one membershp fee  195   jon us june 30  1998  jon us  25 dmnstrtve cost  mportnt document  nstructon  contct nme  ddress  phone number pertnent nformton ml mmedtely  dvntge our nnversry dte jon us tody   reply fter june 30  must py  195  0 membershp fee  exceptons  e  ml nqury plese   upon become member  promse keep nfo  confdentl                                                                    choose cncel membershp reson  must return ppers  document refund wthn 60 dy                                                                                              mportnt                            1    plese wrte nme  ml ddress clerly pece pper ndex crd  2    below ml ddress  plese wrte e  ml ddress  optonl   3    top leve hnd corner  plese wrte word   member  4    ttch check money order  25   5 shp document  totl   30  0  pyble  nbt  ml  nbt po box 1129 unon  nj 070831129  outsde us dd ddtonl  10  totl   40  0  nterntonl money order                                                                    here  edtorl excerpt                                                                     wll street   dscreet group mercn  operte under guse world currency crtel recently begn rumble world fnnce mrket  whle  gme completely  certnly wtch those mjor move currency contrct   fnncl week   wtch  montor  extrct knowledge try become one  soundest fnncl dvce nyone   ntonl busness weekly   whle reporter leve cold method operton  ble confrm  world currency crtel  member lterlly mss gret fortune overnght   end                                                                                                                                     thnkfully credt dmond nt  content mportnt nnouncement
hottest business opportunity internet   ,N/A,nyone    phone cll   quot   meetng   fntstc py  top secrets fstest  esest money system ever  sponser ern  11  0 1st month refer our 800 number  800   serous money progrm  our professonl stff hndle cll close sle   s esy  wnt serous money fst  nt nvest  s  multple  100 fst strt bonus  pd weekly  cll toll free 1800  2260633 code  59303  compny experence explosve growth  plese ptently persstnt cll   m certn  ll gree worth   close sles   tlk   close   multple  100 commsson  jon us tody  1800  2260633 code  59303   vs  mstercrd  mercn express  check fx  phone  fx demnd 1415  2736020 top secrets representve compny fx 1785  7626716 ttest sucess experence cnd  toll free  1800  5889768 cll toll free  code  59303   mllon dollr mrket outsde us cnd 1913  7622442 1888  4466951 code  59303   rchrd fschetus 1888  4466949  gy detsch 1888  703  5389  jeff grdner 1888  7313457  wllm solder 1888  2697961
secret internet,N/A,mllon  secret nternet ye  revel detl nternetlnk secret nternet rch  rch  rch  result reserch  reserch  dy nght untl wee hour morn serch comple dtum  rch nternet reltvely lttle nvestment   shre chnge moment  frnkly  mny try shut down  lttle wer  nfo whle  why keep secret myself mllon  fct  work  vlble one else crete busness opportunty  smple  feel nervous nvest few dollr mllon smply  enough   19  95  mllon  secret nternet  prt one    setup web server home pc free    frst step mllon nternet setup own web server host ste send receve eml lest nterference  show free web server softwre control ste remotely keep wthout expensve equpment  show home computer csh generte nternet storefront   99  95  mllon  secret nternet  prt two  nclude prt one     mrket mllon nternet user thru 20  0 group    second step mllon nternet proper softwre proper method news group mrket product  ttempt browser ccess news group probbly over 100 ccess  why proper softwre necessty  proper softwre observe proper ettquete throw off sp  nternet servce provder  wthn hour  pont both proper softwre ccess thousnd news group mnute mrket news group wthout boot sp   199  95  mllon  secret nternet  prt three  nclude prt one prt two     mrket over 60 mllon nternet user thru bulk e  ml    thrd step mllon nternet proper softwre proper method bulk eml mrket product  ttempt browser send bulk eml probbbly over 1000 send lst 60 mllon plus  why proper softwre necessty  proper softwre observe proper ettquete throw off sp  nternet servce provder  wthn hour  show where buy bulk eml  buld own lst whle sleep send bulk emus wthout boot sp   279  95  mllon  secret nternet  prt four  nclude prt one prt two prt three     sublmnl method effectve bnner dvertse    fnl step mllon nternet effectve bnner dvertse  enough put somethng pry  show ncorporte sublmnl technology bnner dvertse lterlly clck d ste  show lterlly buy product sme technque  order  check money order pyble   secret nternet  11470 eucld venue  sute 525 clevelnd  oh 44106 us sure put eml ddress check money order eml secret nternet mmedtely  order  prt four  before july 1  1998 61 mllon fresh eml ddresses free
nez perce,wied6480@varney,
escol 92 call paper,lindryer@ubvms,
workshop language space,harris@csun,
elsnet,N/A,elsnet  thnk
query english interrogative,freed@apollo,
book  syntax,2307@compuserve,
link correction  10 million  sweepstakes,root@207,
are serious future ,N/A,future here  opportunty cptlze fstest grow enterprse hstory  electronc commerce nternet estmte grow  327 bllon 2003  worldwde mrket phone servce project over  2 trllon  deregulton electrc utlty us open  250 bllon mrket  opportunty exst cptlze explode mrket  buld resdul ncome future  our gol offer vrtully every connecton home offce  offer consumer svngs  sme crete lucrtve ongo bonus system entrepreneur help grow compny  customer onlne purchse  ern commsson  mgne potentl  grnd floor opportunty estblsh bllon  dollr nterntonl network gnt  need ndependent mrketer  nternet  bse busness  vrtully geogrphc boundry lmt growth  potentl here  wnt nformton  urge contct us  future here  redy  cll toll free 1888  6739413  leve nme  re code phone number  best rech  one our representtve contct
lrec workshop announcement,krauwer@let,
family name history,N/A,dscover fmly hstory vst our webste  http    www  trcet  com free serch ncestor  surnme frst pper  re curous where fmly root orgnte  fll mss pece puzzle  jon stsfy multtude dscover complete fmly surnme hstory  ntonlty  s esy  key nme our onlne ndex  seconds tell s orgn much   ve reserch complete fmly nme hstory durng our 25 professonl reserch  red smple hstory  plus  free cot rm keychn fmly s most ncent cot rm  crest  full color  fmly nme hstory prchment 11x 17   pproxmtely 1700 word  beutfully llumnted most ncent cot rm full uthentc herldc color  over 500 urls fmly herldc hstory  plese vst our webste  http    www  trcet  com free serch hll nme nterntonl nc  1888   root
non  profit linguistic web site,shoenish@interport,
infoseek ultimate  feature  same site design,jwaltrip@infoseek,
futuresignal,fsremove@do-it,
publish company sale   ,N/A,nformton free credt pplcton below  multus  mllon dollr publsh compny  149 free pre  pprove merchnt ccount pplcton order   strt busness rght   ever wnt  esy  lot money busness own     here esest strt   m wrte letter let somethng  ll blow wy   m present somethng  ve never before    somethng  ll never gn     py ttenton  pst few     ve run d newspper  mgzne  drect ml  throughout nternet  d lwy smll chep    d  sell lttle mnul  mnul sell nywhere between  10  99 ech  lwy run dfferent d ech mnul sell  sell nformton nobody put prce    especlly own    sky lmt  plus chep reproduce  mnul  cost between 40 cent  3 prnt entre prnt mnul round 35 cent copy mnul dsk  sell  99 ech  one hell mrkup  mnul tell cr money down credt    nother one tell vod tx depost ncome offshore    nterest sve money offshore    beleve     mllons    py tech    where unbelevble offer    hope st down one    once lfetme chnce  eser become fnnclly ndependent    fct s eser    next few prgrph revel everythng  sell entre nformtonl product lne full reprnt rghts complete stepby  step nstructon strt ml order nformton busness lttle money  remember  proven wnners  stump somethng sell trouble wrte d  nclude entre book dsk help produce kller d  entre pckge cll publsh compny box 1 cd contn over 2000  hot  selle  book  report mnul redy prnt sell  sell  sell  sgn letter full reprnt rghts llow sell much wnt however wnt  even sell entre kt someone else resle own  receve copy kller d fll mlbox csh  even sk money ether    yours keep  fct    ton money mnul long wsh    never py nother red cent roylty  even prnt prepre our  1 sell report contn secret obtn credt wthout credt check produce offshore ncome wthout tx ble down locl copy shop redy sell sme dy receve  wtch though  one ndvdul  70  0 month report lone   why  nclude free offshore credt pplcton those bd credt report explode mlbox order  note  pplcton s ncluded  sk     149 nclude free prorty ml shp  ye   149  zero mss  plus order before  jn  1  1999 nclude 4 extr specl bonus    bonus  1   serch engne mgc  dsk  report shoot web ste top serch engne lstng  web dvertser sell mnul  99 tself  free pckge  bonus  2  report  lest  1  600 week onlne    strt   nternet storm nclude bsolutely free  bonus  3  nclude specl detl secret source drect ml led produce csh order long kller d  nother source llow dvertse ntonwde through newspper 70  0  0 reder low 7 cent per word  bonus  4  nclude prepprove pplcton merchnt ccount busness beneft  credt crd ncrese busness 100   norml  195 pplcton fee wve prepprove pplcton  one drwbck    send d 10  0    llow 50 kt sell  nt much sense sell kt 1  0 2  0    mrket sturte sme mnul    nt wnt  sure offer sme result    50  149  0  chnce  50 wthn week s  somethng nterest    rush check money order  149  0 tody nsure future busness   even decde pss    nt swet  s md nythng  50 order lmt relly fst  nyone check lte    smply send bck   149  0  let esest money ever  mnul wrte  d present  dvertse pln ly  prnt penny plce d  tody  rush pyment  149  0 rght    own mllon dollr publsh compny  strt one two mnul    even dy receve pckge    expnd nclude   149  0  everythng need kll own busness  wnt rel money  offer   report  serch engne mgc  sell over 50 copy dsk wthn 2 week  sell  99 ble copy under 50 cent ech  wt tll strt mrket product nclude lne     joe fsher  nternet mrketer rush order  mllon dollr publsh compny box  smply fll order form below fx our 24 hour order lne  fx order lne  1  212  5048032 regulr ml  fnncl system p  o  box 301 ornge  m 756 order form                                                               plese send  nme                                           ddress                                         cty                                             stte  zp                                            phone                                                problem order  slesmn cll   eml ddress                                        ccept check money order long mjor credt crd nclude vs  mstercrd mercn express   note  shp ddress lst credt crd   plese fll below secton sure bove nme ddress lst pper crd   149  0 credt crd number                                  exprton det                             sgnture                           det                        yes  plese rush publsh compny box  understnd full reprnt rght sell tem whtever prce desre  even entre kt    double yes  order before  jn  1  1999  plese nclude extr specl bonus   plese check one follow pyment opton    fx check  send orgnl  drft fx check  opton vlble order outsde contnentl us    fx ml credt crd number   note crd chrge  149  0 shp ddress crd    enclose check money order  149  0   opton us  note  order outsde contnentl us  plese dd  5 sh p  s  nt forget receve 2  0 mnul  book  report  200 pge ech      149    full reprnt resle rghts much money wnt wthout ever py roylty whtsoever                                  crefully select receve follow person obvously nterest subject bse upon prevous nternet postng  vst one our fflte web ste  receve messge error  reply word unsubscrbe subject
psycholinguistic teach,klaiman@umnacux,
possible  900  stock investment return ,N/A,stock nvest nterest  plese crefully revew follow  dsppont                                             rntk  predct return  900  over next few month                                            mmnent outstnd compny  proft potentl too gret gnore der nvestor  nlyst predct  900  rse rntk stock over next few month due recent development mmnent compny news  rntk  rentech  nc   developer  mrketer lcensor ptented technology converson gs  lqud sold  super clen hgh vlue fuel  product chemcl  word  rntk s money sell ptented technology bllon dollr gs  ol corporton  texco  cnnot wthout  technology convert otherwse wste  vluble clen burn fuel whle reduce greenhouse gs emsson operte cost  wthout technology  energy compny force utlze nferor technology ccount 60  expense  rntk superor ptented technology schedule relese  rntk stock drmtclly ncrese vlue  nsdq her rntk s propose promoton stock upcome news schedule 20th 1999  mmedte purchse  before promoton severl mmnent relese  whle stock brely  0  50  shre vrtully gurntee phenomenl proft  possbly  900  over next few month  even  2  0 stock purchse stock return over  18  0    rentech stronger poston ever  work cptl meet net tngble sset requrement contnue nsdq lst      bcp s excellent reputton experence lgn rentech engneer prtner re world hold gretest potentl gs   lqud technology     mr   ykobson  ceo rentech  nc   rntk  creful nvestgton ndcte our reserch ccurte  revel rntk s phenomenl proft potentl  generte returns fr greter stock nvestment progrm  buy frenzy ntcpte over next few dy  dvse ct promptly mxmze returns  understndbly prefer smply wtch stock  however stock prce low provde rre opportunty enormous proft truly too gret mss  recommend hold rntk stock lest 6 month untl promoton ptent technology complete                                                         nformton publsh vsp our reserch ndcte prtculr stock generte sgnfcnt returns  where put our money however endorsement purchse stock securty  receve further ssue onetme fee us  150  plese reply eml  nfo  subject  otherwse contct gn  our 1998 stock pck generte excess 980  proft  sttstcs verfy upon request  sent behlf vsp fnncl growth success strtegy  vsp fnncl currently own 20  0 rntk common stock
workshop announcement,N/A,cll ppers dstrbute ccess lngustc resource workshop mmedtely before frst nterntonl conference lnguge resource evluton  lrec   27 1998 grnd  spn http    www  cp  grenet  fr  elr  conflre  html short descrpton  workshop dscuss ncrese effccy lngustc resource dstrbuton progrmmtc ccess  work towrd defnton method tsk bse dstrbute process objectorent model deployment www  orgnzer  yorck wlk  hmsh cunnnghm  wm peter  remus zjc workshop scope m                       generl reuse nlp dtum resource  lexcon corpus  exceed lgorthmc resource  lemmtser prser   however  stll two brrer dtum resource reuse  1  ech resource own representton syntx correspond progrmmtc ccess mode  e  g  sql celex  c prolog wordnet  sgml bnc   2  resource must generlly nstll loclly usble  course precsely hppen  operte system support etc  vry cse cse   consequence 1  lthough resource shre structure common  lexcon orgnse round word  exmple  commonlty wste resource  developer lern everythng fresh ech  work seek nvestgte explot commonlty between resource  e  g  lnk severl lexcon ontology  frst buld lyer ccess routne top ech resource   exmple  wsh tskbse evluton lexcon mesure reltve performnce nformton extrcton system dfferent nstntton lexcl resource  end wrte code trnslte severl dfferent resource sql sgml  consequence 2   try before buy   exmne dtum resource sutblty need before lcence  correspondngly resource provder expose lmt ccess product dvertse purpose  gn revenue through pecemel supply secton resource  workshop dscuss overcome brrer  proposer dscuss method dstrbute ccess lnguge resource nvolve development common progrmmtc model vrous resource type  mplement corb dl  jv  long dstrbute server nonlocl ccess  model desgn prt gte project  generl rchtecture text engneer  http    www  dc  shef  c  uk  reserch  group  nlp  gte   under provsonl ttle ctve creole server   creole  collecton reusble object lnguge engneer  currently creole support lgorthmc object  extend dtum object   common model lnguge dtum resource set nhertnce herrchy forest set grph  top herrchy generl bstrcton resource  e  g  lexcon word   leve dtum tem specfc ndvdul resource  progrmmtc ccess vlble level  llow developer select pproprte level commonlty ech pplcton  note lthough excte element work provde lgorthm dynmclly merge common resource  e  g  connect wordnet celex    re suggest ntlly develop nythng substntvely  smply mprove ccess exst resource  stndrd nttve  buld prevous nttve  course  producton common model fully express subtlety resource lrge undertke  beleve ncrementlly  useful result ech stge  erly verson stop decompose object structure resource frly hgh level  leve developer hndle dtum structure ntve resource leve forest  stll substntl beneft unform ccess hgher level strucure  drft progrm commttee                       yorck wlk hmsh cunnnghm wm peter remus zjc robert ctzone polum velrdus mr teres pzenz louse guthre roberto bslus brun bogurev sergeus nrenburg jme pustejowsky rlph grshmn chrstne fellbum pper submsson                formttng gudelnes  pper exceed 4000 word 10 pge  hrd copes  three hrd copy send  gll cllghn  fo yorck wlk dept  computer scence unversty sheffeld regent court 211 portobello st   sheffeld s1 4dp uk electronc submsson  electronc submsson llow poscrpt html  ftp ste vlble demnd  uthor send nfo eml  yorck wlk  even submt pper form  electronc submsson ccompny pln scus text   nme  nme frst uthor  ttle  ttle pper  pges  number pge  fles  nme fle  submt electronclly   note  nythe d dd  keys  keyword  eml  eml frst uthor  bstr  bstrct pper        mportnt dtes pper submsson dedlne  hrd copy  electronc  februry 15th 1998 pper notfcton prl 1st cmer  redy pper due 1st dlr workshop 27st
,N/A,nterntonl drver  s lcense need drver s lcense  too mny pont trouble  wnt lcense never suspend revoke  wnt d nghtclub hotel checkn  vod tcket  fne  mndtory drver s educton  protect prvcy  hde dentty  unte nton prvlege drve freely throughout world   conventon nterntonl rod trffc september 19  1949  world court decson  hgue  netherlnd  jnury 21  1958  dvntge rghts  order vld nterntonl drver s lcense never suspend revoke  confdentlty ssure  cll    1937  5869313
need money ,N/A,h  ern extr  700 week     2  800 month ml our busness crculr home  knd money wthout even present job  crete most rskfree  ml our busness crculr py work  excte home employment opportunty effectve  yet quck esy success bsolutely gurnteed  publsh  sell dstrbute nformton booklet  gude  report  mnul computer softwre cross cnd unte stte  snce mjorty our busness ml  turn send thousnd our sle crculr ech week  our compny crculr sle letter  product offer send response customer nqury  ml our crculr   ll gretly help us our offer customer   ll prt most remrkble opportunty vlble  our system ml crculr esy operte  copy stndrd  lettersze  8 1  2  x11   crculr provde fold ft envelope receve  fter fold nsert crculr envelope  sel envelope depost ml  spend ddress envelope py postge cost ml our crculr  envelope rrve preddress postge lredy plce  few hour week  s smple  crculr ml esy plesnt work proftble  develop legtmte relstc moneymke busness system prctcl uncomplcte  smple enough nyone prt regrdless educton  ge  physcl blty dsblty  our progrm esy understnd  stepby  step nstructon sure strt quckly confdence  hghly foolproof  try  test prove method run comfort prvcy own home  wthout personl contct nyone  prt our progrm hour dy    dy week  requre relte experence prt our progrm  wnt serous mnd red wrte smple englsh  ble put few extr hour ech week towrd ern gret ncome  lthough nt need expernce  mportnt mbtous motvte work own  wthout supervson  responsblty work  meet certn quot ech week  mpose restrcton mount work choose  our crculr ml progrm llow complete flexblty orgnze choose own work lod work schedule  work prttme fulltme  lwy free brek work  pln own off  furthermore  qut progrm  snce ndependent mler oblgton our compny whtso  ever  home employment wonderful  provde gret sense ccomplshment  prde freedom  must remember tret work serously respect  our progrm exctly put  ern much lttle  s  strt sme dy receve our supples nformton pckge  begn receve money wthn 2 week  every week long desre prtcpte our progrm  thousnd over cnd unte stte excellent money ml crculr home  jon our successful network  crculr mler shre money too  dfference lve smll town lrge cty  long mlbox ml crculr  prtcpte gret home ncome opportunty  nyone lttle common sense desre succeed prt our progrm ern excellent ncome themselve short perod  one ncest thng our crculr ml progrm hoe quckly work  strt sme dy receve our supples nformton pckge  begn receve money wthn 2 week  long decde prtcpte our progrm  mgne never leve home whle money few hour lot ern fter full week s work  fct  gret money lttle 10 hour week  remember  nt need specl educton experence  progrm work nyone  regrdless bckground  ge locton  ml crculr spend rest dy enjoy yourself  mgne ble work comfort own home  own pce lesure smple system ern  700  0 week work few hour week    s gret plce strt  relly nt work hrd hed lfe  work smrt  follow our esy step  connect  700 week  every week   ll even show ncrese ncome  700  0 week much  1  0  0 week ese  s smple s relstc  bsc detl  ve outlne   ll esly ncredble ncome potentl rght wy  progrm develop cnnot fl gret money   ll ble set operton free world plese  wthout nyone over shoulder  choose   ll work ffr hour two dy  turn extremely esy  fun hour  boss snoop round one nswer  beleve  fter spend smll mount upfront orgnze  set own system   ll soon relze nothng eser  offer prvcy personl freedom  unlke promote sme old useless stuff   develop unque pproch never relese publc nyone else  cybermrket source vluble progrm  plese nt confuse getrch  quck scheme d   re serch honest goodness  legtmte  legl spre work home opportunty  serch fnlly end  100  prove money  progrm  proven money everyone   re most folks   re bsolutely love our crculr ml progrm s most legtmte   onthe  level   esy strt  proftble workfrom  home opportunty ever crete  honestly relly works  wn gmmck  surprse slly scheme  vluble nformton  ll need quckly lern exctly  our prove  professonlly wrte crculr  our crculr ml progrm brng money need  receve our strt pckge ml  supples need strt rght wy nclude personl nformton kt  complete nstructonl hndbook  our busness crculr  receve everythng promse  nt forget py postge cost ml our crculr envelope rrve completely ddress postge lredy plce  ml crculr receve py cheque yours spend wsh  prt our progrm long wnt    ern  700 week rest lfe  ccommodte lmt number our unque progrm  nterest  plese dely  send cceptnce form soon  our gurntee progrm chnge lfe prctclly overnght  home employment opportunty potentl gret mount money progrm  complete homebse opportunty relly works  our requrement one  fully refundble pyment  27  0  pyment cover cost supples process membershp  onetme pyment  py us cost ddtonl mterl   re sure rght home employment opportunty  bck our promse our exclusve gurntee     33  600  0 gurntee esly ern  33  600  0 next our progrm  fct  confdent over  700 week ml our crculr offer most rtght gurntee exstence  soon receve our strt pckge ml  send our crculr rght wy  nt strt ern mnmum  700 week wthn 30 dy  smply return our mterl complete refund  ether  700 week money bck  jon our network crculr mler tody  truly wnt help strt quckly esly possble  progrm desgn serous ern substntl ncome  convnce bsolutely thrll much money our progrm   ve strtup kt pckge redy  us word  ll door  follow our nstructon  ern  700 per week ml crculr home  prnt fll exclusve membershp form bottom pge ml remttnce order rush rght wy frst clss ml  hope llow us honor one help cheve longterm fnncl success personl freedom  most sncerely  stff cybermrket                                                                   home mlers progrm orderform                                                                   plese rush pckge home mlers progrm home busness drectory rght wy    send  27  0 u  s fund   nclude postge  hndle  nme                                        ml  cybermrketng p  o  box  563 ddress                                     lndsy  ontro  cnd  k9v 4s5 cty                   stte  provnce        zp  postl code                             eml ddress                               order pyble cheque plese llow 4  6 week delvery
is,free@yahoo,
wholesale club ,N/A,h  where wonder nterest subscrbe our optn eml lst  wholesle dstrbutor offer customer wde rry product sport goods electroncs huge svngs  receve weekly letter us promote our top product best dscount week  svng rnge 30 80 percent  nterest reply messge subscrbe subject  wsh remove reply remove subject
final call  acl  97  eacl  97 workshop anaphora resolution,acl@bellcore,
request,N/A,need drver s lcense  too mny pont trouble  wnt lcense never suspend revoke  wnt d nghtclub hotel checkn  vod tcket  fne  mndtory drver s educton  protect prvcy  hde dentty  unte nton prvlege drve freely throughout world   conventon nterntonl rod trffc september 19  1949  world court decson  hgue  netherlnd  jnury 21  1958  dvntge rghts  order vld nterntonl drver s lcense never suspend revoke  confdentlty ssure  cll    1937  5869313 2b4e5
book  computational linguistic,pub@roslin,
  nt want ,N/A,der frend  lredy respond follow nnouncement few dy go  mens pckge lredy rrve soon  respond before  plese py ttenton  mportnt                                                                                                                                                                                                          mportnt nnouncement mportnt nnouncement                                                                                                                                     future depend                                                                                                                                                                                                        before  mportnt nnouncement   must frst red follow  edtorl excerpt  mportnt publcton unte stte  york tmes   conclude our revew fnncl orgnzton effect chnge 90 s  specl ttenton cll clfornum bse orgnzton   world currency crtel   member orgnzton mss hundr mllon dollr currency mrket legl method never dvulge generl publc  whle purpose yet  presence most certnly feel   nbc nghtly news   member  world currency crtel   lwy keep low profle  consder most welthest north merc   excerpt lter  frst let us  mportnt nnouncement                                                                                                                                                                                                                                                                           gld nnounce frst short perod  world currency crtel nstruct lmted number worldwde  convert  25 one hundred legl currency   trnsct frst converson  fter esly quckly own hundred even thousnd every month  dvntge  secret flw                                                                                                                                       even explosve yet dsclose  whle currency fluctute dly  show  convert  99  588 mny tmes wnt   mens  ble exchnge  99  mercn legl currency dollrs   580 sme  mny wsh  every dy  every week  every month  legl effortlessly  5 10 mnute ech  home  offce even whle trvel  need ccess phone lne ddress  best  cty erth    gn  must reterte  nyone source neverendng  long globl fnncl communty contnue dfferent currency vry exchnge rte   secret flw  exst                                                                                                        erler  frst trnscton show exctly own  over over gn  mount exchnge ech entrely  work 2 10 hour week  soon jon lst mllonre dly bss mny dy  trnscton smple even hgh school kd  world currency crtel unform globl currency bck gold   untl  llow lmted number ndvdul worldwde shre unlmted profts provde world currency dfferentl  espouse poltcl vew nor sk  however  our prent orgnzton  ndml  beneft gretly knowledge shre  ourselve  long  beneft lkewse  mn concern surely  beneft  soon become member  trnscton home  offce  telephone through ml  conduct trnscton even whle trvel  nt beleve us  experence yourself                                                                unlke nyone else  ssure gret fnncl freedom dd our quckly grow bse supporter jon lst mllonres crete  secret flw  world currency mrket                                                                                                                                      don  t envy us  jon us tody                                                                                                                                                                                                                                                                                                                                              one membershp fee  195   jon us july 20  1998 dte  jon us  25 dmnstrtve cost  mportnt document  nstructon  contct nme  ddress  phone number pertnent nformton ml mmedtely  dvntge our nnversry dte jon us tody   reply fter july 20  must py  195  0 membershp fee  exceptons  e  ml nqury plese   upon become member  promse keep nfo confdentl                                                        choose cncel membershp reson  must return ppers  document refund wthn 60 dy                                                        mportnt                  1    plese wrte nme  ml ddress clerly pper 2    below ml ddress  plese wrte e  ml ddress 3    top leve hnd corner  plese wrte word  member  4    ttch check money order  25   10 shp hndle document  totl   35  0  pyble  ndml  ml  ndml po box 311 mlford  nj 08848  outsde us dd ddtonl  10  totl   45  0  nterntonl money order                                                                                                                                      here  edtorl excerpt                                wll street   dscreet group mercn  operte under guse world currency crtel recently begn rumble world fnnce mrket  whle  gme completely  certnly wtch those mjor move currency contrct   fnncl week   wtch  montor  extrct knowledge try become one  soundest fnncl dvce nyone   ntonl busness weekly   whle reporter leve cold method operton  ble confrm  world currency crtel  member lterlly mss gret fortune overnght                                 end
wccfl xiv call paper,wccfl@mizar,
home business   10 k  mth  selle  mlm  ,N/A,3d  3d  3d  3d  3d  3d  3d  3d  3d  3d  3d  3d  3d  3d  3d  3d  3d  3d  3d  3d  3d  3d  3d  3d  3d   3d  3d  3d  3d  3d  3d  3d  3d  3d  3d  3d  3d  3d  3d  3d  3d  3d  3d  3d  3d  3d  3d  3d  3d  3d   3d  3d  3d  3d  3d  3d  3d  3d  3d  3d one ml  need ht reply seek  remove lst  thnk     3d  3d  3d  3d  3d  3d  3d  3d  3d  3d  3d  3d  3d  3d  3d  3d  3d  3d  3d  3d  3d  3d  3d  3d  3d   3d  3d  3d  3d  3d  3d  3d  3d  3d  3d  3d  3d  3d  3d  3d  3d  3d  3d  3d  3d  3d  3d  3d  3d  3d   3d  3d  3d  3d  3d  3d  3d  3d  3d  3d  3d  3d  3d re frd success  let scre deth  hello entrepreneur  nme dve strkey  queston      20 ern    mmedte  substntl  5  0   10  0   20 monthly ncome    lttle 4590 dy   requre   20 telephone  show generte sx fgure ncome  20 severl month   m tlk elusve drem resdul ncome network  20 mrket  mlm  chn letter onlne scm   20  m truly ern much every week ever before ern  20 monthly chse success progrm   20  0 frst month   ll tech    mny   3d  3d  cll  1800  3226169 ext  9508  20 serously   nyone  even better  best success  thnks  sncerely  dve strkey
german corpora,parc@xerox,
business offer,N/A,m nterest crete ddtonl  ncome  20 work home   20 nvestment selle nventory delvery  20 fnncl rsk   20 mlm  nterest  plese vst web pge   20 www  hrtley   c  resdul  20 eml rech error  pologze  wsh  20 remove future mlng our compny plese reply  word  20 remove subject lne   20 thnk
summary  sao tome creole,lorenz@minerva,
,N/A,end confuson  comes free dult stes   http    209  84  246  106  mteur s best  ll  check 1 week free prevew    http    209  84  246  106  mteur   remove our notfcton lst  http    194  190  221  199  remove  html
capitalfm  com,N/A,nt wnt receve eml  clck follow lnk remove ddress our ml lst  http    cptlfm  com  unsubscrbe                                                                     http    cptlfm  com  robbe wllms  ld regret   steve penk  s cptl punshment   lsten buy onlne   wnnng lnes  wn celne don vdeo   chrs trrnt lve phuket  cton   stnd lugh  tlk top comc   mdonn  mterl grl erth mother   shop  fvourte musc doorstep                                                                       robbe wllms  ld regret  every one s wnner  robbe s ltest sngle   regret   set bg ht prevous fntstc tune long hrd cheeky chppe pop  rollercoster rde strdom  hde depths  s must robbe fn  hed over  http    cptlfm  com  steve penk  s cptl punshment   lsten buy onlne  cnt enough steve s wck wndup   ll plese her s whole collecton  thrd volume penky s prnk sure crck lughter  doorstep rel soon  cptlfm  com lsten wndup securely purchse cd onlne  hed strght  http    cptlfm  com  wnnng lnes  wn celne don vdeo  dd guess week s lyrc robbe wllm s  let entertn   every week  ve few lne fntstc ht song smply guess trck  sound esy   re rght celne don vdeo yours  test muscl knowledge  http    cptlfm  com  chrs trrnt lve phuket  cton  ct s brodcst lve thlnd week  lsten lve fun cptlfm  com   ll behnd scene photo too  chr work hrd   relly   over  http    cptlfm  com  stnd lugh  tlk top comc  top comc lure hlrous tv quz show  eventully return love best  stndup  week  ve ntervew best bunch nclude jck dee frnk sknner  wn tcket jeff green lve stge  best lughter  http    cptlfm  com  mdonn  mterl grl erth mother  nt seem long snce md brght young newcomer pop scene  snce s renvent herself over over gn  relese gret sngle  power goodbye  exmne womn s mternl mterlstc  8 mllon sell lbum  ry lght   keep style setter  http    cptlfm  com  shop  fvourte musc doorstep  our onlne shop renovte sport smrt  even better plce browse ltest gretest musc   ve dd second floor whole rnge goods chrstms shop  why bttle hgh street crowd comfort own home  shop experence  http    cptlfm  com                                         dvertsement crusde croc prepre chrstms  those lwy stck chrstms present de  fox nterctve  nnounce lunch hghly cclm  1 plystton gme  croc  legend gobbo  onto prestgous plystton pltnum rnge  select number gme elte rnge offer gmer opportunty purchse hgh profle gme reduce prce 19  99  http    cptlfm  com  crocplt                                          dvertsement schnpp chnce  s  s fun  s schnpper  sprkle cder mngle pech flvour schnpps  extr touch clss   three frend wn tcket exclusve schnpper prty cptl rdo cf london  clck below http    cptlfm  com  schnpper                                         dvertsement browse shop sturdy    few mnute red mss  nt mss rrvl 3com us robotc 56k modem v  90 stndrd modem s powerful enough ccess fvourte ste fster relbly  wnt wn one  clck lnk below  http    cptlfm  com  3comusrob                                         dvertsement southprk kck ss xm  wrnng  softwre contn corse lnguge  sck  twst humour scene volence due contents vewed lkemnded dudes  http    cptlfm  com  southprkss                                         dvertsement wn compq presro nstnt ccess nternet  ccelerte grphc  dolby dgtl surround   tlk ltest spce technology compq presro  wn enter competton cptl rdo webste  enter compq competton tody    http    cptlfm  com  compqmtv
free gift catalog,N/A,further wnt perfect gft somebody specl  free gft ctlog eml mlng ddress plese prdon ntruson  remove type subject  remove
re  6  192 latvium s language policy,N/A,mrtn beneft doubt ssume  russn  spek estonn  slp keybord  russn  spek ltvn   hrtmut hberlnd
re  coupons  savings  wholesale  discounts,N/A,plese few moment red our free dscount club   20 offer  chrge  our subscrber ntonlly product substntl dscounts  substntl  below retl  cse wholesle  fee  chrge  cost receve dscount coupon  our sponsor provde  our subscrber  free chrge    20 solctton sle  opportunty sve money product servce entre fmly enjoy fee chrge  subscrber   20 offer  dscount follow type goods   20 tool  knd tool  lfetme wrrnty  goods one bggest best retler country  locton cross unte stte   20 coupon  sve everythng ol chnge bttery tre   20 weekend fmly  dscount coupon theter  ttrcton  musement   20 trvel dscount lodge  pln trp  receve dscount cruse lne  uto rentl  mountntop bech resort entre fmly   20 sve specl lmt edton book  clothe  collectble  currently negotte led mnufcturer chld s teen clothe wholesle prce  20 blck forest cuckoo clock  mport germny  prce 25  40  less retl  one wrrnty   20 computer upgrde need  s svngs  40  off retl current stte rt equpment  outdte phse goods   20 home furnshngs  one our sponsor premer producer tbletop fountn gftwre  our subscrber receve wholesle prcng   20 cmp  outdoor equpment  30  below retl  ntonlly product  everythng sleep bg cookstove tent  lfetme wrrnty product   20 our newsletter delver ech occson svngs opportunty fmly  opportunty sve money gret product dscount prce  free  chrge fee subscrber   20 fee  subscrber  cost sponsor py   20 dvntge svng dscount offer   20 s esy  send eml subscrbe notfy  vum eml our best money sve offer  dscount coupon   20 our nvtton subsequent offer nterest  plese nform us respond  remove  20 request honor mmedtely   20 pledge our subscrber   20 1  vlble prty under crcumstnce reply ddress  nformton hold strctest  20 confdence   20 2  product vlble  subscrber  ntend  20 household  chld   20 3  product dscount retl  ether prce  20 coupon   20 follow nformton request mndtory  however choose provde nme town stte   hope  opportunty loclze our offer stte town  lve york  dscount tcket theter  zoo  money sve coupon ccommodton ctskll  locton ble better serve  subscrber   20 tell frend  wonderful opportunty fmly sve money   20 subscrpton request repet  plese jon us tody  strt sve money   20  20 our frst newsletter schedule delver two week   20 chrstms shop   20  20  20  20  20  20  20  20  20
internet  finance  top  earning  top  investment,N/A,specl  work home  sell successfully ern tx  free brndnew mercede convertble detl bottom pge                               ern 12  p   prvte nvestment   ffordble everybody  mnmum mount strt us  500 bullsht  mlm  scheme  nvestment offer fully collterlze                                re fund expnd busness  prvte plcement soluton  contct us detl                                wnt receve free nsder nformton   ngerum connecton  trde bnk gurntee  frudulent fnnce broker yes send fx eml ddress 0033387902188                                specl         person negotte successfully sle old 34 old compny rel estte swtzerlnd vlue us  2  0  0  sle prce us  1  200  0  rewrd 10  commsson sle prce brndnew mercede convertble  shp wthout cost destnton worldwde   compny del rch ndvdul   wnt estblsh bse europe  move fund sfest plce world   develop pprtment block  pply fx 0033387902188 receve extensve colour sle prospectus
strike iron hot ,N/A,hello nme wyne   probbly need ern extr ncome  help  lern secret ern money through nternet  ern helthy ncome fter 90 dy  comfort home    meetngs ttend   sellng   products stock   free web ste   free fx demnd   compny dvertses sponsors   depend frends  fmly   250  0 crd deck mlngs monthly   170  0 full color brochures sent   proven 1  6 mllon vsted web pge   hedches  hssles  work  progrm s   chn letter  pyrmd scheme  phone cll  contct  peddle product  scm  con trck plese mnute vst our web ste   scroll bottom clck bnner  clck here pologze nconvenence  ntenton  thnk  wyne remove our ml lst plese clck here
sum  bann german   english ,seegmiller@apollo,
gls 1995 schedule  update 1  19  95 ,gl@guvax,
early registration deadline  cimql,cimql@stats,
need     ,joe@isp,
esl child cut off native language  insight ,lojbab@access,
n  ary v  binary,N/A,lloyd nderson sk nry  n greter 2  comprson ever worse bnry  consder problem hed tl toss con  chnce two con  stnd two lnguge obvously  both sme   e   both hed both tl  toss once  snce four possble outcome bnry toss  nmely  hh  ht  tt  th  two where both sme  chnce 50   consder hppen toss three con  stnd three lnguge   snce con two sde  ech possble outcome lest two con sme  chnce 2 3 sme  correspond let two three lnguge gree somethng relte  100   mens vld test reltedness   course  wnt 3 3 sme  stuton drstclly dfferent  lngustcs nry comprson never knowledge nvolve requrement  however  reson nry comprson poorly here   two possble outcome per lnguge   e   lnguge two vrety   b  number lnguge compre smll  three     prt one where rel lngustc pplcton drstclly dfferent our lttle contoss gme  snce lnguge reltonshp  hundred thousnd mybe even possblty  two  phonologcl shpe morpheme mostly  llow lot possblty  lest thousnd   rel stuton lone nsure nry comprson better bnry  true ncrese number con  lnguge   b   sme effect  stll creful  mn concern n lnguge compre must worry mny n requre gree number too smll   gn chnce tend over   rse queston  publsh work compre lnguge explctly clculte number  rght   lexs mr
95  8 capital fm,N/A,http    cptlfm  com 17th feb 3rd mr   lve revews  sheryl crow  robbe wllm corr   grmmy wrds  pop  wrd speech feb 24   b  wtched  prevew book   wnnng lnes  guess song wn brts vdeo   releses  mdonn  ln gret musc   showtme  e17  cher mrtne mccutcheon r   dj  tp top   edde zzrd  wn tcket                                                             lve revews  sheryl crow  robbe wllm corr  sprng str stge  sheryl crow s uk gg round  golden boy robbe follow mze run brts lve gg wembley corr bck london ren fter wn best nterntonl group brts   grmmy wrd  pop  wrd speech feb 24  s gn  us brng stop str  keep dte wnner loser mze cd offer grmmy nomnte rtst  keep bck nt mss   b  wtched  prevew book  offcl book relese untl mddle prl  s  publsh excerpt book every week strt thursdy februry 18  frst red   wnnng lnes  guess song wn brts vdeo  our weekly  wnn lne  competton gret prze grb week  offcl brts vdeo yours lyrc   releses  mdonn  ln gret musc  lwy  keep dte musc  hevy weght rtst mdonn  ln  step  egle eye cherry cleoptr wegh song   showtme  e17  cher mrtne mccutcheon r  showtme next  e17  cher  mrtne mccutcheon  jerry sprnger kthy burke  showtme r run mondy tll frdy 7  30  8pm 95  8 cptl fm  showtme onlne vlble 24 hour dy  tune  log mss   dj  tp top  our superstr djs tp jon rnk top  week chr trrnt nsde scoop mrch 1 our own dr  fox spll ben  mss wnt rdo   edde zzrd  wn tcket london show  dress kll   wtch ste next week chnce free lugh  much  much http    cptlfm  com                                                           nt wnt receve eml  clck follow lnk remove ddress our ml lst  http    cptlfm  com  unsubscrbe                                                           dvertsement best brew beverge  s dfferent    s delcous yours  free  s nonlcoholc brew beverge pure frut brley fresh tste   clck below wn cse phone hotlne bbsod delver drectly door  http    cptlfm  com  bbsod                                                            dvertsement pste  fresh snow  pck powder snow  check skus report  180 resort updte 3 dy  lwy keep dte del snow condton  nt tkeoff wthout  http    cptlfm  com  cgbn 3  webobject  skwether                                                           dvertsement bet musc mestro wn our fntsy record lbel gme  here s chnce prove rep rewrd  our top twxter wlk wy elonex webrder pc  ply twx  buddy bet   hurry  sooner strt  better chnce wn  http    www  fntsyrecordlbel  com
gls 1995  development discourse analysis,gl@guvax,
language resource evaluation,velardus@dsus,
re  3  370 query  computer resource  dialect map,N/A,jne tng sk reference  lose  grmmtcl ntuton  though lngust  study publsh journl psycholngustc reserch  17  1  117   hroshus ng  reltvty lngustc ntuton  effect repetton grmmtclty judgement   conclude  lngustc ntuton revel grmmtclty judgement bsolute  reltve esly nfluence repetton vrble  embed context   rndy lpollum nsttute hstory  phlology cdemum snc  twn
proofread medieval e  text,N/A,humnst dscusson group  vol  5   0856  mondy  27 pr 1992  seek volunteer proofred trnscrpton ttch lst medevl text  prepre  rchvo dgtl de mnuscrto y texto espn    ole    dmyte    cdrom dsk publsh summer socedd esttl qunto centenro  ddton severl hundr medevl text trnscrbe ccord norm  mnul mnuscrpt trnscrpton dctonry old spnsh lnguge   4th ed   mdson  1986   dsk contn specl verson tct  text nlyss retrevl progrm u  toronto   bblogrphy old spnsh text   unte  progrm computerssst textul crtcsm  vlble text represent nterest crosssecton medevl spnsh lterry culture   hstory lfonsne trdton medcl legl work trnslton clssc medevl lterture  provde   photocopy orgnl ms prnt edton  prntout trnscrpton  electronc verson trnscrpton  copy mdson  mnul  menton bove  copy specl verson tct 200  pge mnul prtcpnt project receve full credt work  dmyte    menton stsfcton help brng fruton one most mportnt scholrly project quncentenry  lst de lo texto cstellno que se hn trnscrto expresmente pr dmyte  ctulmente obrn en m poder y est    n lsto pr corregr  brevtur bnm  mdrd  bblotec nconl bu  bblotec unverstrum esc   escorl  monstero cundo se tr de vro texto dentro de un msmo ms o edco    n  se hn grupdo bjo l sgntur del volumn que lo contene  l fnl de cd texto se ndc su tmn    o o en  byte  o en folo  lfonso mrtus    nez de toledo  nvenconro  bnm 9219  126 ff   trnscr  p  gercke  cro    nc de 1344  prte   mdrd  zb    lburu 11109  ff  1r  107  1  33 mb   lsto pr corregr   trnscr  j  d cruz  domngo mrco dur    n  lux bellum  mpreso sevllum  1492  bnm 2165  6 ff   mu   s c   trnscr  d  burton  domngo mrco dur    n  glos sobre lux bellum  mpreso slmnc  1498  617  bnm 2165  38 ff   mu   s c   trnscr  d  burton  fuero de l novener  slmnc bu 2652  ff  140r  156v  trnscr  f  wltmn  bnm 2157  mpreso zrgoz  c  1490  trnscr  h  torr   thom kemp  mtto chrstus  ff  2r  o2r jen gerson  de medttone cord  ff  o3r  o9v pblo de snt mrus     sum de l cro    nc de espn     esc  h    22  ff  52r  98v  trnscr  j  kreger  seudo  sn bernrdo  nfncum del slvdor  mpreso burgo  jun de burgo  c  1495  bnm 1424  279 kb   e relmente un trducco    n de l medttone de seudo  gustus    n   trnscr  f  wltmn
win free trip antigua,remove@kingscasino,
cfp  recent advances nlp,kivs@bgearn,
right tool  valuable resource ,N/A,rumor re true                                    s true  lot  money  mrket web  potentl rech mllon  nternet drem true   those tool  why wnt tell onlne success  onlne success outstnd nternet mrket resource center provde tool trn necessry csh huge proft  plus  support every step stff hghly experence nternet mrketer    tool need      trn need      support need      lern nsde secret      estblsh own hghly proftble onlne mrketplce  yours free  fct  onlne success even py dvntge ncredble resource        m kd   kren flower ref  109 http    209  84  246  175  osg  109  ye possble money net
re  ter meulen s review,reboul@lorium,
site,N/A,fter red nternet pge  wonder nterest  memorble lphnumerc 455 4 glsgow 08700 scotlnd  telephone number  esly remember customer   mrket cmpgn  nterest plese cll 3584 750750    sorry contct   20
 320  est ,sstraigh@bingsun,
job  university utah,dipaolo@anthro,
re  8  792  disc  grammar uk school   response,N/A,fscnte geoffrey smpson s defense trdtonl eductonl lnguge stndrd  cnnot resst comment pont   seem tech correct usge   stndrd termnology element grmmr punctuton   blty remedy forml error fulty prose exctly knd  thng need tech re secondryschool  level  school pupl tech engge   explct  systemtc reflecton  lnguge  strke kn suggest techer  french forget tech pst prtcple  vvre   fvour pupl develop consder opnon  theory derrd  even ssume type cogntve  chevement worthwhle prncple  qute mprctcl  verge secondryschool clss ttn  sett sde possble mplcton eltsm phrse   verge  secondryschool clss   vew chrge  mprctclty  suspcon  snce typcl dsmss nnovton  mens  s nce s  lredy dentfy prorty   re trouble through   cf  money nvestgte  socl  cuse crme  s much hrdly keep demnd prson   s top prorty  nythng else  thnks nywy  nevertheless  prncple put off  red why top prorty  dsppont  though rtonle offer seem predctble  rguble   need lern wrte ntonl lnguge ccurtely  much modern lfe depend complex wrte communcton   prose full unsystemtc devton conventon  nterfere successful communcton  drty wndow nterfere  successful vson   messge lose md problem  medum  need termnology tlk bt  pece lnguge  cr mechnc need nme  prt motor  order provde pprtus  wrong cure prose nt  work   sound resonble  ndeed fvor student thng  fct  prescrptve grmmtcl termnology nlyss set foundton even lngust  engge explct  systemtc reflecton lnguge  nmely  lngust strt trdtonl ctegory  explore motvton dscuss where seem ndequte dequte  vew whtever lrger lngustc fct brng ber whtever problem trdtonl grmmr    relse  course  geoff rgue   wonder trdtonl grmmtcl nlyss etc  ether necessry suffcent effectve  complex communcton   probbly nobody defend  suffcent  condton vew much obscure  ncomprehensble   though  grmmtclly  flwless  stndrd wrte  wonder necessry  condton    ble nlyse mtte stndrd wrte  s stndrd dfferent  nturl  lnguge  frst lern type    lest  professonl  cretve wrter  ctully wre key element style  e  g   one effectve even con nomnl compound  show recognton chrcterstc style menton   thus  chllenge noton stndrd necesrly demnd certn context  present  esp  gret logcl thng s generlly portry  s gonn solve those  communcton  problem lrm englsh publsher snce cxton  even   explctly  tech   mybe lot techer screw tech  grmmr   s where lot student compln rremedbly bore wnt hell clssroom   even lngustcs populr  mny student nt erler turn off  grmmr     beyond  though  tech orthogrphy grmmr school level  much broder eductonl vlue  one lesson  lern nothng bg worthwhle ever cheve  lfe wthout creful ttenton endless tedous often rbtrry  detl  cnt better domn lern lesson  orthogrphy grmmr one s ntonl lnguge  contn  tedous detl  relte mterl surround  chld everydy lfe  dscplne  morl fbre  rgument  dtch ttempt enforce uthortrnsm  frend mne  englsh techer observe  supervsor mbtous mn  stckler dscplne  nght school student wer ht clss  supervsor  frend techer tell one reclctrnt student once  nght school dults   student off put rght bck  frend  s   m here tech englsh  s bother nybody else   m suck uthorty gme  school chld full petty dscplne thng nsst upon long lern  subject   obednce mportnt understnd  rgument dscplne obedence led understnd  rgument  cf  lern declenson conjugton before pproch text   often techer nt even why somethng nsst  obey  else uthortrn structure collpse  supervsor down   lot kd resent school  probbly sme one ctully cuse dsturbnce  cnt control themselve somehow   s nyone unfmlr chldhood  m refer  bsclly  dscplne  rgument  seem rgument  student mster stndrd englsh demonstrte blty  necessrly nclnton  follow reltvely complex orders routne  therefore consder cpble poston herrchy where follow frly complex order consder necessry  lest desrble   lttle wonder ctully cll behvorl skll  morlty   queston geoff s rtonle wthout queston vew   brtsh  cvlzton   s quote messge   nt    benjus
shor,turcolog@mzdmza,
 320  est ,N/A,ntensty recent postng lnguge polcy leve lttle worry   wn menton nme  support englsh  polcy us  certnly hope  home lnguge spnsh    consder volton lngustc humn rghts force englsh stuton where requre nothng lw  mchel w  plmer mellon reserch fellow deprtment lngustc unversty north croln chpel hll
win porsche politically empower internet user  293 ,N/A,wn 1999 porsche crrer help nonproft orgnzton poltclly empower nternet user  obtn fct  wn porsche  ste below clck  http    nonproft2  org  rffle  howtown  htm                                               38105
grammar school,dick@ling,
corpus  base statistical nlp,ec@c,
summary  word,"$@""",
usd    cash is king  secret reports  ,N/A,s    s e e n us n t o n l t  v                                           usdollrs   csh s kng        progrm  ve red news ltely  ultmte c  h nternet busness    verge  lttle  person stll heps usd       s csh  seen before  why re seeng gn     relly works  try   due populrty progrm nternet  mjor nghtly news progrm recently devote entre show nvestgton progrm descrbe below  relly money  show nvestgte whether progrm legl  fndng proved once re bsolutely lws prohbt prtcpton progrm  help show smple  hrmless fun extr c  h money home  result show truly remrkble  mny prtcpte those nvolve  much better ever before  snce everyone try  excte prt ltely  understnd once experence   here s below  her story before  over summer donld trump ppernce dvd lettermn show  dve sk lose everythng strt over scrtch  wthout hestte  trump network mrket opportunty work  udence strt hoot boo  udence dedpn response  s why  m st here st   s rel                                                enclose f r e e nformton esest  c  h  repet     c  h     home busness ever   prnt sve fle reference                                             legtmte mrket money opportunty  totl control yourself  receve csh front  s bsolutely  postvely legl   gnore nyone syng dfferent  s legl      l  e  g   l requre contct  hrd work  best  never leve house  except ml          customers py u  s  dollrs csh      ml    computer nternet re key     s  mny over  demonstrte prove blty generte lrge mount csh  progrm show fntstc ppel huge evergrow onlne populton desrous ddtonl ncome  rely  orgnzton  round py commsson   confuse computer dsc progrm unlock code  confuse mlm mtrx type scheme bffle quntum mthemtcn        forget   s smple successful            relly works    mlm busness level nvolvement effort nvolvement efforts customers determne much  fgures shown re exmples  less  whole lot  plese re  red mportnt messge few tmes sure follow  s complcted   few mnutes        relly works 100  every                                              strt usd  20  twenty dollrs   20 totl outly ever      potentl ncome return exceptonl                                                bsclly   multlevel busness  buld our busness recrut prtner sell our product  every stte us most country llow recrut multlevel busness prtner  offer product every dollr send  s rch quck scheme  chn letter  s legtmte mult level mrketng busness promote operte effcently v nternet   dvertse bulk eml customers send orders  csh snl ml  products sell re seres four  4  specl fnncl busness reports  reprntng resellng rghts  nformton reports hs been reserched s vluble mny busness pplctons  orders snl ml re flled through eml  preferbly  qucker  snl ml  nvolve personl sell type fce fce meetng  busness prvtely own home  store offce vum eml snl ml  gret multus  level ml order mrket opportunty  step  1  order four 4 reports lst nme number  order report ech four 4 nme lst below  ech report  send us  5 csh selfddressed  stmped envelope  busness sze  10  pprox  22cm x 11cm 4  5 nch x 8  5 nch  person lst specfc report      except sendng nother country                                               re sendng nother country report  must nclude  2 extr postge plce stmped envelope   nclude self ddress envelope wthout stmp                                              wrp  5    2 nterntonl  csh letter orderng specfc report nme number  mportnt securty    choose reports bck eml preferbly  s lot qucker                                              wnt report emled   plese stte enclose eml ddress  stll send stmped self ddress envelope extr  2  nterntonl  non stmp envelope  sender opton eml snl ml                                                     essentl specfy nme number report request person order  need four 4 reports reprntng resellng  mportnt  lwy provde smedy servce order           step  2  replce nme ddress under report  1 yours  move one down report  2  drop nme ddress under report  2 report  3  move one report  4  nme ddress under report  4 drop lst prty hs doubt mde serous      s  mportnt   lter nme lst next ech report  sequence lst  nstruct lose mjorty proft  once understnd work   ll nt work chnge  remember  method test  lter  work   certn type nme ddress ccurtely  mx movng product  report postons    step  3  requre chnge nme lst  sve letter text   txt  fle s own drectory whtever bulk eml progrm  gn     report  3 tell best method bulk eml cqure eml lst  step  4  eml copy entre progrm one re redng here   mportnt  everyone nyone whose eml ddress hnd        repet eml nyone everyone  mgnton  eml ddress compny nternet speclze eml ml lst  chep  mllons ddress round  190 less  own eml extrctor progrm  better   mportnt  wn response old lst  lwy request sk fresh  lst  where purchse lst order four 4 reports                    requred reports                  order ech report number nme        mportnt   red     lwys send selfddressed  stmped envelope  5 csh u  s  funds ech order requestng specfc report nme number  plus extr  2 nterntonl postge     specfy wnt emled ncludng eml ddress  lwys sure us  5 csh    2 nterntonl postge  s wrpped letter securty                                                    report  1   250  0 through multlevel sles  order report  1  vlhllum publcton dept  smm197 p  o  box 189 s190 46 stockholm  rlnd sweden                                                 report  2  mjor corportons multlevel sles  order report  2  jxxo report letterbox  2 p  o  box 189 s190 46 stockholm  rlnd sweden                                                 report  3  sources best mlng lsts  order report  3  cj mrket mlbox  3 p  o  box 189 s190 46 stockholm  rlnd sweden                                                 report  4  evlutng multlevel sles plns  order report  4  cybernet publsh mldrop  4 p  o  box 189 s190 46 stockholm  rlnd sweden                                             here  s exmple mzng mlm pln  money                 let s decde strt smll  ssume gol 20 sle report  1  let s ssume everyone else downlne   s ech those frst 20 10 order ech respectve report  follow exmple stggerng result below  report  1   20 order  5   100 report  2   10 order ech those 20  200 x  5    1  0 report  3   10 order ech those 200  2  0 x  5    10  0 report  4   10 order ech those 2  0  20  0 x  5    100  0 totls              111  100 remember  ssume prtcpte 10 sle ech respectve report  dbe moment hppen everyone 20 sle ech  relly 100 s sle   numbers yourself    scry huh  lterntvely  number 20 order everyone else 5 order ech        16  500 nothng sneeze                                               enjoy 100  csh ncome send progrm  too  money 3 20 dy  dependng speed snl ml   follow smple steps outlne ml  fnnclly ndependent free  free fnncl decson never before  busness  nvestment  retre vcton  longer lck money hold bck  buy need cr  help fmly  own home  those extenson home       whtever     however  few rech fnncl ndependence  opportunty knock  choose gnore  much eser    yes   queston must nswer  gnore mze opportunty dvntge  nothng  ndeed mss somethng nothng chnge  thousnd progrm   rse cptl strt own busness  py off debt  buy home  cr  etc    dne often   those tooth cp    even retre  chnce  plese nt pss  plese rered mterl  s specl opportunty    method smple  sell thousnd product  5 cost penny produce eml  pont gn mlm progrm legl every person prtcpte money  offer legtmte vluble useful product customer  fter purchse product  reproduce resell  s smple free enterprse  lern enclose mterl  product seres four 4 fnncl busness reports  nformton contn reports help prtcpton progrm rewrd  useful mny busness decson hed  buy rghts reprnt reports  order those whom ml eml progrm   cost prtcpte prctclly nothng  obvously lredy nternet connecton eml free     prt r  report  3 show best method bulk eml purchse eml lst  best method sendng purchsed reports bck customers s eml   purchsers certn nclude eml ddresses receve reports   best wsh progrm luck  remember  pprox  200  0 onlne weekly  never ever run potentl customer  order reports    beleve ncome potentl                                             personl note orgntor progrm                         red enclose nformton over enclose progrm report  conclude progrm  crete mteur  let tell lttle myself  proftble busness mny  1979 busness begn fll off  sme thng prevously successful  nt work  fnlly fgure  nt  economy  nflton recesson hs replce stble economy us snce 1945  nt tell hs hppen unemployment rte    mny frst hnd experence  been flure bnkruptcy ever before  ge computerzton hs dded jobs dspperng  mddle clss vnsh  those nvest wsely move  those  nclude those never nythng sve nvest  move down rnk poor    rch rcher poor poorer   trdtonl method money never llow  move   rch   nflton deflton txton  receve nformton fnncl freedom   rsk   lttle bt effort     c  h   money next few months ever mgned   here  s chnce ge computerzton lmtless opportuntes nternet relly work     follow progrm exctly nstructed  chnge  work exceedngly  remember eml copy excte progrm re redng everyone  one send send 500  0 2 mllon     nme every one  remember  send  potentl customer rech  s pure numbers busness   frend  de  nformton  mterl  opportunty become fnnclly better off  s   totl rsk  20       much spend lotto tckets per week  return      w h t d o y o u h v e t o l o s e                                                          testmonls  s truly mzng  nme frnk  wfe dor lve bel  r  md  cost ccountnt mjor u  s  corporton pretty money  receve progrm grumble dor receve  junk ml   fun whole thng  spout knowledge populton percentge nvolve    nt work  dor totlly gnore suppose ntellgence jump both foot  mercless fun  redy ly old  tell  thng nt work     lugh  wthn 14 dys receve over 50 response report  1  wthn 45 dy receve over  147  200  5 bll  stun  sure fgure nt work    m belever  jon dor  lttle  hobby  seven untl retrement   rt rce  s    owe smple ncredble mlm progrm  frnk t   bel  r  md wnt pss long best wsh encourgement  doubt vnsh frst order  relly works    pul johnson  rlegh  nc relstc moneymke offer  ve ever receve  prtcpte pln truly sense  surprse  5 bll strt fll ml box  tper off receve over 8  0 order over  40  0 csh  dozen send wrm personl note too  shre news fortune  s wonderful  crl wnslow tuls  ok mn reson letter convnce system honest  lwful  extremely proftble  lrge mount money short  pproch severl before check  jon one expect return mnml effort money requre  ntlly let one orgnzton ttorney  stonshment  receve  36  470 frst 14 week  money stll  sncerely yours  phllp  brown pln work gngbusters    fr 9  735 totl order    over  48  0    hope sprk own exctement  follow progrm exctly  sme success  better  success rght round corner  must lttle work  luck  g  bnk gmble type  severl week mnd prtcpte pln  conservtve decde ntl nvestment lttle nt enough order lest money bck  boy surprse medumsze post offce box crm order  fter overlod strt pck ml wndow   ll money lfe before  nce thng del nt mtter where u  s  world mtter  lve  smply nt better nvestment fster return  mry rocklnd  lnse  m receve progrm before  delete  lter wonder nt try  course  de contct nother copy  wt untl eml nother progrm   11 month pss    nt delete one      41  0 frst try   d  wlburn  munce  thrd prtcpte pln  qut our job  qute soon buy home bech lve off nterest our money  erth pln work s   ske  fmly s ske nt pss golden opportunty  luck hppy spend  chrle frchld  spokne  w                        tps success                        send four 4 reports mmedtely order strt                                     whle wt reports rrve                                              1  nme busness  cll nythng wsh  2  post offce box  prefer   3  edt nme ddress progrm  must remember  nme ddress next report  1 move down one  fourth one bump off lst  4  obtn mny eml ddress possble send untl receve nformton ml lst compny report  3  5  decde number progrm ntend send  send  qucker send  money  suggest lest 100  0 plus bulk eml ntlly  need  wnt relly bg busness  send 500  0  send    don  t forget  fresh trgeted lsts   6  fter ml progrm  redy fll order  check pont gurntees success smply  must receve lest 20 order report  1  s must    nt wthn two week  eml progrm untl  couple week lter receve lest 100 order report  2  s must    nt  send progrm untl  once receve 100 order report  2   deep breth  st bck relx        wnt  lest  50  0 csh  mthemtclly prove gurntee  those prtcpte progrm rech bove gurntees  rech  50  0 gol   remember  every nme move down lst front dfferent report  keep trck progrm order   s esy  relly  s    g o f o r t  g o o d l u c k                                                       ps  don  t forget nclude extr  2 csh nterntonl postge re orderng report someone nother country                                                     gn  much spend lotto tckets weekly  0 return
,N/A,10  27  98 y2k soluton  8 pne crcle dr   slcon vlley  clf  otc compny  tcfg  21 st  century fronter group through severl member dmnstrtve reserch deprtment lek vtl nformton compny effort    everyone tght lp ntervew refuse  through unnme source lern technology softwre soluton process ptent  over 1640 trl  vrous dtum system technology softwre solve y2k problem 100   smll publcly trde compny  tcfg  3 old through vrous source negotte  bg boy    tcfg  letter
a12 win free tri p arround wor,N/A,messge compose extrctor pro bulk e  ml softwre   20 wsh remove dvertser s future mlng  plese  reply  20 subject  remove  softwre utomtclly block  future mlng                                                                                   enter super novum sweepstke    wn free gmblng vcton two gretest csnos round world    clck rght here  rght  frst stop  ls veg  enjoy luxurous sty ls veg strp where fbulous entertnment exceptonl dne  second stop  sun cty  rejoce spendor south frcn resort town whle gmble fr southern hemsphere  fnl stop  monco  world s most europen cty  where  ll gmble relx mdst royl splendor  totl   ll 11 nght 12 dy luxurous entertnment gmble most spectculr csno world offer  enter  clck rght here  rght  wt      eml
comparative slavic morphosyntax,slavconf@indiana,
4th nottingham international systemic workshop,N/A,fourth nottnghm nterntonl systemc workshop provsonl progrmme keynote speker  john swle  mchgn   genre contrbutor  ktj pelsmeker  ntwerp   spect genre perspectve trnslton bll greve  toronto   spek dmenson genre glenn stllr  ontro   modelnstnce perspectve genre mrt crretero  mdrd   nfluence genre modlty frncsc gonzlez  cordob   nterlnu development communctve competence nn  chrlotte lndeberg  helsnkus   reserch rtcle economc scence frncesc brgelum  nottnghm   busness meetn genre zvelus lwtm  dr e slm   cdemc lecture poltcl hrngue kswhlus tm gbson  nottnghm   theme one mens dfferentte between subgenr bstrct gnco vzquez  zrgoz   genre theory trnslton mr gonzlez  sntgo   theme ntl poston relevnce  mrgret berry  nottnghm   genre  regster mujb rhmn  ednburh   evluton  cr  model r ntroducton crolne stnton  nottnghm   genrebse pproch understnd rhetorcl dmenson dscourse dvd hlborn  nottnghm   problem genredefnton lturcl dscourse jesus trllo  mdrd   contnutve theme orl dscourse susn cockcroft  nottnghm   persude chrstopher tylor  udne   sl trnslton m  hzdh  selngor   exchnge element topcfrmework drk noel  ntwerp   conjuncton reconsder geert crp  leuven   themtc progresson nlyss reconsder donyss goutso  brmnghm   spect hlldy s noton theme pplcton greek drn hbe  selngor   modlty lw text sr mll  loughborough   gender lnguge further nformton regstrton wrte  hlry hller deprtment englsh study unversty nottnghm ng7 2rd uk fx   44 602 420 825 telephone   44 602 484848
2nd issue contragram www,noel@rug,
lucky ,mailinbox88@usa,
disc  grammar uk school,N/A,forwrd messge                 recently receve  rther roundbout route  few contrbuton dscusson  nt  therefore  everythng  tech dvnce level englsh lnguge  seprte course englsh lterture  sxth form college   e  student ge 16   us 80  dfferent school  wde rnge prevous eductonl experence  fr rrve tech vod splt nfntve end sentence preposton  most rrve never tech nfntve preposton  lck  resonbly precse vocbulry nlyss  refer lrry rosenwld contrbuton 5 june  tech termnology scrtch   bed down  fmlr bsc grmmtcl concept much erler ge  few dy go  spend whole lesson tech student dstngush between ctve pssve verb  somethng myself esly ge 12  thnks  oldfshon  grmmr tech receve  wnt try old exm queston where knowledge help two text hrder young chld red  end nurse through  exercse  much work  next lesson  nother old exm queston extrct  nml frm  nlyse lght orwell s own suggeston  mongst  one prefer ctve pssve  mny student long decde verb ctve pssve wrte nlyss  recur problem course student struggle hgherorder nlyss lck lowerorder skll  techer pst lest grce tech chld recognse nfntve preposton  descrbe before prescrbe proscrbe   however  most techer seem nxous vod prescrpton proscrpton vod even descrpton  lrry rosenwld  prescrptvst  descrptvst dchotomy too fr  jennfer chew                                                                           end forwrd messge
silliness eskimo snow,*@#,
sum  imperative without subject,tb0nrn1@mv,
change journal language,ed@sunysb,
free software   ,N/A,hello   20 everythng need send bulk eml ncludes regstered eml pltnum need sendng bulk eml  promotng  serch promotonl tp downlne member  mostly  center round promote bulk eml  responsbly  fnlly upon ste servce provde need  http    www  eznenfo  com d  1363 check yourself  bulk eml softwre  eml pltnum free e  ml ddress downlodlot  em  fresh 100  0  s sort tp free softwre lern bulk eml sgnup  plese d  1363 best  wsh remove   ml lst  plese ht reply  type  remove   20 subject feld  body   our server utomtclly  remove our lst wthn 24hr  thnkyou
re  3  378 korean  l2  psycholinguistic  german,tobypaff@pucc,
help loan   ,N/A,subject  re  re debt  help  qulfy fngertp long dstnce cll trvel pln rrnge  free lon evluton  http    209  84  246  173  151  html herehttp    www  bzmn  tj  mcp  151  html mercn cptl mortgge servce  speclze help homeowner estblsh one esy low monthly pyment dd beneft need equty home  mercn cptl constntly work lender throughout u  s  provde best nterest rte possble  number dfferent compny work cost ever  smply referrl gency  our d lon 125  vlue home  100  0  0 even equty home  upfront dvnce fee knd  pprove wthn 24 hour csh one week  order us provde free lon evluton  plese  http    209  84  246  173  151  htmlor herehttp    www  bzmn  tj  mcp  151  html put us test help  kndest regrd
public service notification,N/A,notfcton     government report ndcte personl bnkruptcy recently ncrese 300    frend  reltve consder possblty bnkruptcy      before spend hundred thousnd dollr ttorney  urge vst webste  http    server8  hypermrt  net  bnkm  99     mercn bnkruptcy prepre personl bnkruptcy petton     99  lfe short  yourself brek  fresh strt  99  need reply remove ml  pursunt propose federl legslton  notfy once  thnk thoughtful consderton  mercn bnkruptcy
word own opposite,ga5123@siucvmb,
second cfp tsm  95,tsm@irit,
lat  amer  indian lit  symposium,randerso@sanac,
dirt cheap hard drives     ,N/A,messge comply bulk eml lw  sender  hl smlltlker  nc  268 bush street  3302 sn frncsco  c 94104 u  s   fx  925432  9904 24 hr wsh remove dvertser s future mlng  plese enter eml ddress http    207  55  200  4  remove softwre utomtclly block future mlng                                                                                  vst http    207  55  200  4 gret web host dels          buy de hrd drve less  10   20   30   40   50  less possble    drve stll mnufcturer s sttcfree bg  most drve drve sell redculously low prce    bsolutely mze    de hrd drve  ve lwy wnt rght tody          16 de hrd drve stock redy shp   mxtor 2  5 gb    1 e  sk  100  0 best offer   western dgtl 2  5 gb    3 e  sk  100  0 best offer   mxtor 5 gb    4 e  sk  150  0 best offer   mxtor 6 gb    1 e  sk  150  0 best offer   western dgtl 6 gb    1 e  sk  150  0 best offer   mxtor 7 gb    2 e  sk  175  0 best offer   mxtor 8 gb    4 e  sk  175  0 best offer  our sk prce too hgh  problem  us offer fx order long photocopy csher check money order  ll set drve sde lone  frst frst serve   resonble  offer refuse  order tody      free shp  p  o  box plese  vum ups  prnt order form shp                                     nme                                             ddress                                         cty                                               stte                   zp                      eml                                   nt dely  hrd drves won  t long                                                                              ml pyment cshers check money order personl check                       us funds   hl smlltlker  nc  268 bush street  3302 sn frncsco  c 94104 u  s   fx  1925  4329904  24x7   fx order ml pyment  thnk knd ttenton  nce dy                                                                    vst http    207  55  200  4 gret web host dels          non  spm                                                               spm lmost   sp world wnt 24 hr dy bsolute nonymty  nobody ever sp unless tell mens nternet ccount non  spm never cncel spm ctvty  sound too true    yeh   ve her before never work     ve edge those huckster nt    non  spm desgn hghly trn tem professonl network engneer computer progrmmer rgorously test under every condton possble prove 100  effectve hde dentty sp send eml  need proof  heder top eml  turnon rght opton eml clent heder    where eml  gn                fter fx pyment rrve  ll send complete detl hnd non  spm too begn ml spm 100  nonymously            order tody      free shp  p  o  box plese  vum ups  prnt order form shp                                     nme                                             ddress                                         cty                                               stte                   zp                      eml                                   nt dely  hrd drves won  t long                                                                              ml pyment  199  0 cshers check money order personl check                       us funds   hl smlltlker  nc  268 bush street  3302 sn frncsco  c 94104 u  s   fx  1925  4329904  24x7   fx order ml pyment  thnk knd ttenton  nce dy                                                                    vst http    207  55  200  4 gret web host dels          url submtted 590  serch engnes                                                               100 hot web stes 11pm free lnks 1313 mockngbrd lne lnk 1999 free clssfeds 1stop bz drectory 2hvefun ff lnk 4u2 germn ff 5 str ds ff ndex 7 wonder web kd s world lnk street ff lnks  bzop s best 4ll lnk  drectory  world nnounce 1 bz drectory bled newlnk cdemy ff lnk ce nternet drectory cgom ff lnk dms ff lnks dd free dd web lk ddste lnk ddweb serch d  lnk dtbse dm cty lnk dobe trde post ds enterprse ff lnk erod ff web drectory frc  lne clssfy d frcn mercn ff frus  scope s onlne clssfeds jh ff lnk book ldn de drectory ldn lnk lcnc ltnoweb blngul clssfed lgo net lnk one serch engne llesklr de web drectory lt vst lt vst ustrlum ltvst cnd me drectory merc shoppng mll drectory mercn busness drectory mercnet  com clssfy d mercnet  com comercl clssfed mercnnet ff lnks drectory mnet ff web ndex morgo promoton ff lnk drectory morn web lnk ms computer ff lnk ms lnk nont web lnk nzwer ol netfnd  pge ff lnks p lnk pc lnk pple 2 net drectory pplepe ff lnks rgo nv free lnk rnn rkesnus ff lnk rkg lnk rt conx lnk rt mker lnk rtesn ff lnk s lnks s trdemrt clssfeds sm ff lnks drectory tt toll free drectory trm lnk tl desgn ff lnk ustrl ff lnks ustrum nnotte lnk ustronut uto lnk drectory bckyrd mech ff lnks bobb  s ste ndex beehve web drectory bendorm serch engne beryldshnnon net lnks better busness ff lnk bewoner lnk bgude serch bll lnk bo drectory bz delh web drectory bz uk bzlnk free drectory bluechp nternet free lnk pge boulder colo drectory brn s dd lnk pge bronze door drectory bryn ff drectory bsn tln lnk buldnet drectory busness ssstnce drectory busness opportunty ff lnk drectory busness seeks drectory c3ntr drectory clfsh lnk lnk drectory crdnl eng  ff lnk creerpro web drectory ctch wve ff drectory cbv chn cd net drectory cg nterntonl lnk cgtest ff lnk cht grl ff lnk chuck s lnk cte12 ff lnks clever net lnk cof ff lnk colbymll ff lnks stes colosseum lnk compshck clssfed computer proft ff lnk compy07 s ff lnk connect svc s ff lnk cpucug drectory creton stton ff lnk crest web dex cs mcgll lnks cybernch mll clssfed cybermx2000 ff lnk cybernet dk lnk cyberserch uk drectory cybserch dj securty ff lnk pge dlldll drectory dmnt ff lnk dt creek lnk dvd rchve db web drectory dcs net drectory ded pont ff lnk del ro web lnks delnet drectory dererstedeutsche des strs ff lnks dfw web serch dgrbbbe web drectory dg web net drectory drectoro de rgentn dventcty dk web lnks drembook 2 ff lnks drectory dresser s lnk pge drs fvorte ff lnks drwste ff lnk dynmc ff lnk drectory egle tem drectory erthmll web drectory ebcom ff lnks eccs lnks drectory eco trvel enhorn ff lnks ejk web drectory electrc crt ff drectory emcosoft drectory energon drectory eohbg web drectory escpde ff lnk eugene foo drectory eugene tonov lnk s rchve eule eurek rng drectory eurek web lnk euro ferret euro seek lnk excte excte de germny exes trvel drectory fpenet free www drectory ff web gude frebll fschk ff lnk fsher ff lnks drectory flongs ff web ndex flongs web drectory folfe ff lnk forthnet drectory foryourneeds ff lnks four eleven spder foxtstc drectory frn one stop drectory free 4 ever ff lnk free clssfeds drectory free ff lnks free sp zone ff lnks free sp s ff free lnce drectory free lnk com freedom 2000 drectory freelnce web drectory freemll ff lnks fremont onlne ff lnk frontpge mrket ff lnk fulton se lnk future drect nternet glctc glxy glxy nnotte pge gcc drectory gcs comm lnk gd s clssfed gfts4u drectory ghp net ff lnk ghpn ff lnk globl d lnk globl hghwy serch engne gold net lnk gold quest  nc  free clssfed golden web lnk greek lnk drectory gs submt drectory gsnu ff lnk hndnet ff lnk hnkn 1 clssfed hrpwro ff lnk helth emporum lnk herbdr ff lnk pge hermnus heymon lnk htchhker web lnk hts glore serchble web dtbse hombz ff lnk home pge ff lnk hong kong freewy drectory hong kong serch hoskn hot lst germny hotbot hrsk drectory hrun web lnks hudvl drectory hummer hunsberger drectory hwelth ff lnks hwelth s ff lnk bc net drectory b net drectory bc drectory cwest ff lnk gun lnk drectory mge bulder drectory ndomobl web ndex ndoste ndy comnet lnks nfo brokerge ff drectory nfohwy nfoseek nfoseek uk nh vson lnks nnovtve drectory nnovtve functon nste 2000 nterd net lnks ntercom web drectory nterntonl dtelne lnk nternet destnton us  dd resource nternet doorwy drectory nternet free prk ff lnk nternet pub ff lnk rfmedum rfmed net lnks sg onlnks drectory slnd sunrse ff lnk vcs clssfed www drectory xmll web drectory jgur lnk drectory jnor web ff lnk json rudder s dd lnk jyde onlne jbbb ff lnk jdenver ff lnk jelly benz resource drectory jenett clssfy center jgsme lnk jb net drectory jm ff lnk jngle frek ff lnk jjenus ff lnk jjrrett ff lnks jmele joblnd drectory jonlubbe drectory journyx lnk jp servce drectory jp servces web ndex jump cty jumper jvm clssfy d krm com ff lnk krrsk ff lnk kc1 drectory kel co lnks kelm s supply free lnk keystone lnk kktmur net drectory kromnn lnk kvsr drectory kwk lnk ltn world legend lefholm ff lnk lek net lnks leon s free lnk le pge web french drectory lexconn web lnk lbertee ff lnk lnk book drectory lnk center lnk ese lnk monster lnk nton hot ste lnkbooster busness ff lnk lnkstr lod lnk lofthouse ff lnks smrt web drectory lorert ff lnks lovemore lnk lvm web lnk lyco lyco sweden lyco uk lystor ff lnks mchko mgc cty free lnk s mnperton ff lnk mrcp comm  ff lnk mv  olm ff lnk mx bn s drectory myne ff lnk mb web drectory mbuggy web drectory medst tl ff lnks met dt mcro vson mcro web tech ff lnks mcromge lnk mcrostte lnks mjt net lnk mlbz lnk mlm lnk drectory moleculr bology moonste ff lnks morgn net lnks moscow ff lnk mount web lnk move eye ff lnk move world ff lnk mpc rder  rder drectory muffet net drectory muffet web drectory multsoft nughty ncweb ff drectory nerd world nerdfest ff lnks nessnet  free lnk net creton ff lnk net food drectory net hppenng drectory net lnk free drectory netbusness drectory netlng netlnk ff web lnks netsonc medum lnk newwve nc ff nfltp ff lnk nho web drectory njc net drectory no1uno nog ff lnk nomde rechercher northern lght novum plz ff lnk npn host lnk nw ff lnks nwlnk web drectory nyc net drectory nyc web lnks ocver s free lnk olson bro  clssfy d olypen ff lnk omn drectory ondweb drectory one world plz drectory onlne  europe lnk mll ff lnk orgo v web spder our nternet ff lnk ovle reder lnk oz pge pkstn clssfy d plme ff drectory plmtopce ff lnk ptspec ff lnk peek boo penfeld ny ff lnk peter sun ff lnk pge pg netwre ff drectory phlex net ff lnks phonecrd collector ff lnk pnkfud ptcher net ff lnk plnet serch plnetry mrket free lnks ply gn sport ff pge potsdm powder spry ff lnk powerseek pro proft ff lnks drectory ptw web lnk putter grl ff lnk quest fnder serch engne quck lnk free clssfed qwk lunch drectory q  work web drectory rdcon ff lnk rdo tv en drect sur nternet drectory retex ff lnk rkyt lne rpnet ff drectory rbse spder ndex rct ff lnk recycler prvte prty ds redd dynmc lnk reference com drectory remnnt mrket system ff lnk rex resource exchnge rgm webb ff lnk rjk ff lnk rmc lnk rodsgn ff lnk romlnk drectory rose mrt lnk russn world drectory ruth gntz s hot lnk sgeplce ff web lnks sbe s pge lnk scence softwre ff lnk s  d eloe ds sdhl drectory semn ff lnk seclbs net drectory seclbs yellow pges secure800 ff lnk seernet ff lnks secomstr ff lnk pge selffree web lnks semmer s ff lnks sg  dd lnk sherlock home ndex shop button free d shrnk ff lnk sm globl plus lnks stemge clssfeds smll busness snow crest sos uk drectory southwest medum drectory sprk net lnks spot web drectory spu  su clssfeds drectory steve ff lnk drectory stpt student submt one surf chn serch engne surfer  net surveyor 1 ff lnks suzlnks ff drectory tbs web ff lnks tcz ff web drectory teen ff lnks ten medcl tellt ff lnks tellt ff lnks pge terrgl lnk tgn ff lnks usse pge busness web network tem lbrrn lnk lnk pge web drectory mess lnk net mne web drectory proud net ff lnks rl lnk un 624 ff drectory web explorer web host ff lnk pge web wheel serch engne thunder ndstte ff lnks tgere ff lnks drectory thbg ff lnks tj productvty lnks top ten lnks web ndex topdesgn ff lnks trde  cty trde post trvel com lnk trpolor top 100 web drectory turnkey ff lnks turnpke emporum uc clssfed ugweb drectory uk ndex unted mll web drectory unted product systems ff unted tech drectory unted tech ff lnks usonlne web drectory usonlne web serch engne ust ff lnk drectory uth ff lnk drectory utmrco ff lnks uwebt ff drectory vluecom lnk vet ff ndex vnny lnk pge vrtul lndlord lnk vrtul quncy web drectory vson free lnks drectory vsul cretons ff drectory vr ff web drectory w  w  e  w  s web drectory wllstreet lnk drectory wnzh ff lnks wve 3 tech lnk wdrect web dd web dd drectory web confettus drectory web glxy drectory web mkers ff drectory web pro group ff drectory web tools ff lnks web trwler drectory web vlue ff drectory web wombt ustrln serch engne webconcepts ff webcrwler webhells net drectory webnet lnk webnophob drectory webrts ff lnks webscout nomnte form webseekermll  com vrtul mll drectory webshpere lnk webventure hotlst webworld ff web lnks webzvlle ff drectory weser  net lnk wellmn mll web drectory u seek too whtste  com web drectory whtstetm chnese nternet ctlog wheelelnd ff drectory whow wlmo lnk wzvx ff lnks wm bker nternet lnk wonder web nternet lnk woodhousegroup clssfeds ds work lne world ml world shop drectory world wde web wndow worldentre drectory worldserch lnk wow lnk xver medum drectory yhoo yell uk drectory yellow web lnk yellowweb free yellow pge yemn nternet drectory yp superhghwy yt web drectory yug  com busness center ff lnks zebr south frc zetmn s free lnk pge zpperget ff lnks zod drectory zscn dd ff lnk prnt order form shp                                     nme                                             ddress                                         cty                                               stte                   zp                      eml                                   nt dely  pys submt urls once ech week                                                                              ml pyment  29  95 ech url per submsson cshers check money order personl check                       us funds   hl smlltlker  nc  268 bush street  3302 sn frncsco  c 94104 u  s   fx  1925  4329904  24x7   fx order ml pyment  thnk knd ttenton  nce dy                                                                                                                                                                                                        vst http    207  55  200  4 gret web host dels
invitation,N/A,nvte vst  vst  vcncy system nformton technology  exhbton where best compny meet best fce fce  vew encourge jon  snce vst open 1994  over 1  0 move job event  compny ttend nclude  logc  cmg  dmrl  sem group  bm  unsy  cp gemnus  expern  bcs  po nedlloyd  synmc  syntegr  chp  mds  prty  mercn express  legl generl  prudentl  kenn cl  why ttend qute smply chnce control creer  spek fce fce work  choose spek  yourself whether compny somethng offer  job offer huge number vcncy vst mens lmost certnly job nterest mtter skll experence  vrtully every job every level system  network offer  locte throughout uk cross europe world  over 1  0 job offer totl  rl  underground mn london termnus pccdlly crcus  cf royl 50 yrd wy regent street  cr follow sgn london  west end  pccdlly crcus  ncp prk denmn street  brng possble  brng copy cv  dress ttend ntervew  redy expln mn skll strength  dscuss mportnt chnge job  exhbton open between 12 8pm tuesdy 7th wednesdy 8th july  need ttend both dy  further query  plese vst our web ste  http    www  vst  hynet  com
arabic linguistic socitey program,hauglid@m,
evaluation parsing systems,carroll@cog,
hello,N/A,unversty degree progrms     ncrese personl prestge money ern power through dvnce unversty degree  emnent  nonccredt unversty wrd degree  200  degree grnt bse present knowledge experence  further effort necessry prt  short phone cll requre b  m  mb  phd dplom feld choce  detl  cll 713866  4087
job post  appleiss research center,jllebrun@iss,
casemark locative,starke@uni2a,
muc  7 call participation,ldc@ldc,
summary   mel  cuk,serme@mrash,
fanny  recommend nek,N/A,der sr mdm   spm  messge  send behlf nek plyer  whose ncknme pper subject lne bove  provde eml ddress request send recommendton  nformton downlod fully functonl trl copy  plese vst http    www  nekonlne  com  nek cton  puzzle gme ply exctly fmous tetr gme  nek however dd lot depth exctement llow 11 ply compettvely sme gme  complete lne puzzle  plyer utomtclly trgger  wepon   defense  opponent  gme hlrous effect  mny rve nek  hope too enjoy gme tremendously  prtcpte multplyer nek gme free mplyer  com http    www  mplyer  com  tt gmehub http    www  gmehub  net  thnk  el ssd ocenus communcton nc  p  s  here few messge regulrly receve nek plyer                     hello   thnk  fntstc gme  wfe spend mny hour compete hnd hnd gme  queston  stndrd tetr gol course ccumulte mny pont possble  nek gol sty lve  ply hndto  hnd gme prmeter decde wn  tlk scenro where most pont de  b lve fewer pont     relly become ssue househould     plese us expert opnon  grteful   ed  note  nswer queston messge pper web ste   knd regrds jesper  nnette skovlund  denmrk                    thnk much  nek mze gme  ese tetrs dd element multplyer network ttck  plese let verson 2 vlble  cnt wt buy  thnk gn  mke                    wow   gme pht     ply tetrnet whle  blow wy every possble re  worth d  lng mny over    joshu peter                     ve try ply nek  love  one thng   possble opton pece rotte opposte drecton   ed  note  ntroduce current verson 2  0 nek   tetr gme  m rotte  clockwse  ntclockwse  nce wepon hppen rndomly    thnk gn  smon hurr                    tetr trdemrk tetr compny  nek product ocenus communcton nc  mnufcture  dstrbute endorse tetr compny
re  inquiry lost id    replacement anywhere theworld,N/A,yes     crry types d over world       stte    provnce country       nyone wnt    protect prvcy     lost d replced 24 hours       lrgest selecton novelty d nywhere     cll us 24 hours order free ctlog tody        604244  4926 24 hours    604244  4926 student d college unversty    trvel d    press d    stte d    fb d     fun entertnment d      type d custom mde stsfcton    d country world        vst us  http    www  photodcrd  com
re  6  108 sum  word own opposite  part 2 ,N/A,fter ttend meet  her someone   cceptnce pln depend oversght   mmedtely men   unntentonl omsson mstke   hd   ntend  however  nother men   wtchful cre mngement  supervson   hd   ltter men   become common one  stll strtle  sme  synonym become ntonym compound   oversee  qute dfferent  overlook   pont nonstndrd  borrow   lend  stll her  sme dstrbuton  lern  men  tech   lest sxty  englsh textbook hgh school crry stern dmonton both  must qute common  fnlly  fmous  bd  blck englsh  sgnfy opposte  ntthetcl menng common slng shock vlue   mn  s one tough bbe   ndcte two qute contrst  opposte menng
non  u  s  resident  ,travel4cash@iop,
attention smokers quit smoking immediately,whitehores7@hotmail,
information int  congress terminology  basque country,euskalterm@sarenet,
,N/A,uthentcte sender subject      bull  s  eye  trget  softwre     mme  verson  1  0 content  type  text  pln  chrset   usscus  content  trnsfer  encode  7bt eml mrketng works   bull s eye gold premer eml ddress collecton tool  progrm llow develop trgeted lst eml ddress  doctor  florst  mlm  bz opp     collect nythng    lmt mgnton  even collect eml ddress specfc stte  cty  even country  need web browser progrm  our softwre utlze ltest serch technology cll  spder   smply feed spder progrm strt webste collect hour  spder webste trget webste provde thousnd upon thousnd fresh trgeted eml ddress  collect  spder remove duplcte sve eml lst redy send formt  longer necessry send mllon d hndful response    send less    ern    terrfc spect bull s eye softwre dffcult set nvolve specl techncl mumbojumbo lern  need serch trget mrket one mny serch engne let spder rest  fmlr serch engne  problem  provde lst top serch engne  surf locton serch engne browser serch mrket wsh rech    s esy  nstnce eml ddress doctor york  1  serch fvorte serch engne type word doctor  s  york 2  copy url  one     s stuff fter http       nstnce http    www  yhoo  com   doctor  s     york 3  press strt button s    bull s eye spder webste lnk  utomtclly extrct eml ddress wnt  spder pssve too  mens let run dy nght whle work mportnt thng fun computer  need keep constnt wtch  feed trget mrket prse delver thousnd eml ddress end dy  feture bull s eye softwre   doe trgeted serch webste collect eml ddress wnt   collect eml ddress cty  stte  even specfc country  run utomtclly    smply enter strt nformton  press strt button  rest  flter duplcte  keep trck urls lredy vst  run 24 hour per dy  7 dy per week  fst esy lst mngement  buld flter opton    put word  must  whle serch     even put crteron  must     dd flexblty  mport eml ddress knd fle  text fle  bnry fle  dtbse fle   lst edtor hndle multple fle work mny lst smultneously  hs blck  book feture    vod send eml wnt receve  bult  ml progrm    send eml drectly nternet clck mouse  personlze eml    eml ddress user s nme collect    send personlze eml     sort locton  server  user nme  contct nme  dvnce operton  eml ddress lst export mny dfferent formt  html  comm delmt  text fle  dvnce edt    trnsfer  copy  ddton  delete  crop  move top  bottom operton between lst    unon  subtrcton  comprson  progrm pssve     men run progrm sme cll nformton 213980  7850 cll nformton 213980  7850 orderng nformton customer nme compny nme ddress cty stte zp phone fx eml ddress       bull  s eye softwre  259  0 nclude softwre  nstructon  techncl support       shp  hndle  2  3 dy fedex   10  0  fedex overnte   20  0       totl  c resdent dd pplcble sle tx   order wn 95 wn nt      credt crds ccepted      mstercrd vs mex plese cll 213980  7850 process order 9m  5pm pcfc check money order send  bull s eye softwre nc  5670 wlshre blvd  sute 2170 lo ngele  c 90036 plese note  llow 5 busness dy check cler before order shp   eml ddress remove  plese wrte us bove ddress
call book proposal,mcglothlin@sagepub,
 circumcision  african language,marck@anu,
teach english korea,gshin@rs6,
book  study logic  language information,pub@roslin,
book  hittite etymological dictionary,2307@compuserve,
relevance theory workshop,N/A,relevnce theory workshop 810 september 1998  unversty luton  englnd cll pper regstrton second relevnce theory workshop m brng together those nterest cogntve pproch communcton  prtculr  exclusvely  relevnce theory  workshop feture referee nvte ppers  nclude keynote ddress professor derdre wlson  ppers contrbuton nvte ppers follow topc   1  nontruth  condtonl men   2  conceptul procedurl encode   3  metrepresentton nterpretve   4  nture relton between dstncton  semntcs  prgmtc explcture  mplcture   5  crtque relevnce theory   6  topc del relevnce theoretc perspectve ber relevnce theory  pper topc  1    5  present specl topc pnel 20 mnute  ppers llocte 40 mnute presentton dscusson  ether 20  20  30  10   complete ppers dstrbute dvnce workshop order ncrese chnce useful feedbck  nstructons contrbutors order dstrbute proceedngs dvnce  fulllength ppers nvte rther usul bstrct  pper form prepublcton drft  mxmum 6 pge length  nclude reference short  ten lne  bstrct  mnuscrpt type  12 pont font   snglespce  1 nch  2  5 cm  mrgn sde  pge number  three copy mnuscrpt submt  one uthor s nme two nonymously  plese nclude follow nformton seperte sheet  nme  ddress  postl eml vlble   fflton  ttle pper  topc pper relte   1    6  bove   contct telephone number  mnuscrpt submt  dr  steve ncolle  mddlesex unversty  trend prk  brmley rod  london n14 4yz  unted kngdom dedlne submsson  24 prl 1998 contrbutor nform sttus pper end 1998  ddtonl nformton second relevnce theory workshop schedule plce mmedtely pror utumn 1998 meet lngustc ssocton gret brtn  1012 september 1998  unversty luton   lgb meet feture keynote ddress professor dn sperber workshop expermentl prgmtc  luton esly ccessble london own nterntonl rport  regstrton form wsh regster  plese complete form send bck  evdence  pyment followng ddress  dr  vld zegrc dept  lngustc unversty luton fculty humnty 75 cstle street luton bedfordshre lu1 3j unted kngdom nme                                           ddress correspondence                                                                                                    eml ddress                                     regster   plese crcle b            whole conference pckge b           conference fee  opton ndcte below  plese put tck lne next choose opton   pckge  prce  stlg95  send rrve end june 1998  nclude  conference fee  oblgtory  stlg20                                             opton  nclude pckge   lunch  8th sept   stlg7  50    dnner  8th sept   stlg7  50    ccommodton  nc  brekfst   8  9 sept   stlg20      lunch  9th sept   stlg10      dnner  9th sept   stlg10      ccommodton  nc  brekfst   9  10 sept  stlg20                                                               extr opton  nclude pckge   ccommodton  nc  brekfst   7  8 sept   stlg20      ccommodton  nc  brekfst   10  11 sept   stlg20      lunch  10 sept   stlg7  50   pyments mde fter end june 1998 dd extr stlg10 methods pyment  return hrd copy form ether  1  enclose cheque  pyble unversty luton  2  complete sgn follow nstructon  plese debt stlg       vs  mstercrd number                                   vld untl           nme prnt                                 sgnture                                     3  py drect bnk trnsfer unversty luton  mdlnd bnk plc   george street  luton  bed  unte kngdom ccount number  81276360 sort code  40  30  32  plese encolse bnk recept   hrd copy regstrton form obtn vld zegrc bove ddress
 share ,N/A,shre  beutful brtsh columbum  cnd studo prtment  sle  owner beutful condo shre hs decde sell publc one personl shre cnd  offer ever plese ct  http    www  mxcyber  net  grnde  htm                                                            shre nvestment thng under sun  vlue over  7  500  owner wnt  2  600 plese remember py once enjoy lfe  vst  opportunty pss buy  nt ct                                                             http    www  mxcyber  net  grnde  htm                                                            messge compose cybermlgent servce  wsh remove dvertser s future mlng  plese reply subject  remove  servce utomtclly block future mlng
profit technology ,N/A,prdon ntruson  menton someone nterest technology  begn excte   trllon dollr emerge mrket  technology  next 3 mnute below  show cptlze extrordnry trend  here s trllon dollr trend mercn busness  m spek  notce over pst few month ncredble number bllon dollr merger us busness  huge merger worldcom mc  trveler ctus  lst endless one common thred  servces  servces  servces   servce  trvel servce  bnk servce  telephony servce  entertnment servce utlty servce  servce  everyone  combne one  trllon dollr mrket  bundle servce   servce fstest grow segment us economy number  bundle servce  mrket  servce everyone  everydy  offer one  smple source  why  bundle servce  bg del  let s dd  bnk servce  hundred bllon trvel servce  hundr bllon telephony servce   200 bllon us   1 trllon worldwde  nternet ccess  pge  cellulr  long dstnce  locl dl  cble tv  dgtl stellte  voce ml  vrtul offce  web tv  utlty  deregulte   electrcty   250 bllon  gs   70 bll  nternet commerce   8 bllon  project rech  350 bllon 5  short   bundle servce  every concevble servce  everyone  wr wge huge mrket lrgest servce compny world  mllon those entrepreneur poston themselve front trend  servce  technology compny buy compny leve rght offer servces  compny fght tooth nl somethng most us nt  gte study revel  customer enroll sngle servce sty servce verge 2  two servce verge move 4  customer enroll 3 servce  sty provder ncredble verge 20 yers  mgne csh flow one customer 3  610  20 servce  20 yers  csh flow worth  whole bunch  s why rce  frst compny customer 3 servce  wn  s why servce compny spend bllon dvertse ttrct customer     huge  trdtonl servce compny serous problem  drectly front customer  even send someone drectly over  home  home  let house  decde servce compny wsh  bse recommendton  here s pont  better recommendton servce  unconscously everydy nywy  py  smply  pssvely  offer   free pckge servce  desgn sve money lfe smpler  sve  pckge lfe eser sngle bll servces  sve money leverge our prent compnes  1  6 bllon dollr buyng power offer most compettve prce vlble nywhere pckge  even better  tlk nonme compny questonble servce  tlk bggest servce technology compny world  compny lredy household nme  compny relze  word mouth  best front customer  ssocte  frend wn  wn  hndle servce  customer support  recommendton  smple pss brochure   servce crete true resdul ncome  nventory here    extr  10   50  0 fmly  next 20  concentrte effort  potentl  ncome replcement  beyond  ddton monthly resdul ncome ern servce  ern over rde remrketer  system delver servce next evolutonry step network  cll  nternetwork   reson cll  nternetwork  everythng ccomplsh vum nternet  gven trllon dollr sze untp mrket  our fnncl bck bllon dollr prtner  project bllon dollr compny household nme 3  lern us frst 30 dys  everythng  mgne tlk ssocte numerous property mngement contct  let s contct yours severl property mnger own thousnd rentl unt  property mngement compny offer servce thousnd tennt  property mngement compny ern fortune  ssocte ern fortune ern fortune  leverge ncome  hundred mrket everyone servce  mtter fct  nterest sve money servce bll  sme top grde servce compny convenence sngle bll  summry  bundle servce trllon dollr untp mrket  rpe entrepreneur vson  customer sme qulty servce lrgest provder through one source  our buy power fct fford bgger dscount customer servce  bundle   s wn  wn stuton  represent one lrgest busness trend century    food    socl psychologst tell us ech person run lest two opportunty fct  reshpe lfe  queston here  frst opportunty  nterest queston  smple nvestgton  determne opportunty compny  rel   re too busy  s exctly why need  three less  crete lfestyle wsh  effort course  fct nform decson  plese vst our ste  http    www  vwc  com  puld thnk ttenton  wve 4 group ps  one ml
save hundred restaurant  groceries airline,N/A,double coupon books     40   low one purchse follow   500 grocery coupon book  300 fst food resturnt coupon  top nme plce frst mrket  progrm   smple   esy   esy duplcte   ffordble    check   complmentry  500 rlne dscount coupon book book rrve dy order coupon redeemble prtcpte retler  fx   demnd   619  6220073 ext  111601  2  nformton contn webste request nformton sk queston nformton hotlne  916  4865580
call data  please post,roller@asu,
summary  half day,N/A,der reder  mny thnks respondent  51  send reply query phrse ntvespeker judgment  too mny reply cknowledge ndvdully  mny sk summry  here     strongly prefer       wkwrd  x  bd  yuck fgure follow ech phrse number vote cst ech ctegory  nt dd 51 respondent  rs  express frst preference      x 1 fmly spend        pswch   dy hlf 24 26 0 0 b  one hlf dy 1 31 7 7 c  thrtysx hour 1 29 6 9   cler wnner  mny rs  b   c  cceptble  too  depend context  comment   mply enough soclze  mply most sundy spend pswch  leve noon mondy b  mply pswch prt seres vst  mply overnght sty  prt lst  stlt c  mltry  eronutcl  whrlwnd tour  every moment pck feversh ctvty  conference  one hlf dy spend syntx  work under pressure  rplne lyover  wystton  ok negtve experence  flu  jl     lyover  us brtsh s topover   mybe s stopover vst grlfrend   2          wrte book   sx month 16 34 0 0 b  hlfyer 0 10 9 25 c  hlf 3 44 1 1 whle preference     c  fr behnd   b  problemtc  comment   feel shorter  much effort requre  hlf  b  suggest cdemc hlfyer  yuck  unnturl  sound nonntve brtsh  mercn rs   sound mercn  brtsh rs   ok fnncl context  hlf ether frst second hlf  rbtrry 6 month perod c  sound longer sx month  emphtc  stress    3  ll leve         hlf hour 6 44 0 0 b  hlfhour 2 24 10 11   wn   b  splts two roughly equl cmp  comment  b  sound forml  wkwrd  funny  sound norml   ll leve nn hf our    4 tom work          lb  hlf 13 37 1 0 b  one hlf 0 32 6 7 c  eghteen month 3 39 6 0 whle   wn  two nt fr behnd  comment   lest exct  b  exct  prt clculton  eg penson   stlt  fussy  c  most exct  emphsze durton  ok chld s ge upto two  ok context where precson requre  suggest tom less nvolve job  mybe temporry job  usng month greter  hour greter dy seem rush  hlf nch ok hlf foot  hlf yrd ok be cloth even though nt normlly spek hlf yrd  overll mpresson context prgmtc consderton determne lexcl tem cceptble slot  even consderbly tolernce expresson possble  probble  three rs eleven phrse 100  ok  nt detl rs  bckground  ntonlty etc  snce rs detl  however  threequrter reply us  hope nterest  mny thnks response  roger mylor dept lngustc englsh lnguge unversty durhm  uk
scus international  inc   resource scientific  engineer technical software,info@scitechint,
fyi  url cascadillum press,N/A,cscdllum press lngustcs ctlog vlble world wde web http    www  shore  net   cscdl  lngustcs  html  nclude nformton rborel proceedng bu conference lnguge development
nominalization spanish,ebogomil@estud,
philippine nat  l lang ,cbrisson@zodiac,
sum  wh animal,N/A,recently sk whether one     sk vrety nml context   person wlk room swell rm    wh  bte   b  nml dspper wood    wh    follow lnguge  thnks lst nfo  seem    lthough context respondent ether lterntve  greek  speker wsh dentfy nme  fnnsh  swedsh  jussus krlgren  englsh  hebrew  dvd gl  dutch  french  bert peeter  georgn  vn derzhnskus  germn  john peterson  norwegn  swedsh  mrt julen  dnsh  soren hrder  dd polsh lst  bse own judgement  vn derzhnskus dd bulgrn lst  testmony prtculrly vluble  snce feel cler contrst between bulgrn russn here  greg gouzev   context  b   hnd  dle russell report cheyenne   nmte  rock  tree leve  brnch  sun  nml nmte  fr  body prt nmte  roughly those voluntrly movble  nose nmte  fnger  pont rock sk     ntve speker correct      nswer queston   lest experence  feldmethod type lnguge lern experence   jonthn bobljnk report tel  mn sometme   sometme   refer nml  unfortuntely  s lttle dtum lnguge  cnt specfc condton determne  clerest exmple lnguge   russn  strke contrst closely relte polsh bulgrn   stte stndrd work lnguge confrm lex eulenberg  rus solovyov  vn derzhnskus  must dd dnel rdznskus report lest one speker spek dfferent judgement   prtculrly nterest fct russn lngust work lnguge routnely note dfference between russn whtever lnguge descrbe  probbly dozen russn grmmr dctonry vrous lnguge former empre   brbr bbott note reference mss  chomsky s  current ssue lngustc theory   mouton  1964   p  40  note cnnot  et dnner   ct dog      nturl context  lot respondent ndcte smlr dffculty lnguge  keep trck  nclude french  dnsh  etc   note vrous respondent  nclude frnk gldney englsh   cthy bll older form englsh sometme    ddress humn  specl thnks osten dhl frst pont defne prtculr context queston  snce mny context mny lg llow nether   nor    lexs mnster rmer
unlimited cash  millions mail,N/A,spmm  send someone shre nterest money progrm  rech error  plese ccept pology                                                                der frend  one gret money progrm over net one ern money  dvntge progrm money drect ml ddress wthout ntruson thrd prty  detl  vst http    www  freeyellow  com  members2  wp15  ndex  html vst here  10 wy  http    www  freeyellow  com  members2  wp15  pge1  html best wsh wrmest regrds
summary  c  insertion,ortmann@sapir,
phonetics text,N/A,der lngust  month post query phonetcs text sutble 10  week undergrdute course  receve mny helpful response  chuck coker  yoshus sno  mrc pcrd  chrle red  drlene lchrte  ngel love  geoffrey nthn  steve seegmller  don churm  frnce ngemnn  peter ldefoge  hl edwrd  one lngust prefer lst  thnk  book most often recommend peter ldefoge s  recommend cse where course focus descrpton englsh  geoff nthn pont hypertext progrm exmple store sound fle ldefoge s text  edwrd text ccompny workbook  nstructor s mnul lb tpe  mrc pcrd kndly send bblogrphy student clss  hope mnd dd tem refer reply receve crete enclose summry bblogrphy  cll number mrc s lst  those lbrry montrel  those lucky enough lve  gn  thnks reply  susn meredth burt here combne lst reference  bercrombe  dvd  1967  element generl phonetc  ednburgh unversty press   vner 3  pe 1135 2 1967b  bolnger  dwght  1986  ntonton prt  melody spoken englsh  stnford unversty press   webster 4  pe 1139  5 b65 1986  bronsten  rthur  1960  pronuncton mercn englsh  ntroducton phonetc  york  ppleton  century  croft   vner 3  pe 1137 b77 1960  ctford  j  c   dte   prctcl ntroducton phonetc  oxford u  p  clrk  john  coln yllop  1990  ntroducton phonetc phonology  oxford  bsl blckwell   webster 4  p 217 c62  1990  cruttenden  ln  1994  gmson s pronuncton englsh  london  edwrd rnold  crystl  dvd  1991  dctonry lngustc phonetc  3rd ed  cmbrdge  m  blckwell  dene  peter  ellott pnson  1963  speech chn  bell telephone lbortory   webster 4  vner 3  qp 306 d45 1963  edwrd  hrold t  1992  pply phonetc  sound mercn englsh sn dego  c  sngulr publsh group  fromkn  vctorum  robert rodmn  1993  ntroducton lnguge  5th ed  orlndo  fl  hrcourt brce jovnovch  jone  dnel   c  gmson  susn rmsrn  1988  englsh pronounce dctonry  london  j  m  dent  son   webster reference  pe 1137 j55 1988  kent  ry  chrle red  1992   coustc nlyss speech  sngulr publsh  ldefoge  peter  1993  course phonetc  fort worth  hrcourt brce jovnovch   webster 4  vner 3  p 221 l2 1982  1975  lver  john  1994  prncple phonetc  cmbrdge  unversty press   mcgll p221 l293 1993  longmn dctonry mercn englsh  1983  whte pln  ny  longmn  mcky  n   dte   scence speech producton  ustn  tex  pro  ed  oconnor  j  d   1980  phonetc  pengun book  pcrd  mrc  1994  comprtve phonetc englsh french  montrel  concordum unversty   bookstore  pullum  geoffrey k   wllm  ldusw  1986  phonetc symbol gude  unversty chcgo press   webster 4  p 221 p85 1986  roger  henry  1991  theoretcl prctcl phonetc  mssssug  copp clrk ptmn   mcgll p221 r64 1991   j  c   1990  longmn pronuncton dctonry  hrlow  longmn   webster reference  pe 1137 w45 1990  pont one book prtculrly desgn 10 week   course ft perod seem pedgogcl problem leve nstructor
capitalfm  com,N/A,http    cptlfm  com  b  wtched  red book extrct wn sgn copy   pop uctons  chnce own pece pop hstory   kvn  kv s here nswer queston   help london chld  donte onlne jon fun   london wrds  vote cty s fvourte   sngles  word ltest relese   dj  pck tp djs wn   mllennum  str pck fvourte tune ever                                                             b  wtched  red book extrct wn sgn copy  every week untl lunch prl extrct b  wtch s book  everythng possbly wnt edele  kevy  sned lndsy  bck ech week pck b  wtch book token wn sgn copy   pop uctons  chnce own pece pop hstory  95  8 cptl fm tem qxl  europe s led onlne ucton house  brng exclusve pop memorbl ucton rse money help london chld  rght jon frntc bd wtch sheryl crow s globe sesson tour  next specl 1998 lfe thru len tour tshrt sgn mn moment  robbe wllm  http    cptlfm  com clck qxl con rght hnd toolbr   kvn  kv s here nswer queston  send vrtul mountn queston kvn  ll here nswer best queston lbum   nstnct   relese  dd nswer      help london chld  donte onlne jon fun  hlc course help london s kd nt wthout support   ll ble donte onlne keep check totl mount rse bg event   london wrds  vote cty s fvourte  s gn  need vote onlne fvourte world musc  showbz sport  end month  ll ble wtch wnner lve our exclusve webcst ceremony   sngles  word ltest relese   ll our regulr ltest sngles  week serve slce pop b  wtch  mnc street precher  beutful south return roxette   dj  pck tp djs wn  ech week dfferent 95  8 cptl fm jock shres secret top  kck off london s fvourte morn mn  chr trrnt  red every week wn chnce hng studo dj   mllennum  str pck fvourte tune ever  95  8 cptl fm s show home web  every nght str tell smon ross fvourte song mllennum lsten onlne our spectculr extrvgnz  much  much http    cptlfm  com                                                     dvertsement fed py monthly subscrpton nternet ccess     brethe net  led sp  plese nnounce tem cptl rdo  free nternet ccess  long  ll receve 5 free eml ddress  10mb web spce techncl support 24 hour dy  365 dy  cll chrge 50p per mnute   smply vst cptl rdo nternet cfe pck free cd   http    www  brethe  co  uk  brethenet order onlne telephone 0800 783 7439 order free cd                                                       dvertsement buy home never eser  need vst propertycptl  lnk best orgnston rght home never eser  wtch crefully    mny feture propertycptl prze wn  http    cptlfm  com  propertycptl                                                    dvertsement clck wy prdse    sve money book  vdeo cd s computer gme  huge selecton gret dscount fvourte ttle under one vrtul roof  vst one ste clck onto next  esy  week vdeo relese lock stock 2 smoke brrel  one hottest brtsh flm ht screen  copy 20  dscount  clck here  http    www  vdeoprdse  com hppy shop                                                      dvertsement wnt wnner  competton zone  where everyone where mny before    free holdy  cnem tcket  beer  beverge weekend brek  stll here  clck below enter one fbulous competton prze wt wn  http    cptlfm  com  compzone
nary comparison,N/A,1  strongly support lexs mr s messge nry comprson stronger bnry comprson  rel mnd work  prgmtc down flse trl ssue  puzzle menton exceptonl cse   ternry comprson    ever    worse bnry  even thrd lnguge nclude dvergent  lon vocbulry  whtever  therefore pose extr problem brrer  consequence ternry sttus comprson  sme lnguge nclude one member bnry comprson  sme problem presumbly   2  respond erler lck  preference nry comprson  clm nry multple bnry  obvously flse  noton one engge comprson one need dctonry obvously flse  louse fber nswer one  restrcton enforce  our knowledge fr less securely   both suppose restrcton convenence lngust nlyst  rtfclly restrct dtum vlble seem nlyst s knowledge complete tsk  greter  rtfcl  sense psychologcl securty  long sttement hstorcl lngust  never wnt mstke   course none us  order dvnce knowledge  even those wnt cnnot themselve mmune  ct dsregrd dtum  too fr feld  sometme led mstke  lwy possble try  dscover  nswer nswer dvnce  rther  humn  ggntc problem beyond us completely solve  ttempt prtl soluton mply gult wrongdo   mply ttempt solve those problem  tolernt  effort best prt  lwy   3  j  org knppen s suggeston  fmly  clss  order  l bologst seem useful  suggeston clue one term  presumbly sophstcte mesure degree shre genetc mterl most nlogous bologcl usge  rther smple lexcosttstcl mesure  lloyd nderson
re  5  1265 linguistic  science ,hdesaus@unl,
conference announcement,brosnan@mailbox,
ask join kiddin,kiddin-subscribe@listbot,
re  urgent buy recommendation,N/A,pdc nnovtve ndustry p d c 1  4    25  shre  hghly respect medcl technology stock report cupertno  c rte p d c  strong buy  ntl prce objectve  2  25  shre  p d c nnounce prorty producton propretry hypo  sterle 2000 render medcl contmnnt hrmless  report ndcte  lmost lmtless demnd mrket plce revolutonry stndlone medcl devce   nformton p d c  http    quote  yhoo  com  jfjg
job  montreal,r14730@uqam,
,N/A,dt   20 det  frus  6 feb 1998 22  32  18 pst subject  gret food x  mler  emler pltnum 3  1  tm  nternet mrket nc   scheme   s smple offer   20  ve cook bke nerly 45  here s chnce  beneft experence   2  us    ll shre 12  fvorte recpe  relly exceptonl  fr   never publsh prevously  mny hnd down grndmother  ve dpt lghter style et  most  recpe proportonl  double trple   nturl entertn  frternty sororty  frehouse  etc   ncredbly  20 succulent chcken beef dsh  mouth wter dessert   opportunty relly gret recpe lttle money   20 receve copy  kren s best  recpe  send  2 csh  concel  e  ml ddress  k  b  22704 ventur blvd   334 woodlnd hll  c 91364  20 us recpe e  ml sme dy receve order   20 thnk  et enjoy  kren
review mon  khmer study 27,olsen@cus,
       ,N/A,dult   why government nt wnt  clck
info re  wilhelm von timroth,pepevnak@epa,
capitalfm  com,N/A,nt wnt receve eml  clck follow lnk remove ddress our ml lst  http    cptlfm  com  unsubscrbe                                                                     http    cptlfm  com  smsh hts poll wnners  prty  bckstge sundy   msk zorro  wn gret prze our swshbuckle comp   chrstms contenders   ll number one chrstms   wnnng lnes  guess lyrc wn prze every week   shre cptl chrstms  help londoner chrstms   vdeo gme offers  ltest ttle gret prce   clssfeds  gret del cr best job                                                                       smsh hts poll wnners  prty  bckstge sundy  nt complete wthout smsh hts poll wnner  prty   ll specl ccess cton lkes boyzone  qu  b  wtch snt cross fnger  3pm sundy 13th december cht lve str  s wn  our bckstge photo fun  nt mss cton  http    cptlfm  com  msk zorro  wn gret prze our swshbuckle comp  s somethng everyone fb move pck swordfght cton romnce hope ntono bnder ctherne zet jone hero herone  celebrte return chvlry gllntry wn gret zorro prze our competton   http    cptlfm  com  chrstms contenders   ll number one chrstms  s covet spot over festve seson   ve gther lkely fce wnt st pretty most mportnt chrt  feld s wde open nyone spce grl south prk vote  http    cptlfm  com  wnnng lnes  guess lyrc wn prze every week  sound smple  ng dy  ech week few lne ht song  tell us  sound esy  whrl  week  enough musc lne wn fntstc george mchel vdeo  http    cptlfm  com  shre cptl chrstms  help londoner chrstms  1998 18th nnul shre cptl chrstms ppel  m chrstms better those need  600  0 worth goods donte 65  0 better festve seson thnks generosty  help  http    cptlfm  com  vdeo gme offers  ltest ttle gret prce  best musc   ve gther fntstc rnge ltest vdeo plystton gme mze prce  s selecton move 6  99 hottest gme 5  0 off  s quck esy pck brgn  http    cptlfm  com  clssfeds  gret del cr best job   re rght cr   ve hundred thousnd  serchble every feture mgnble  s job  re fter  huge rnge opportunty vlble  over check clssfed  http    cptlfm  com                                         dvertsement fncy fntstc compq presro chrstms  tody chnce enter competton wn fully multmedum enble nstnt ccess nternet  ccelerte grphc dolby dgtl surround  competton close tomorrow  don t mss chnce wn best chrstms present ever  http    cptlfm  com  compqmtv                                          dvertsement modem dy let clck  surf ply  s true  3com us robotc wy v  90 56k modem every dy  powerful enough ccess fvourte ste fster relbly  wnt one  clck lnk below chnce wn tody  hurry  stock fst  http    cptlfm  com  3comusrob                                          dvertsement crzy world  keep hed  s    s excte    rch cremy hed  why  s brew brley mlt  bb sod nonlcoholc fnest nturl ngredent  wn free cse bb sod tody enter competton  bb  soft drnk dfference  http    cptlfm  com  bbsod                                          dvertsement wn free cnem tcket 14th dec  wrner vllge   1 multplex opertor london wy 4 free cnem tcket every week  ctch blockbuster move ht bg screen  free  dscover ultmte experence vst one our luxurous stteof  thert wrner vllge cnem  vld wrner vllge cnem  decde where enjoy fvourte flm  http    cptlfm  com  wrnervllge2                                          dvertsement crusde croc prepre chrstms  those lwy stck chrstms present de  fox nterctve  nnounce lunch hghly cclm  1 plystton gme  croc  legend gobbo  onto prestgous plystton pltnum rnge  select number gme elte rnge offer gmer opportunty purchse hgh profle gme reduce prce 19  99  http    cptlfm  com  crocplt                                          dvertsement southprk kck ss xm  wrnng  softwre contn corse lnguge  sck  twst humour scene volence due contents vewed lkemnded dudes  http    cptlfm  com  southprkss
re  6  293 word own opposite,N/A,nt qute qulfy   overlook  mens opposte  over    ccountnt over record overlook deducton        unversty clfornum rversde  c 92521
language cognitive process,altmann@psych,
book  phonology,2307@compuserve,
nineteenth annual cognitive science conference,N/A,nneteenth nnul conference cogntve scence socety hold stnford unversty ugust 7 10  1997  s meet run four dy nclude eght hlfdy symposum select topc  nformton regstrton house  conference web ste http    wwwcslus  stnford  edu  cogsc97 contn nformton spect meet  keep s regstrton fee low conference ccessble mny possble  regstrton  100 member cogntve scence socety  155  183 nonmember  however  rte hold untl erly regstrton dedlne july 1  1997  plese regster soon possble   cmpus house  encourge  vlble regster dte  conference web ste nclude both postscrpt electronc verson regstrton house form  forwrd stnford ugust
t id  aa29536  julius  ling  ohiostate  edu   tue ,aa29536@julius,
5th intl  conf  conceptual structure,lsearle@u,
great parttime summer job ,b2998@hotmail,
microsynergy cd  r special edition 10,order@idt-microsynergy,
isfc95 computational section,teich@darmstadt,
book  language change  functional linguistic,2307@compuserve,
ad  stop pain fast ,N/A,stop pn fst  golf  tenn  exercse pn  hello   20 nme pt   m vd tenns plyer wlker  suffer shoulder pn  nothe seem  20 complete pn relef   20 fnlly  try pn gurd  pn relef loton sell  20 compny nme outbck secret  pn gurd releve  20 shoulder pn quckly  fct  lmost mmedtely   20 pn gurd much  buy compny 17 month go  honest  snce buy compny   ve help hundred hundred releve chronc muscle  20 jon pn  nformton clck here eml  us                                                remove  ht reply type  remove  subject check our newest servce  vrtul server  responsble  drect eml mrketer clck here                                               m  computer servce  subsdry thereof  ccept  20 responsblty whtsoever content leglty  20 dvertsement pper ml  dvertser  20 responsblty check locl  stte  federl lw  20 pertn product servce dvertse
lexical generative grammar,N/A,lexcl genertve grmmr vlble pdf fle  freely vlble http    member  trpod  com   mekus  ndex  html  frst three prt lod ste  due spce constrnt lod one prt  therefore cycle through prt wthn three month perod  one prt per month  lon dehl s dssertton permsson vlble electronc form
bulk mailin  4 u  ,/@-822223281,
best debt elimination software available  free demo  great gift ,N/A,best debt elmnton softwre vlble  free demo  gret gft  nt need ern penny  nt need  wt 20  30  even 40 debt  nor retre hock credtor survve edge socl securty lone  debt fve seven yers verge  nt need fnncl wzrd   plese end messge remove suggeston   fnncl ndependence dy debtfree wndow  tm  show debt help pn down debt  freedom det  fnncl ndependence dy  esyto  progrm clculte dsply stepby  step ccelerte debtelmnton pln  help develop montor ccelerte welthccumulton pln  topof  thelne softwre even show exct dte become debtfree mllonre  plese red powerful yet userfrendly progrm help oblterte debt cheve sold fnncl ndependence much less possble  mpressve softwre dscover become free fnncl bondge north merc s credtdependent economc system   system funnel most welth produce over work lfe vult money compny    specfclly  gnt credt compny  federl sttstcs show 96  north mercn cheve fnncl freedom   lttle wonder hnd pycheck fter pycheck money compny  s dedend street most us  effectve tool defet cycle fnncl slvery   debtfree wndows  debtfree  tm  wndow  tm  show   py off debt  nclude home mortgge  5 money lredy    tech operte 100  csh never need wnt credt gn   show drect money once wste mortgge  cr credt crd pyment smple  sfe nvestment  thus     llow lve choose off ncome generte those nvestment  never work gn  debt  free  prosperous lve progrm  tm  present softwre lredy work free 150  0  20 mercn cndn fmly debt credtdependency   20 cheve fnncl ndependence drem  20   too  free yourself  debtfree wndow  tm  debt  elmnton welth buld softwre   clculte dsply stepby  step ccelerte debtelmnton pln   estblsh debtfreedom dte montor progress towrd   show unpln cost wndfll ffect debt pyoff   show exct dte  ll become debtfree mllonre  receve nterctve demo softwre vst our nternet webste  http    www  frmerus  com  debtfree  strt wnt  lve where wnt wnt  ddress bove underlne  ble clck drectly ste  otherwse  lunch browser  netscpe nternet explorer  enter ddress ddress box top screen    20 select copy ddress bove pste browser s  20 ddress box   soon fnest debtelmnton  20 welthbuld softwre vlble nywhere   20 mgne powerful softwre cost mny hundred dollr  20 worth mny thousnd  ctully  20 cost fr less  detl  vst web ste  why  20 vst ste whle stll fresh mnd   20 hstorc  lfechnge moment    20 fnncl rebrthdy   20                                                permnently removed lst  most responsble drect ml lst  plese regster eml ddress publc remove lst those http    www  nfobyte  com  remfle  htm  http    www  cmtgroup  com  cmt  remove  html  http    www  removeme  com     receve  20 eml error  regret nconvenence   plese  20 reply    reply  feld bove   20 contct nformton contn softwre  thnk
bad credit ,N/A,h  h  bd credt 65 mllon mercn  offer wpe slte clen strt over gn mnge credt reestblsh credt worthness  clck lnk below nfo  one follow lnk ste slow due hgh trffc  http    670858437  http    783303340  cred  http    805990006  member  cred26  http    784133277  crmdtbse
wealthy  please ignore,kwilliams8@hotmail,
princess diana news flash princess diana princess diana princess diana princess,dianastamp@hotmail,
postdoctoral fellowship cognitive science available,N/A,nsttute reserch cogntve scence  rcs  unversty pennsylvnum provde opportunty severl postdoctorl poston cogntve scence  dedlne pplcton februry 1  1995  pply  plese send cover letter ndcte propose reserch  nclude sttement beneft work our nterdscplnry envronment  resume  two three referee send letter reference drectly  postdoctorl fellow selecton commttee nsttute reserch cogntve scence unversty pennsylvnum 400c 3401 wlnut street phldelphum  p 191046228 unversty pennsylvnum ffrmtve cton  equl opportunty employer
franklin clipper  esl  efl  etc  ,dpf@wcsnet,
lecturer position  temporary ,okamoto@csufresno,
http    capitalfm  com,N/A,http    cptlfm  com  help london chld  nt mss fun weekend   crnberres  wn tcket check lbum   lovestton  nsde studo   snek peek  check tomorrow s ht tody   roxette  per mre under spotlght   b  wtched  red book extrct wn sgn copy   dj  pck tp djs wn                                                             help london chld  nt mss fun weekend  ester weekend help london chld weekend keep cton cptlfm  com donte onlne  ucton  event  str our ncredble totlzer show mount rse fr   crnberres  wn tcket check lbum   re bck lbum  bury htchet   chnce order copy  plus chnce wn tcket bnd ply lve   lovestton  nsde studo  lovestton studo strt work debut lbum  behnd scene relly sde pop s close door frst our exclusve report   snek peek  check tomorrow s ht tody  every week serve ltest sngles check  re one better  check best sngles due relese week hed vote tp top   roxette  per mre under spotlght  swedsh duo lbum subject torrent queston our weekly under spotlght seres  guess fvourte muppet      b  wtched  red book extrct wn sgn copy  every week untl lunch prl extrct b  wtch s book  everythng possbly wnt edele  kevy  sned lndsy  bck ech week pck b  wtch book token wn sgn copy   dj  pck tp djs wn  ech week dfferent 95  8 cptl fm jock shres secret top  week feture mn whose fnger never leve pulse news  howrd hugh  red every week wn chnce hng studo dj  much  much http    cptlfm  com                                                     dvertsement wn tcket uef semfnl  courtesy mstercrd offcl sponsor uef chmpon legue  mstercrd offer chnce lfetme    wn pr tcket clsh ttn  mnchester utd v juventus old trfford wednesdy prl 7th  crem contnent s footbl dynsty nrrow down  prepre showdown  clck below enter  http    cptlfm  com  mstercrd                                                      dvertsement bb spotlght    str four jucy flvour spred cross country msson quench thrst mllon  bbsod delcous  100  nturlly brew  100  full flvour  pck tste wn crte free  clck below prevew  bbsod  soon tv screen ner    http    cptlfm  com  bbsod                                                      dvertsement bd chrty run ester weekend  cptl fm buld fundrse ctvty nnul help london chld ppel  prt ctvty  put together fntstc ucton pckge bd onlne  nclude hosptlty crystl plce fc london scottsh rugby club  trp bg brekfst specl double pltnum wrd  present b  wtch  sgn bnd  money bd help london chld  thnks dvnce contnue support  bd tem vst  http    www  qxl  com  vendor  rdo  hlc  hlc  shtml                                                     dvertsement wnt wnner  competton zone  where everyone where mny before    free holdy  cnem tcket  beer  beverge weekend brek  stll here  clck below enter one fbulous competton prze wt wn  http    cptlfm  com  compzone
keep america online online,N/A,spm  receve messge member sfeml lst  wsh prt lstclck here                                                               ol ntus  tmer keep merc onlne onlne  softwre work verson ol verson wndow  decde log off  control servce  unlmt free updtes eml drectly necessry  fetures  clck ol tmer box utomtclly keep onlne ndefntely  free sty log ol long wnt  force stop every slly box pop  stop gettng dumped mddle downlod fle  work ol mnmze  dsble screen sver   receve eml nstntly her   ve got ml    unlmt servce  py  free updtes ol ntus  tmer provde perodclly vum drect eml necessry  personl eml support dffculty  sme dy delvery vum eml vs  mstercrd check order  work wndow 95  98 verson ol  clck sttus br montor  lwy ol  ctvty show event   plese eml credt crd nformton  keep red nstructon order  news flsh  september 16  1998 ol revse ol tmer exst ntus  tmer obsolete neffectve  exst  ol ntus  tmer  subscrber lredy receve  vum drect eml free chrge  updte verson  ol ntus  tmer  defet ol tmer  sure next ol ntus  tmer purchse cler ol tmer future ol tmer   ol ntus  tmer  nttmer ever need buy once purchse receve unlmt free updtes eml drectly ever ol revse tmer necessry  control servce  30  0 dollr  nformton order plese clck here trouble log our url plese eml us request nformton regrd ol nttmer clck here
read  ,N/A,drem  member our tem  ern 6  fgure ncome trvel penny dollr whle work home  vocton       vcton       100  0  frst ncome  ern  2000   5000 weekly   strt wthn 1  4 week   78  proft pd dly  selle  work home  overhed  employee  hgh tech trn support  mlm  100x proftble  multtrllon dollr trvel ndustry most ncredble prt our busness clents cll   hobby  serous nqure cll number below nformton oblgton  24 hour toll free messge  1800  3459688 ext 2058
business loan  lease equipment,N/A,busness need csh lon  fst fundngs   wnt lese fnnce purchse type equpment  computer  phone  offce furnture  truck  ndustrl mchnery  medcl equpment  etc  equpment put   bottom lne  plese us cll fr queston nformton pplcton send  cll 305382  8018 fr s lve polte consultnt duty ssst 8  0 m 6  0 pm mondy thru sturdy tmng s everythng   sometme most busness need fresh csh ble proft  expect best servce ever receve  plese sve messge future busness frend  thnk  plesnt dy
free book   1 best  selle financial author  robert allen,N/A,dscover beleve perfect homebse busness  lthough  m relestte nvestment book semnr   busness bsolutely nothng rel estte   fct  s much eser fr less rsky  nvolve employee   lttle strtup csh  lttle rsk s smple  nyone  ern  1  0 week lttle 90 dy  number cll mmedtely  888  3030621  s tollfree  2  mnute 24  hour record messge  nswer  seek  wrmly  robert g  llen p  s  wnt show crete extr strem ncome quckly   phone cll
re  distribution   ,rempenta@do-it,
adv     instant publisher press release   ,N/A,operte own homebsed publshng busness  el cerrto  c   september  1998  contct  mldon enterprse p  o  box 623  net el cerrto  c 94530  one messge   need reply remove  receve further mlng regrd product  prnt messge future reference                                                              nstnt publsher cdrom   men success  operte own selfpublsh operton  cd s 750  book  report  mnul upto  dte  wrte edt most experence drect ml professonl ndustry  s professonlly desgn novce expert ml order deler lke       perhps need nformton strt  here s      vst web ste prevew prove report vlble  mny report contn dvce  tp  stepby  step suggeston strt operte wdernge home busness  whtever reder  need nterest  sure full spectrum topc  ll wnt red  men bg profts  begn own selfpublsh busness  nstnt publsher  cdrom  s      order nstnt publsher cd tody  59  0 receve  gretest computer gme  cd  collecton 500 computer gme  cd gme every ctegory  cton  dventure  bord  educton strtegy   s jmpck hottest dos  wndow   wndow 95 gme  mtter gme nterest ge group  somethng cd  vst  nstnt publsher cdrom  web ste http    member  ol  com  pubcdrom  ndex  html
idea,dwt45@hotmail,
,N/A,ncrese personl prestge money ern power through dvnce unversty degree  emnent  nonccedt unversty wrd degree  200  degree grnt bse present knowledge exprence  further effort necessry prt  short phone cll requre b  m  mb  phd dplom feld choce  detl  cll 770492  2925
domanus,N/A,mproved free softwre  free bulk e ml system  free web ste  wsh  ongo support  optonl   lot   nclude            one ml                                                                                               lest  50  0 less 90 dy red enclose progrm    red gn                                                                                     der frend  enclose nformton somethng lmost let slp through fnger  fortuntely  sometme lter rered everythng study  nme chrstopher erckson  two go  corporton work pst twelve downsze poston elmnte  fter unproductve job ntervew  decde open own busness  over pst  ncur mny unforeseen fnncl problem  owe fmly  frend  credtor over  35  0  economy toll busness nt seem end meet  refnnce borrow gnst home support fmly struggle busness  truly beleve wrong debt  moment somethng sgnfcnt hppen lfe wrte shre experence hope chnge lfe forever     fnnclly    md  december  receve progrm vum eml  sx month pror receve progrm send wy nformton vrous busness opportunty  progrm receve  opnon  cost effectve  ether too dffcult comprehend ntl nvestment too much rsk work  one clm d mllon dollr one    nt tell d wrte book   december  92 receve progrm  nt send  sk  nme off ml lst  thnk goodness    fter red severl   sure red correctly  nt beleve eye   20 here moneymkng phenomenon  nvest much wnt  strt  wthout put further debt  fter pencl pper fgure  lest money bck  fter determne progrm legl chn letter  decde  why   ntlly send 10  0 eml  cost  15  0 onlne  gret thng eml nt need money prnt send progrm  cost fulfll order  tell  hope nt turn off  promse myself  rpoff  nyone  mtter much money cost   less one week  strt receve order report  1  jnury 13th  receve 26 order report  1  red gurntee progrm   must receve  15 20 orders report  1 wthn two weeks  don  t  send  progrms untl   frst step  50  0 20  90 dy  jnury 30th  receve 196 order report   2  bck gurntee   must receve 100 orders report  2 wthn two weeks   send  progrms untl  once 100 orders  rest s esy   relx   50  0 gol    196 order  report  2  96 need  st bck relx  mrch  19th  eml 10  0  receve  58  0  every dy  py off debt buy much need cr  plese red ttch progrm  chnge lfe forever  remember  wont work nt try  progrm work  must follow exctly  especlly rule try plce nme dfferent plce  nt work   ll lose lot money  report  2 expln   20 lwy follow gurntee  15 20 order report  1  100 order report  2  50  0 20 90 dy  m lvng proof works    choose prtcpte progrm   m sorry  relly gret opportunty lttle cost rsk  choose prtcpte  follow progrm fnncl securty  fellow busness owner fnncl trouble  wnt strt own busness  consder sgn  dd  sncerely  chrstopher erckson ps de 11  700  5 bll   58  0  ple ktchen tble   s wesome   threw wy   receve progrm before  throw wy  lter wonder nt try  course  de contct copy  wt untl eml nother copy progrm  eleven month pss   ddn  t throw one wy   41  0 frst try   dwn w   evnsvlle   free lunch   lte fther lwy tell   remember  ln  free lunch lfe  lfe put   through trl error somewht slow frustrte strt  fnlly fgure  progrm work  rght trget group eml  fr  over  63  0 progrm  dd proud   ln b   phldelphum  p personl note orgntor progrm red enclose nformton over enclose progrm report  conclude progrm  one legl  crete mteur  let tell lttle myself  proftble busness ten  1979 busness begn fll off  sme thng prevously successful  nt work  fnlly  fgure  nt  economy  nflton recesson replce stble economy us snce 1945  nt tell hppen unemployment rte    mny frst hnd experence  flure bnkruptcy ever before  mddle clss vnsh  those  nvest wsely move  those  nclude those  never nythng sve nvest  move down rnk  poor    rch rcher poor  poorer   trdtonl method money never llow   move   rch   nflton  receve nformton fnncl freedom rest lfe   rsk   lttle bt effort   money next few month  ever mgne  pont penny money  nor nyone else provde testmonl progrm  lredy over four mllon dollrs  retre progrm fter send over 16  0 progrm  severl offce mrket severl progrm here us overse  sprng  wsh mrket  nternet  prtnershp merc lne  follow progrm exctly nstructed  chnge   work exceedngly  remember eml copy  excte progrm everyone  one send send 50  0    nme every one   remember though  send   potentl customer rech  frend  de  nformton  mterl opportunty become fnnclly ndependent  s    before delete progrm mlbox  lmost  lttle red relly  pencl fgure hppen prtcpte  fgure worst possble response mtter clculte  stll lot money  defntely bck nvest   20 doubt vnsh frst order  works  pul johnson  rlegh  nc here  s mzng progrm       let s decde strt smll    ll ssume those nvolve send 2  0 progrm ech  let s ssume ml receve  5  response  usng lst response much better  mny send hundred thousnd progrm nsted 2  0  contnue exmple  send 2  0 progrm   5  response  10 order report  1  those 10 respond send 2  0 progrm ech totl 20  0  those  5   100 respond order report  2  those 100 ml 2  0 progrm ech totl 200  0   5  response 1  0 order report  3  those 1  0 send 2  0 progrm ech 2  0  0 totl   5  response 10  0 order report  4  s 10  0 fve dollr bll  csh     totl ncome exmple  50   500   5000   50  0 totl  55  550     remember frend  s ssumng 1  990 2  0 ml  bsolutely nothng    trsh progrm  dre  moment hppen everyone hlf sent 100  0 progrms nsted 2  0  beleve  mny    cost prtcpte  prctclly nothng  obvously lredy nternet connecton eml free    report  3 show best method bulk eml purchse eml lst  s legtmte  legl  money mkng opportunty  requre contct  hrd work  best  never leve house except ml  beleve somedy  ll bg brek  ve wt  s  smply follow nstructon  drem true  multlevel eml order mrket progrm work perfectly    100  every  eml sle tool future  dvntge noncommerclze method dvertse   longer wt  busness eml  pece cton   multlevel mrketng  mlm  fnlly gn respectblty   tech hrvrd busness school  both stnford reserch wll street journl stte between 50   65  goods servce sell throughout multus  level method md lte 1990 s  multus  bllon dollr ndustry 500  0 mllonre us  20   100  0  fortune severl mlm  moreover  sttstcs show 45 become mllonre everydy through multus  level mrket  nstructons err ml order mrket busness  method rse cptl relly works 100  every  sure   50  0  125  0 next 20 90 dy  before  bull   plese red progrm crefully  chn letter  perfectly legl money opportunty  bsclly   multlevel busness  buld our busness recrut prtner sell our product  every stte us llow recrut multus  level busness prtner  offer product every dollr send  orders re flled through ml   nvolve personl sell  prvtely own home   store offce  gretest multus  level ml order mrket nywhere  step  1  order four 4 reports lst nme number  doth order report ech four 4 nme lst next pge  ech report  send  5 csh self  ddressed  stmped envelope  busness sze  10   person lst specfc report  nterntonl   20 order nclude  2 extr postge  essentl specfy nme number report request person order  need four 4 reports reprntng resellng  lter nme sequence nstructon  mportnt  lwy provde smedy servce order  step  2  replce nme ddress under report  1 yours  move one down report  2  drop nme ddress under report  2 report  3  move one report  4  nme ddress under report  4 drop lst prty doubt bnk   certn type nme ddress ccurtely  mx movng product  report postons    step  3  requre chnge nme lst  sve text   txt  fle s own drectory whtever eml progrm  gn  report  3 tell best method bulk eml cqure eml lst  step  4  eml copy entre progrm  mportnt  everyone whose ddress hnd  strt frend reltve snce encourge dvntge fbulous  20 moneymke opportunty  s  love  ever   eml nyone everyone  mgnton  eml ddress compny nternet speclze eml ml lst  chep  100  0 ddress round  35  0  mportnt  wn response old lst  lwy request fresh  lst  where purchse lst order four 4 reports  lwys provde smedy servce orders    requred reports    order ech report number nme    lwys send selfddressed  stmped envelope  5 usd csh ech order requestng specfc report nme number  nterntonl order nclude  2 usd extr postge   20 dd e ml ddress send report  updte nformton contnue support  optonl   hnd down sponcer                                                        report  1   250  0 through multlevel sles  order report  1   segmund  57 trkehnenstr  13 53332 bornhem  germny                                                       report  2  mjor corportons multlevel sles  j  mz 15774 s  lgrnge rd sute  312 orlnd pk  l 60462 us                                                         order report  2   segmund  57 trkehnenstr  13 53332 bornhem  germny                                                       report  3  sources best mlng lsts  order report  3  b  thompson 13504 greencslte rdge tr  404 burtonsvlle md  20866                                                       report  4  evlutng multlevel sles plns  order report  4  muw  2 po box 71442 slt lke cty  ut 841710442                                                       concluson  enjoy fortune send progrm  too  money 20 90 dy  follow smple steps outlne ml  fnnclly ndependent free  free fnncl decson never before  busness  nvestment  retre vcton   20       20
available review  massaro 98 ,carnie@linguistlist,
,freesample@elsevier,
interim summary  anthropoid linguistic ability,non12@cyber,
free web site,N/A,mproved free softwre  free bulk e ml system  free web ste  wsh  ongo support  optonl   lot   nclude  order four report   onetme messge  rndomly select receve    20 need reply remove  receve further  mlng us  nterest gret nformton  plese clck  reply   20 contct nformton messge  thnk                                                                                 lest  50  0 usd less 90 dy red enclose progrm    red gn                                                                                     der frend  enclose nformton somethng lmost let slp through fnger  fortuntely  sometme lter rered everythng study  nme chrstopher erckson  two go  corporton work pst twelve downsze poston elmnte  fter unproductve job ntervew  decde open own busness  over pst  ncur mny unforeseen fnncl problem  owe fmly  frend  credtor over  35  0  economy toll busness nt seem end meet  refnnce borrow gnst home support fmly struggle busness  truly beleve wrong debt  moment somethng sgnfcnt hppen lfe wrte shre experence hope chnge lfe forever     fnnclly    md  december  receve progrm vum eml  sx month pror receve progrm send wy nformton vrous busness opportunty  progrm receve  opnon  cost effectve  ether too dffcult comprehend ntl nvestment too much rsk work  one clm d mllon dollr one    nt tell d wrte book   december  92 receve progrm  nt send  sk  nme off ml lst  thnk goodness    fter red severl   sure red correctly  nt beleve eye   20 here moneymkng phenomenon  nvest much wnt  strt  wthout put further debt  fter pencl pper fgure  lest money bck  fter determne progrm legl chn letter  decde  why   ntlly send 10  0 eml  cost  15  0 onlne  gret thng eml nt need money prnt send progrm  cost fulfll order  tell  hope nt turn off  promse myself  rpoff  nyone  mtter much money cost   less one week  strt receve order report  1  jnury 13th  receve 26 order report  1  red gurntee progrm   must receve  15 20 orders report  1 wthn two weeks  don  t  send  progrms untl   frst step  50  0 20  90 dy  jnury 30th  receve 196 order report   2  bck gurntee   must receve 100 orders report  2 wthn two weeks   send  progrms untl  once 100 orders  rest s esy   relx   50  0 gol    196 order  report  2  96 need  st bck relx  mrch  19th  eml 10  0  receve  58  0  every dy  py off debt buy much need cr  plese red ttch progrm  chnge lfe forever  remember  wont work nt try  progrm work  must follow exctly  especlly rule try plce nme dfferent plce  nt work   ll lose lot money  report  2 expln   20 lwy follow gurntee  15 20 order report  1  100 order report  2  50  0 20 90 dy  m lvng proof works    choose prtcpte progrm   m sorry  relly gret opportunty lttle cost rsk  choose prtcpte  follow progrm fnncl securty  fellow busness owner fnncl trouble  wnt strt own busness  consder sgn  dd  sncerely  chrstopher erckson ps de 11  700  5 bll   58  0  ple ktchen tble   s wesome   threw wy   receve progrm before  throw wy  lter wonder nt try  course  de contct copy  wt untl eml nother copy progrm  eleven month pss   ddn  t throw one wy   41  0 frst try   dwn w   evnsvlle   free lunch   lte fther lwy tell   remember  ln  free lunch lfe  lfe put   through trl error somewht slow frustrte strt  fnlly fgure  progrm work  rght trget group eml  fr  over  63  0 progrm  dd proud   ln b   phldelphum  p personl note orgntor progrm red enclose nformton over enclose progrm report  conclude progrm  one legl  crete mteur  let tell lttle myself  proftble busness ten  1979 busness begn fll off  sme thng prevously successful  nt work  fnlly  fgure  nt  economy  nflton recesson replce stble economy us snce 1945  nt tell hppen unemployment rte    mny frst hnd experence  flure bnkruptcy ever before  mddle clss vnsh  those  nvest wsely move  those  nclude those  never nythng sve nvest  move down rnk  poor    rch rcher poor  poorer   trdtonl method money never llow   move   rch   nflton  receve nformton fnncl freedom rest lfe   rsk   lttle bt effort   money next few month  ever mgne  pont penny money  nor nyone else provde testmonl progrm  lredy over four mllon dollrs  retre progrm fter send over 16  0 progrm  severl offce mrket severl progrm here us overse  sprng  wsh mrket  nternet  prtnershp merc lne  follow progrm exctly nstructed  chnge   work exceedngly  remember eml copy  excte progrm everyone  one send send 50  0    nme every one   remember though  send   potentl customer rech  frend  de  nformton  mterl opportunty become fnnclly ndependent  s    before delete progrm mlbox  lmost  lttle red relly  pencl fgure hppen prtcpte  fgure worst possble response mtter clculte  stll lot money  defntely bck nvest   20 doubt vnsh frst order  works  pul johnson  rlegh  nc here  s mzng progrm       let s decde strt smll    ll ssume those nvolve send 2  0 progrm ech  let s ssume ml receve  5  response  usng lst response much better  mny send hundred thousnd progrm nsted 2  0  contnue exmple  send 2  0 progrm   5  response  10 order report  1  those 10 respond send 2  0 progrm ech totl 20  0  those  5   100 respond order report  2  those 100 ml 2  0 progrm ech totl 200  0   5  response 1  0 order report  3  those 1  0 send 2  0 progrm ech 2  0  0 totl   5  response 10  0 order report  4  s 10  0 fve dollr bll  csh     totl ncome exmple  50   500   5000   50  0 totl  55  550     remember frend  s ssumng 1  990 2  0 ml  bsolutely nothng    trsh progrm  dre  moment hppen everyone hlf sent 100  0 progrms nsted 2  0  beleve  mny    cost prtcpte  prctclly nothng  obvously lredy nternet connecton eml free    report  3 show best method bulk eml purchse eml lst  s legtmte  legl  money mkng opportunty  requre contct  hrd work  best  never leve house except ml  beleve somedy  ll bg brek  ve wt  s  smply follow nstructon  drem true  multlevel eml order mrket progrm work perfectly    100  every  eml sle tool future  dvntge noncommerclze method dvertse   longer wt  busness eml  pece cton   multlevel mrketng  mlm  fnlly gn respectblty   tech hrvrd busness school  both stnford reserch wll street journl stte between 50   65  goods servce sell throughout multus  level method md lte 1990 s  multus  bllon dollr ndustry 500  0 mllonre us  20   100  0  fortune severl mlm  moreover  sttstcs show 45 become mllonre everydy through multus  level mrket  nstructons err ml order mrket busness  method rse cptl relly works 100  every  sure   50  0  125  0 next 20 90 dy  before  bull   plese red progrm crefully  chn letter  perfectly legl money opportunty  bsclly   multlevel busness  buld our busness recrut prtner sell our product  every stte us llow recrut multus  level busness prtner  offer product every dollr send  orders re flled through ml   nvolve personl sell  prvtely own home   store offce  gretest multus  level ml order mrket nywhere  step  1  order four 4 reports lst nme number  order report ech four 4 nme lst next pge  ech report  send  5 csh self  ddressed  stmped envelope  busness sze  10   person lst specfc report  nterntonl   20 order nclude  2 extr postge  essentl specfy nme number report request person order  need four 4 reports reprntng resellng  lter nme sequence nstructon  mportnt  lwy provde smedy servce order  step  2  replce nme ddress under report  1 yours  move one down report  2  drop nme ddress under report  2 report  3  move one report  4  nme ddress under report  4 drop lst prty doubt bnk   certn type nme ddress ccurtely  mx movng product  report postons    step  3  requre chnge nme lst  sve text   txt  fle s own drectory whtever eml progrm  gn  report  3 tell best method bulk eml cqure eml lst  step  4  eml copy entre progrm  mportnt  everyone whose ddress hnd  strt frend reltve snce encourge dvntge fbulous  20 moneymke opportunty  s  love  ever   eml nyone everyone  mgnton  eml ddress compny nternet speclze eml ml lst  chep  100  0 ddress round  35  0  mportnt  wn response old lst  lwy request fresh  lst  where purchse lst order four 4 reports  lwys provde smedy servce orders    requred reports    order ech report number nme    lwys send selfddressed  stmped envelope  5 usd csh ech order requestng specfc report nme number  nterntonl order nclude  2 usd extr postge   20 dd e ml ddress send report  updte nformton contnue support  optonl   hnd down sponcer                                                        report  1   250  0 through multlevel sles  order report  1   segmund  57 trkehnenstr  13 53332 bornhem  germny                                                       report  2  mjor corportons multlevel sles  j  mz 15774 s  lgrnge rd sute  312 orlnd pk  l 60462 us                                                         report  3  sources best mlng lsts  order report  3  b  thompson 13504 greencslte rdge tr  404 burtonsvlle md  20866 us                                                       report  4  evlutng multlevel sles plns  order report  4  muw  2 po box 71442 slt lke cty  ut 841710442 us                                                       concluson  enjoy fortune send progrm  too  money 20 90 dy  follow smple steps outlne ml  fnnclly ndependent free  free fnncl decson never before  busness  nvestment  retre vcton   20       20 c  dd
thank join our mail list,N/A,sorry us long send our frst newsletter  redo  our server fster  20  unfortuntely couple month  plese vst our ste  tody   20 http    www  mllcentrl  com  20 thnk  rlene
junk mail  book linguist,lingu@plurabelle,
re  check ,N/A,der frend  greetng  hopefully nme lst below  retre ttorney  two go mn letter  letter brng bsclly sme letter hvve hnd  sk verfy letter legl  tell revew bck  frst red letter off wll de money  week hlf lter meet offc dscuss ssue  tell letter brng 100  legl dvse smll chnge  stll curous letter tell work  longshot decde gnst prtcpton  before clent leve sk keep updte result  two month lter  cll tell receve over  800  0 csh  nt beleve  suggest try de myself  couple week decde nothng lose  sk copy letter follow nstructon exctly  ml 200 copy sure enough  money strt rrve  slowly frst fter three week ml open dy  fter three month money stop  keep precse copy ernngs end three month totl  968  493  ern lve lwyer  nyone legl professon tell  lot stress job  decde try letter gn send 500 letter   three month lter  ernngs totl  2  344  178  beleve  meet old clent lunch work  one dfferent sx nme lst  fve most  fct lone result nme fr returns  fctor help ensure whole thng legl  snce nobody wnt rsk somethng llegl   ll bet curous lttle chnge tell   send letter  legl must ctully sell somethng expect receve somethng return   send dollr ech sx lst  must nclude slp pper word   plese put ml lst  enclose ml ddress  need nclude nme  legl key progrm  tem receve dollr send sx nme below letter rght ern thousnd  follow smple nstructon below exctly  three month receve over  800  0     800  0 less 90 dy    gurnteed   here s busness cptl need  ct fnclly solvent 1999   method rse cptl relly work every  100 percent   m sure money next 20 90 dy  s plese study crfully  s chn letter  perfectly legl money opportunty cost couple roll stmp  ml lst sx buck  follow nstructon exctly receve  800  0 csh busness mnd ndvdul yourself  1  mmedtely send  1  0 ech nme below  note request dd ml lst  s mportnt step mkes system legl 2  omt nme number 1 poston move ech nme one plce  number 2 become number 1  number 3 become number 2  4 become number 3 etc   put own nme ddress sxth poston  esy type sx nme  own nme number sx  seprte sheet pper tpe over re where nme prnt   3  prnt 200 copy pge lst nme crete  nme sxth poston  plce current lst nme  4  purchse ml lst dtlne co  ml lst seller  most nme lst sell 200 nme  26  0  best prt lst nme selfdhesve lbel esly peel stck envelope  cll 1800  4972912     ml lst vlble lst ssoctes 1888  3592621 mlng lsts 954742  9519  check nternet ml broker  5  whle wt ml lst rrve  plce ech 200 copy busness sze envelope sel  post offce purchse 200  32 cent stmp plce envelope  put return ddress envelope    pek curosty recpent  6  once lst rrve  plce ddress lbel ech 200 envelope drop mlbox  wthn 20 90 dy receve over  800  0 csh  yours  nterest prt   s 7  5  response rte  conservtve  s possble rech mount every   frst prtcpte response rte 9  5   second over 11  7  keep letter mny wsh  usng ddress send rse response rte wsh contne receve cptl    system purpose ccumulte cptl fst honestly  once gn  s chn letter  perfectly legl  refer ttle 18  secton 1302 1341 unte stte postl lottery lw   send 200 copy letter  ech responsve ndvdul send 200 copy send  1  0  thereby multplyng fortune rpdly  exmne chrt system s best merc rsng cptl      ml 200 letter  multply 7  5  return rte  15   15   15 ml 200 letter x 7  5   225   225   225 ml 200 letter x 7  5   3375   3375   3375 ml 200 letter x 7  5   50  625   50  625   50  625 ml 200 letter x 7  5   759  375   759  375    pont nme drop off lst  fr  ve receve  813  615     sure ml  1  0 ech teh sx nmes lst  1  john sln 100 deseret dr   psco  w 99301 2  elzbeth pott 7714 west jenn dr  peorum  z 85345 3  lvond wlton 4005 prkwy pt   11  temple hll  md 20748 4  murry mcnel 316 rchel trl  st  peter  mo 63376 5  joseph swenson 544 1  2 7th ve w   klspell  mt 59901 6  suzy krogmn po box 802167  snt clrt  c 91380 system gurntee work 100 percent rse cptl   remove nme sde one number one poston  cover ttle 18 u  s  postl lw  best prt wn hurt nyone   100 prtcpte  legl  money honestly strt tody
msu syntax position,N/A,content  length  1063 deprtment lngustc germnc  slvc  sn  frcn lnguge mchgn stte unversty nvte pplcton temporry poston ssstnt professor level lngustc  pend pprovl provost  begn ugust 1995  reserch tech speclzton syntx  responsblty nclude tech grdute undergrdute course  cpblty tech gb  mnmlst theory prtculrly desrble  ph  d  ppontment  revew pplcnt begn mrch 20  1995 contnue untl poston fll  send letter pplcton  vt  nme three reference  representtve reserch  publcton  u  s  vs sttus nonctzen  ptrcum pulsell  ctng chr  deprtment lngustc germnc  slvc  sn  frcn lnguge  617 hll  mchgn stte unversty  est lnse  m 488241027  cnddte keep nform progress serch  hndcpper rght request receve resonble ccommodton  msu   eoe nsttuton
conference feb  1  4 msu  moscow,N/A,lomonosov stte unversty moscow phlologcl fculty nterntonl conference  lngustc end xxth century  chevment perspectve   februry 1  4  1995  bref progrm rrvl prtcpnt  jnury 31  1995  regstrton prtcpnt  jnury 31  15  20 februry 1  9  10 ddress  119 899 russum  moscow  vorobjovy gory  mgu  1  st buld humnty  locton  metro stton  unverstet    lmt  30 mnute plenry tlk 20 mnute secton tlk 10 mnute report februry  1  10  0  13  30  plenry meetng  chr   e  kbrk  t   komov  russum  m  l  remnyov  russum    e  kbrk  russum   p  serot  frnce   d  geererts  belgum   d  gl  sngpore   e  s  kubrykov  russum   15  0  18  30  secton  hstory lngustc  chr  v  s  vnogrdov g  p  melnkov  l  murzn  v  rudelev  z  gbun   krvnov  n  bokdorov  s  uroux secton   generl problem  chr  r  m  frumkn p  prshn  d  pllrd  v  gk   g  nosenko  l g yun  d  cvr  g  fnselow  c  de groot  e  klobukov  v  m  pvlov secton v  morphology  chr  s  p  lopushnsky e  sdorenko  o  rudelev  s  prvednkov  n  sptr  v  n  shmelev  g  pnov  b  ostrovsky   l  shrndn secton v  syntx  subsecton v  1   chr  o   lptev v  s  yurchenko  s  kselev  n  ndrmonov  t  volynets  s  rylov  yu  krzhyev secton v  syntx  subsecton v  2   chr  c  v  chvny t  jnko  t  grnt  r  benccho  t  komov  l  yermolyev   muzfrov  e  rudntsky secton v  semntc  chr  e  m  chekln v  gurevch  b  y  gorodetsky   v  bondrko  l  kprlov  v  borschev   olshnsky   b  shtunovsky  l  leschev secton x  prgmtc  chr  f   ltvn e  sdorov  g  bogn   susov  t  lsov  m  l  mkrov  m  vsevolodov  g  neschmenko  v  zbotkn secton x  comprtve lngustc typology  ch   v  khrkovsky v  tomshpolsky  m  kptn  k  krsukhn  v  degtyrev   v  shrokov  s  gdzhev   gulmgomedov  g  klmov  s  pvds secton xv  psycholngustc  chr  l  v  skhrny n  lepsky  v  belynn   rkhpov  v  volkov  v  dolnsky  n  mechkovsky  d  spvk secton xv  ethnolngustc  chr  l  g  bbenko m  kronguz  shxu  n   tolstoy  s  m  tolsty  o  nktn  l  ndreev  n  gynulln februry  2  9  40  13  30  plenry meetng  chr  p  serot  frnce  f  plnk  germny   r  d  vn vln  jr   us   g  g  corbett  gret brtn   f  j  newmeyer  us   v  m  lptov  russum   15  0  18  30  secton  hstory lngustc  chr  l  n  murzn  g  shrokov  n  bokdorov  n  rogov    zrysky  m  belnger  v  vnogrdov secton   generl problem  chr  o  g  revzn v  demjnkov  m  k  sbneev  m  kosrk  l  cherneyko  o  kmensky  v  bogdnov  o  revzn  r  zbrov secton v  morphology  chr   v  bondrko e  petrukhn  m  y  chertkov  yu  knyzev  l  m  lokshtnov  f  fc gust   lvnov  e  remchukov secton v  syntx  subsecton v  3   chr  b   brmov l  sergevsky  v  furshov  l  ospov  r  d  kuznetsov  j  brenbum  e  fv  l  prvkov  v  lzrev secton v  syntx  subsecton v  4   chr  n  n  kholodov zh  mokurnguoll  v  noschenkov  sh  khdov  vn lgn  e  lrn  e  kormltsev  t  khlmurtov  s  k  bolotov   lnjzov secton v  semntc  chr  v  v  gurevch l  g  vslyev  v  l  e  chekln  s  chernov  o   mkhlov  e  fotynov  v  ksevch  e  crest secton x  lexcology lexcogrphy  chr  s  d  shelov  lykov   khovlkn   sentenberg   polkrpov   zlobn  g  petrov   ndreevsky   brnov  d  dobrovolsky  m  mkhylov  y   f  nosovch secton x  text lngustc dscourse nlyss  ch   e  pduchev s  gndn  z  turev  e  gonchrov  v   yugnov  v  konev  n  g  komlev  s  gspryn secton x  prgmtc  chr   p  susov f  ltvn  n  mronov   romnov  o  emelynov  k  v  kuru  o  munglov  n  med sec  x  comprtve lngustc typology  ch   v  tomshpolsky e  squres  v  khrkovsky  n  kozntsev   shyhulov   kukln  v   vnogrdov secton xv  psycholngustc  chr  s  n  tseytln t  vzel  l  v  skhrny   khrolenko  l  murzn   cherepnov  l  zbrodn  t  vedshkn   ovchnnkov secton xv  socolngustc  chr  v   plungyn v  p  neroznk  e  grgoryn  l  chumk  m  breter  n  gdzhkhmedov  e   kondrshkn   gulmgomedov  v  porkhomovsky secton xv  ethnolngustc  chr  s  m  tolsty l  bbenko  y  kzrn  v  khmk  t  g  fedotovskkh  v  d  chernyk   p  shshkn secton xv  computtonl lngustcs  chr   n  brnov l  kolodyzhny  o  zvegntsev  s  lesnkov  r  m  gsn  e  kozerenko  e  oleynkov  l  snzhrov  z  m  shlypn  o  zgorovsky  t  s  zevkhn secton xx  lnguoddctc  chr   m  mgdov m  zdorozhny  o  polykov   mnov  e  solodukho   nechev  t  b  nzrov  e  krzhyev februry  3  9  40  13  30  plenry meetng  chr  b  comre  us  b  h  prtee  us   r  m  frumkn  russum   j  pnto de lm  portugl   l  renz  tly    mustjok  fnlnd   15  0  18  30  secton   generl problem  chr  v  z  dem  jnkov o  lptev   zelenetsky  l  buynov  l   glnkn  v  bzylev  g  ushkov    krllov  t  g  khzgerov secton v  phonetc  chr  l  v  bondrko s  kodzsov  l  v  zltoustov  o  krvnov  r  potpov  g  bubnov  l  lebedev  n  znovev secton v  morphology  chr  v  m  lptov n  boldyrev  t  kyldybekov  r  gzzov  g  gfrov  s  lopushnsky  d  brown  e  ltbyev  s  sgnorn  n  tupkov  t  b  shemelev secton v word  formton morphophonemc  ch     kuznetsov  veprev   hppsley  v  nemchenko   kretov   voronn  g  nkolyev  o   blnov  e  bllykn  e  korykovtsev  z  khrtonchk  l   kuzmn  n  golev secton v  syntx  subsecton v  5   chr  v  s  yurchenko n  kholodov  l  kovntsev  e  lrn  t  lobnov  n  mozglov  t  monn   smrnov   stepnov secton v  syntx  subsecton v  6   chr   m  kobozev c  v  chvny    m  d scullo  ch  wlder  m  ydroff   crdnlett  m  strke  g  zybtov  g  ferrres secton v  semntc  chr  b  y  gorodetsky n  b  pmenov  m  pmenov  t  v  mrkelov  k  bbok  m  lronov  l   chernov  l  syev   fktorovch  v  degtyrev  y  pnygn secton x  lexcology lexcogrphy  chr   g  lykov s  d  shelov  s  kushneruk  m  volodn  l  shestkov   lptov  e  kovlyov  e  vnov   vnov  e  v  senko    nbebn  v  v  zhlzov sec  x  text lngustc dscourse nlyss  ch   s   gndn l  grnovsky  l  bednrsky  s  sytkovsky  e  v  pduchev  o  lexndrov  e  mendzhertsky  m  bjorklund  s  gorelkov secton x  prgmtc  chr  g  p  neschmenko z  mtrofnov  v  m  rnshten  g  g  khzgerov  o  b  chbsov  s  lekseev  l  zybtov  o  polyk secton x  cogntve lngustc  chr  e  s  kubrykov  cenk  j  luchjenbroers  y  pnkrts    kbrk   m  kobozev   r  rmeyev  e  r  lssn   b  stern secton xv  psycholngustc  chr  n   lepsky s  n  tseytln  n  v  khln  n  mosechuk  t  bzzhn  e  kurzner  m  voeykov  yu  krskov  e  n  sokolov secton xv  socolngustc  chr  v  y  porkhomovsky v  kozhemykn  m  grchev   turbn  e  beregovsky  n  mrscho  g  romnov  t   fesenko  s  dubnn  r  neuweboer secton xv  ethnolngustc  chr  v  v  khmk   pushkrev  r  komrov  t  rdbl  n  sulmenko  e  v  sfn  n   suklenko  l  gusev secton xv  mnorty lnguge  chr  v  p  neroznk   kuznetsov  o  revsky  d   edelmn   flleev  t  kluyev  w  wnter  o  kzkevch secton xx  lnguoddctc  chr  t  b  nzrov v  vrmov  o  smrnov   mets  h  vssk  e  borsov   morozov februry  4  9  40  13  30  secton   generl problem  chr  v  g  gk n  routyunov  e  s  lebedev   brtoshevch  n  kudrn  n  blokhn  n  kholodov  j   poupynn sec    lngustc xxst century  ch   t  m  nkolyev  e  kbrk   dulchenko   kretov   krvonosov   leontev  u   sorokn  r  potrovsky secton v  phonetc  chr  l  v  zltoustov m  revsky  c  sppok  v  lublnsky  l  v  bondrko  l  zubkov  p  skreln  v   kuznetsov secton v  morphology  chr  e  v  klobukov d  yelovkov  n  d  kruchnkn  m  vezerov  e  svern  o  romnov   kopelovch  v  kulpn  l  vnell secton v  syntx  subsecton v  7   chr  y  g  brenbum e  grgor  yn  v  sergeev   joev  s  postnkov   m  chepsov secton v  syntx  subsecton v  8   chr  n   ndrmonov l  bogdnov  b  brmov   vlsov  g  k  khmzn  s  kbnov secton x  lexcology lexcogrphy  chr  v  p  belynn n  lefrenko  t  z  cherdntsev   butenko  v  ddkovsky  o  y  mshn   zhukov  e  e  vnov   khusnutdnov  v   kuzmenkov sec  x text lngustc dscourse nlyss  ch   o  v  lexndrov v  lo csco  yu  zotov  v  krsnykh  v  medvedkn  l  luzn  z  krmnov  b  v  krvenko  e  nzhegorodov  m  subbotn secton x  cogntve lngustc  chr  y  g  pnkrt m  monegl  m  rbov  l  grshyev  g  g  gzdtov  l  shelykhovsky   bdulfnov  e  v  pokrovsky  v  plungyn  e  rkhln  15  0  19  0  plenry meetng  chr  g  corbett  gret brtn   j  s  gruber  cnd   b  comre  us   j  vn der uwer  belgum   c  lehmnn  germny   t  nkolyev  russum
sum  reference   though    ,izzy@telaviv,
summ dialect bible translation,ryberg@casbah,
english   versus  ,N/A,someone drect lterture concern semntcs englsh   contrst englsh    course  detl relevnt lterture del lnguge englsh most welcome  pprecte eml drectly  post summry pproprte  mny thnks dvnce   shrvn vsshth unversty ddress  dept  lngustc  osu  1712 nel ve   columbus  oh 43210   us  offce phone   1614   2923802 home  prefer ml  ddress  549 hrley drve  10  columbus  oh 43202   us  home phone  fx   1614   2688217
personal message     ,success@sparrow,
did right email address ,N/A,show money               problem  shre unque opportunty strt successful busness exst one heght  dvntge follow brekthrough knowledge mrket trend  soon dscover rt     relly money nformton superhghwy   lredy mrket product onlne  mybe even szeble proft  whtever cse  mtter successful rght  guess bnk ccount stll overflow money less work pek nterest  fct 1  nyone hs drve succeed ctully szble proft nternet  fct 2  few re wllng ctully  fct 3  re crzy   serously frend    why wnt pss extremely vluble money opportunty  mny mrket nternet humn spre   much lern    cnt even check e  ml  ever lern enough nternet money   quote  fct mny cse us true  welth nformton nternet  mrket   sell   unless  become endless mze ded end wste      provde ncredble mrket pckge encompss   nformton need success nternet  phenomenl pckge nclude detled nternet secrets  nt hold nythng bck  here folks     expln detl proft nternet exploson  whether busness own wnt strt one  s fll over 45 pck pge revel secret electronc mrket mny onlne mrketer don  t wnt  nterest  let expln  rght over eghty mllon surf nternet  2000  fgure expect double  mny nternet  smrt  net  repreneur s dvntge  term true commercl pplcton  excte medum offer  nternet present one best money ever ntroduce  dy opportunty present messge eghty mllon  s rght    eghty mllon  one multus mllon dollr dvertsment rech super bowl  reson mny busness scrmble presence nternet  nternet let rech  let ptch product servce  mens bllty sell   sell   sell   resurce need excellent money  men excellent money    consder possbltes  wke ech morn lesure put pot coffee  sp cup hot  brew  sunter over turn computer   montor glow dm brght  nqury sort request offer  lter  fter fnsh red nqury  stroll mlbox  fll letter cross world  s even better though  letter flled money  csh  check  money order   fter tlly totl  nywhere between  200  1  0 nt even one o  clock fternoon   boss  trffc  nnoy co  worker  nt feel gret wke morn excellent money nt leve house    nt lfe fr less complcte  truth  one those become fnnclly ndependent vum nternet  best prt s    doesn  t requre lot money   requre knowledge   where  where help  here nturl nstnct  provde knowledge begn ern substntl ncome computer vum  nformton superhghwy   remember overwhelm nternet seem frst ntroduce  relze mrket proft potentl nternet hold  relly de pursue  our thrst nswer knowledge  purchse everythng nformton   where  spend thousnd dollr  work nt  where  our serch  complete pcket nformton our queston  why decde wrte report  comple every prove method secret lern long one complete  esy understnd report  proven report belever skeptc  sound too true  s   untl receve report themselve esy money net  check stsfy customer    h n  receve report free bonus sturdy wnt congrtulte job  red through report  proft nternet   m mpress  buy book mnul onlne mrket  drect mrket  e  ml  ml order  etc  yours one expln subject esy understnd lnguge  fnlly secret  ve  once gn  gret job  sncerely  john strnd  stsfy customer fther lwy tell   remember  mchele  free lunch lfe  lfe put   through trl error somewht slow frustrte strt  purchse report fnlly fgure strt proftble busness home  report gret  verge person tool secret succeed  dd proud  cnt thnk enough   mchele b oregon morn  hope  receve progrm yesterdy fter  noon red cover cover  put together vluble resource ndeed  fnlly progrm tell  progrm tool need succeed  progrm truly end best  39  95 ever spend  best   m mnul nternet bble   thnk mllon  best regrd  mry w flord whom concern   m usully frst person wrte negtve crtcsm product   consumer dvocte  columnst respect newspper  tell truth  order product expose nternet scm   red through mnul  dscover truly vluble nformton compny put together  ffordble prce  rre  complnt columnst  revew  frst  need tell mnul put together outstndng    wnt few strt busness net  dethly scre step strt  dscover mnul put tp secret work  nt ble keep order  s second month    cnt wt where sx month  thnk  rck johnson lbm wonderful opportunty  urge dvntge  wn too mny wy secret   mjorty rch tody copy someone else  offer   chnce copy our success   esy re rel  here s lttle ncentve check     order wthn 3 dys  send      free  400 bulk eml softwre         free  200 check phone  fx  e  ml softwre         free  10 clle crd         plus     send lst over 100 mjor serch engne redy surf nternet plce free lnk web pge   receve lst 98 best nexpensve newspper dvertse  u  s  order   lst complete ppers nme  cty  phone number  crculton frequency  dly weekly   nclude fve free bonus report nclude topc  protect pc vrus 300  qulty prospect e  ml weekly tp secret dvertse mjor onlne servce s wrong world wde web tx dvntge home busness owner  fve report themselve worth thousnd dollr  bonus lone worth severl cost report  secret lst over 1500 best web ste where plce free dvertsement  lst every dy run our busness  mgne gret offer free   re through  order rght  15 free  report  free mrket sell nternet through ml order  1530 ech  4560 nformtonl pck pge ech  gret strt own net bse busness  topc  1  ern extr dollr home bse nswer mchne 2  buy cr bd credt 3  thousnd dollr wnn contest 4  u  s  government ucton sle 5  nsder s gude obtn grnt money 6  home bse busness fun proft 7  job fst 8  money wthout leve house 9  turn hobby photogrphy thousnd 10  money grge sle  swp meet  fle mrket 11  pd wtch tv 12  gett strt theter  televson  movy 13  trust  cse lve trust 14  work federl government 15  wrte lmost nythe pd  50  0 eml ddresses free s rght  our best prvte lst 50  0 eml ddress  lst ddress put through our remove undelverble lst fresh responsve  constntly dd ddress  bsolutely best 50  0 eml ddress ever hnd  br none   plese note  bonus frst 50  nt wt     probbly yourself  wonderful  much   149  95   99  95 mybe even  79  95  compny mrket   nformton nternet chrge prce  ctully buy pckge prce  why  wnt mrket product servce  rght  nternet   proft nternet  esly sell bove prce  however  feel rther help those blty py prce order successful  why offer  proft nternet  low prce  39  95  s rght  typo     39  95  sell pckge much hgher prce recent pst force rse prce ner future  one thng lern course constntly test mrket  currently prce test phse mrket cmpgn  july 1st  1998  rse prce pckge bck  49  95 eventully  79  95 test upscle mrket  ct quckly  opportunty mterl tody unbelevble low prce  39  95  stll skeptcl    let put rest rght  completely rsk free  100  stsfy nformton receve  beleve cnnot strt successful busness ncrese current busness proft  return wthn 30 dy refund money  queston sk   re nut   show confdent  ll delght nformton  ll    lredy nformton money  surprse quckly ern money nternet   serously nterest lern cqure welth onlne  ct   wn long  prnt form ml ddress below   39  95 csh  check  money order credt crd nformton  nturl nstnct 4676 commercl st  se sute 201 slem  oregon 97302 thnk       plese prnt order form ml long pyment                                                                             order form                                                                         nme                                                       ddress                                                    cty                        stte           zp           webste ddress                                             delver  proft nternet  follow eml ddress  eml ddress                                              plese note  order must nclude eml ddress ncse encounter problem process  50  0 eml ddress send eml  re code phone number  dy                   even                            prefer report dsk  plese check here  plese nclude ddtonl  3  0 shp hndle  thnk   resde outsde unte stte  plese nclude  2  0 extr  plese check one follow     m order wthn 3 dy  plese send free softwre   10  0 cll crd  15 report   proft nternet  free bonuses nclude 50  0 eml ddress unbelevbly low prce  39  95 tody     m order wthn frst 3 dy receve letter  gree py  39  95  proft nternet  tself  less bonus pckge   nternl code 138702  code must order form process    pyment method    check   csh   money order   credt crd  plese sure nclude ml ddress bove    vs   mstercrd   mercn express   dscover nme credt crd                               nme pper crd                                   crd number                                    exprton det             sgnture crd holder                                                                                                     mlorder work  nyone mgnton  determnton  wllngness study experment lttle dffculty strt  number most successful onemn operton obtn ncome hgh  40  0  100  0    u  s  deprtment commerce                                                                         mrket s here  tody  dvntge      fter receve report   ll nswer queston permt vum eml   m forwrd help succeed
95  8 capital fm,N/A,http    cptlfm  com  brts vote  plce cst vote best sngle   golden globes  gltz glmour  lttle oscr    911  wn sgn copy sngle preorder lbum   showtme onlne  nsde trck s us   ultr  wn sgn copy lbum   brtney spers  us teen str nswer queston   dj spotlght  mrghert tylor                                                                       brts vote  plce cst vote best sngle  plce where cst vote onlne offcl brts best sngle  sure voce her count   golden globes  gltz glmour  lttle oscr   move ctor wn golden globe usully end wn oscr  frst wnner check ste sundy   911  wn sgn copy sngle preorder lbum  sgn copy number one sngle  lttle bt  yours wn our competton  preorder lbum sure copy soon s relese   showtme onlne  nsde trck s us  frst s us ctch mss our str gllery fll behnd scene pcture udo clp   ultr  wn sgn copy lbum  debut lbum london bse ultr yours wn our competton  ste try luck   brtney spers  us nswer blle rocket bllbord chrt   ll here februry nswer queston   dj  week dj under spotlght mrghert tylor  red our golden grl  much  much http    cptlfm  com                                                                     nt wnt receve eml  clck follow lnk remove ddress our ml lst  http    cptlfm  com  unsubscrbe                                                                     dvertsement book  vst mzon  co  uk 40  off thousnd populr book  book wnt seconds uthor  ttle subject  order one clck mouse  choce over mllon book  nclude hundred thousnd us ttle   re bnd book  re  clck lnk yourself  http    www  mzon  co  uk  exec  obdo  redrecthome  cptlmluk1                                                                     dvertsement wnt wnner  competton zone  where everyone where mny before    pub tours  cnem tcket much  lwy excte competton pper competton zone  stll here  clck below enter one fbulous competton prze wt wn  http    cptlfm  com  compzone                                                                      dvertsement trust cptl brng best  shop nt smpler shop  com  nterflor send flower love one  ornge keep touch  nnovton touch tomorrow elonex brng tomorrow s world  tody  s plce ltest nd gretest servce product  clck lnk below shop frst choce  http    shop  com
avail review,carnie@linguistlist,
freshest email  address   pro newbie ,'@',
